municipality_name,date,temp_mean_c,temp_min_c,temp_max_c,humidity_mean_pct,rainfall_sum_mm
Nabunturan,2023-01-01,23.90,21.80,25.60,92.00,14.60
Nabunturan,2023-01-02,24.20,23.00,26.20,92.00,53.90
Nabunturan,2023-01-03,24.60,22.40,28.50,90.00,33.90
Nabunturan,2023-01-04,24.90,22.90,27.20,91.00,8.00
Nabunturan,2023-01-05,25.20,23.00,30.50,89.00,16.00
Nabunturan,2023-01-06,25.90,22.90,31.30,83.00,2.20
Nabunturan,2023-01-07,23.90,22.80,25.10,93.00,33.20
Nabunturan,2023-01-08,23.90,22.40,26.20,90.00,17.00
Nabunturan,2023-01-09,24.70,23.00,26.90,90.00,10.70
Nabunturan,2023-01-10,24.90,22.90,27.40,89.00,9.60
Nabunturan,2023-01-11,25.10,22.80,28.90,89.00,15.80
Nabunturan,2023-01-12,24.70,23.00,27.00,91.00,9.10
Nabunturan,2023-01-13,25.50,23.00,29.50,88.00,8.10
Nabunturan,2023-01-14,24.70,23.20,27.40,92.00,22.90
Nabunturan,2023-01-15,25.60,23.20,30.50,89.00,8.00
Nabunturan,2023-01-16,25.50,22.60,30.70,89.00,7.30
Nabunturan,2023-01-17,25.50,22.40,30.80,88.00,12.10
Nabunturan,2023-01-18,25.50,21.60,30.90,88.00,14.70
Nabunturan,2023-01-19,26.20,22.60,31.60,84.00,3.50
Nabunturan,2023-01-20,26.10,23.10,30.10,82.00,0.50
Nabunturan,2023-01-21,25.00,22.90,28.90,87.00,15.90
Nabunturan,2023-01-22,23.70,22.60,25.20,93.00,51.10
Nabunturan,2023-01-23,24.60,22.60,27.90,90.00,30.10
Nabunturan,2023-01-24,24.90,22.90,29.00,89.00,30.80
Nabunturan,2023-01-25,24.50,22.60,27.40,85.00,9.00
Nabunturan,2023-01-26,24.70,22.60,27.30,88.00,22.30
Nabunturan,2023-01-27,25.40,23.00,30.50,88.00,6.80
Nabunturan,2023-01-28,26.40,22.90,31.50,81.00,0.30
Nabunturan,2023-01-29,24.70,23.20,27.40,89.00,16.30
Nabunturan,2023-01-30,25.20,23.00,29.10,90.00,16.70
Nabunturan,2023-01-31,25.80,22.90,29.80,87.00,1.20
Nabunturan,2023-02-01,26.30,23.00,31.80,81.00,0.50
Nabunturan,2023-02-02,26.30,23.10,30.90,81.00,2.90
Nabunturan,2023-02-03,26.20,23.00,30.70,80.00,0.40
Nabunturan,2023-02-04,25.20,22.80,28.70,87.00,11.40
Nabunturan,2023-02-05,24.70,22.20,29.00,89.00,24.40
Nabunturan,2023-02-06,25.40,22.60,29.90,85.00,9.30
Nabunturan,2023-02-07,25.30,22.90,29.80,85.00,3.80
Nabunturan,2023-02-08,24.80,22.50,29.00,85.00,4.10
Nabunturan,2023-02-09,25.30,22.10,29.80,84.00,2.70
Nabunturan,2023-02-10,25.80,22.00,31.40,81.00,1.00
Nabunturan,2023-02-11,26.00,22.80,29.90,82.00,2.00
Nabunturan,2023-02-12,26.10,23.20,31.00,79.00,1.60
Nabunturan,2023-02-13,24.60,23.20,25.80,90.00,10.30
Nabunturan,2023-02-14,24.40,22.90,27.10,92.00,60.70
Nabunturan,2023-02-15,25.30,22.90,29.20,86.00,40.50
Nabunturan,2023-02-16,25.20,22.90,29.20,85.00,8.10
Nabunturan,2023-02-17,24.20,23.00,25.80,89.00,10.20
Nabunturan,2023-02-18,25.40,23.10,30.00,87.00,37.40
Nabunturan,2023-02-19,26.40,22.50,31.00,82.00,0.10
Nabunturan,2023-02-20,26.10,22.80,31.10,85.00,11.10
Nabunturan,2023-02-21,25.80,22.80,31.60,88.00,25.10
Nabunturan,2023-02-22,25.40,22.50,31.50,88.00,12.90
Nabunturan,2023-02-23,27.00,23.00,32.20,80.00,1.00
Nabunturan,2023-02-24,26.40,22.50,30.80,83.00,2.40
Nabunturan,2023-02-25,26.40,23.10,32.50,82.00,2.20
Nabunturan,2023-02-26,26.10,23.20,29.70,82.00,2.00
Nabunturan,2023-02-27,26.60,23.10,31.20,79.00,0.60
Nabunturan,2023-02-28,26.30,23.20,30.80,82.00,2.30
Nabunturan,2023-03-01,26.20,23.00,31.20,84.00,6.00
Nabunturan,2023-03-02,25.30,22.70,29.60,83.00,4.00
Nabunturan,2023-03-03,25.40,21.00,29.80,77.00,0.00
Nabunturan,2023-03-04,24.80,23.00,27.00,86.00,8.30
Nabunturan,2023-03-05,26.10,22.30,30.70,81.00,2.80
Nabunturan,2023-03-06,25.30,20.70,30.10,84.00,3.70
Nabunturan,2023-03-07,25.00,22.80,28.00,87.00,7.70
Nabunturan,2023-03-08,26.60,22.60,31.80,80.00,0.50
Nabunturan,2023-03-09,26.30,23.20,30.50,81.00,1.70
Nabunturan,2023-03-10,26.70,21.60,31.70,76.00,0.00
Nabunturan,2023-03-11,26.30,21.90,31.80,78.00,1.80
Nabunturan,2023-03-12,25.80,22.40,29.50,83.00,5.50
Nabunturan,2023-03-13,25.20,22.90,29.40,86.00,20.60
Nabunturan,2023-03-14,23.90,22.80,26.30,90.00,13.20
Nabunturan,2023-03-15,26.10,21.50,31.90,81.00,1.20
Nabunturan,2023-03-16,25.80,22.20,31.00,86.00,11.60
Nabunturan,2023-03-17,26.20,23.40,31.20,84.00,3.50
Nabunturan,2023-03-18,25.70,23.00,30.50,86.00,5.40
Nabunturan,2023-03-19,26.40,23.00,31.50,85.00,12.50
Nabunturan,2023-03-20,26.90,23.40,31.50,78.00,0.20
Nabunturan,2023-03-21,26.90,22.10,32.80,76.00,0.00
Nabunturan,2023-03-22,26.40,21.50,31.00,80.00,0.60
Nabunturan,2023-03-23,25.80,21.30,31.50,85.00,13.40
Nabunturan,2023-03-24,26.50,22.50,31.80,86.00,9.60
Nabunturan,2023-03-25,27.00,23.60,31.50,81.00,2.10
Nabunturan,2023-03-26,27.40,23.40,32.20,78.00,0.70
Nabunturan,2023-03-27,26.60,23.40,31.10,81.00,4.70
Nabunturan,2023-03-28,25.90,23.80,29.50,85.00,27.50
Nabunturan,2023-03-29,25.30,22.50,30.10,88.00,14.00
Nabunturan,2023-03-30,25.90,22.90,30.50,87.00,34.80
Nabunturan,2023-03-31,25.30,22.80,28.30,89.00,11.30
Nabunturan,2023-04-01,25.30,22.80,30.50,89.00,9.10
Nabunturan,2023-04-02,25.70,23.20,30.30,88.00,15.90
Nabunturan,2023-04-03,26.00,22.00,31.10,85.00,3.10
Nabunturan,2023-04-04,26.20,20.80,31.80,78.00,0.40
Nabunturan,2023-04-05,25.60,22.50,30.30,85.00,15.40
Nabunturan,2023-04-06,26.80,22.60,31.20,76.00,0.50
Nabunturan,2023-04-07,26.70,22.40,32.20,78.00,0.20
Nabunturan,2023-04-08,26.70,23.60,31.50,80.00,3.40
Nabunturan,2023-04-09,26.00,23.20,31.00,84.00,8.30
Nabunturan,2023-04-10,25.70,21.80,29.10,84.00,1.70
Nabunturan,2023-04-11,26.60,22.20,32.20,81.00,0.70
Nabunturan,2023-04-12,27.70,24.00,32.90,76.00,0.20
Nabunturan,2023-04-13,27.70,24.50,32.50,81.00,1.50
Nabunturan,2023-04-14,26.80,24.00,30.90,85.00,7.70
Nabunturan,2023-04-15,26.30,23.80,31.70,88.00,17.00
Nabunturan,2023-04-16,26.40,22.50,33.00,85.00,0.80
Nabunturan,2023-04-17,26.40,23.20,31.90,86.00,12.60
Nabunturan,2023-04-18,26.90,22.20,32.30,82.00,0.60
Nabunturan,2023-04-19,27.20,21.90,32.50,82.00,0.50
Nabunturan,2023-04-20,27.40,24.40,32.10,82.00,0.70
Nabunturan,2023-04-21,26.60,24.00,32.30,85.00,4.50
Nabunturan,2023-04-22,26.50,23.80,33.00,85.00,12.30
Nabunturan,2023-04-23,26.70,22.90,32.00,85.00,3.10
Nabunturan,2023-04-24,27.70,23.40,32.70,79.00,0.40
Nabunturan,2023-04-25,27.60,21.90,33.70,75.00,0.00
Nabunturan,2023-04-26,27.50,21.80,32.80,74.00,0.50
Nabunturan,2023-04-27,27.30,21.70,31.80,78.00,3.60
Nabunturan,2023-04-28,28.70,24.00,34.00,71.00,0.30
Nabunturan,2023-04-29,27.20,24.70,32.30,82.00,18.50
Nabunturan,2023-04-30,26.30,23.90,31.60,88.00,17.00
Nabunturan,2023-05-01,26.90,23.10,31.50,82.00,5.40
Nabunturan,2023-05-02,25.80,24.00,30.40,91.00,37.50
Nabunturan,2023-05-03,26.80,23.10,31.10,85.00,4.20
Nabunturan,2023-05-04,26.70,23.50,31.70,86.00,1.90
Nabunturan,2023-05-05,26.40,23.60,32.00,88.00,13.20
Nabunturan,2023-05-06,26.50,23.30,32.30,87.00,26.00
Nabunturan,2023-05-07,27.70,23.00,32.90,80.00,1.80
Nabunturan,2023-05-08,28.20,24.10,33.50,79.00,0.10
Nabunturan,2023-05-09,27.90,23.40,33.10,80.00,0.70
Nabunturan,2023-05-10,27.80,23.80,32.70,80.00,2.00
Nabunturan,2023-05-11,27.40,24.00,32.80,82.00,1.10
Nabunturan,2023-05-12,27.50,24.10,33.00,82.00,2.50
Nabunturan,2023-05-13,27.70,23.90,33.70,83.00,6.00
Nabunturan,2023-05-14,26.90,23.80,33.20,85.00,17.90
Nabunturan,2023-05-15,26.30,23.00,32.20,87.00,7.30
Nabunturan,2023-05-16,26.70,23.40,32.70,85.00,5.00
Nabunturan,2023-05-17,26.90,22.50,32.50,85.00,3.90
Nabunturan,2023-05-18,27.20,23.10,33.80,82.00,8.60
Nabunturan,2023-05-19,26.10,23.30,30.10,89.00,26.50
Nabunturan,2023-05-20,26.00,22.40,31.60,88.00,5.30
Nabunturan,2023-05-21,26.60,23.80,31.60,89.00,50.60
Nabunturan,2023-05-22,26.80,24.00,32.50,87.00,15.90
Nabunturan,2023-05-23,26.60,22.90,31.20,85.00,19.80
Nabunturan,2023-05-24,26.30,22.90,30.50,88.00,7.10
Nabunturan,2023-05-25,26.80,23.90,31.40,88.00,21.10
Nabunturan,2023-05-26,26.70,24.00,32.20,87.00,10.40
Nabunturan,2023-05-27,26.80,23.50,32.00,84.00,8.60
Nabunturan,2023-05-28,27.50,23.90,31.20,79.00,0.90
Nabunturan,2023-05-29,28.40,24.20,32.90,76.00,0.00
Nabunturan,2023-05-30,28.80,24.80,32.80,75.00,0.10
Nabunturan,2023-05-31,28.60,25.00,32.50,75.00,0.00
Nabunturan,2023-06-01,28.50,24.60,32.80,78.00,0.00
Nabunturan,2023-06-02,28.10,24.50,33.50,82.00,24.70
Nabunturan,2023-06-03,26.80,24.40,32.80,85.00,21.50
Nabunturan,2023-06-04,26.60,23.80,31.90,87.00,54.30
Nabunturan,2023-06-05,26.60,23.80,31.60,88.00,33.90
Nabunturan,2023-06-06,26.10,23.80,31.50,89.00,42.30
Nabunturan,2023-06-07,26.60,23.50,31.30,87.00,9.00
Nabunturan,2023-06-08,26.80,23.50,31.80,87.00,15.30
Nabunturan,2023-06-09,27.30,24.00,32.20,85.00,5.20
Nabunturan,2023-06-10,27.80,24.20,32.30,82.00,2.50
Nabunturan,2023-06-11,27.60,23.20,32.30,82.00,2.20
Nabunturan,2023-06-12,27.60,23.90,32.50,84.00,4.10
Nabunturan,2023-06-13,26.90,23.40,33.00,84.00,8.00
Nabunturan,2023-06-14,26.40,24.50,31.20,85.00,15.00
Nabunturan,2023-06-15,26.40,23.40,30.00,87.00,11.40
Nabunturan,2023-06-16,25.80,23.80,30.20,89.00,13.70
Nabunturan,2023-06-17,25.80,23.10,30.70,89.00,6.10
Nabunturan,2023-06-18,26.40,23.50,31.00,87.00,2.90
Nabunturan,2023-06-19,25.80,23.50,30.50,89.00,26.50
Nabunturan,2023-06-20,26.00,23.10,30.80,88.00,20.70
Nabunturan,2023-06-21,25.70,22.60,30.40,88.00,13.40
Nabunturan,2023-06-22,25.60,23.60,27.90,90.00,5.20
Nabunturan,2023-06-23,26.30,23.90,29.50,87.00,2.60
Nabunturan,2023-06-24,26.10,23.10,31.40,88.00,18.70
Nabunturan,2023-06-25,25.50,22.80,30.80,88.00,17.10
Nabunturan,2023-06-26,26.40,22.60,31.70,87.00,7.80
Nabunturan,2023-06-27,27.30,23.50,31.50,83.00,5.60
Nabunturan,2023-06-28,26.50,23.60,32.20,87.00,28.20
Nabunturan,2023-06-29,26.00,22.50,31.80,87.00,24.20
Nabunturan,2023-06-30,26.40,23.00,31.30,86.00,4.20
Nabunturan,2023-07-01,26.70,23.60,31.00,87.00,14.40
Nabunturan,2023-07-02,27.00,24.20,30.90,86.00,3.30
Nabunturan,2023-07-03,25.80,24.40,28.90,90.00,5.50
Nabunturan,2023-07-04,25.80,24.00,29.50,89.00,16.90
Nabunturan,2023-07-05,26.50,23.40,30.40,87.00,0.60
Nabunturan,2023-07-06,27.00,25.00,32.50,86.00,5.90
Nabunturan,2023-07-07,27.20,24.20,32.20,84.00,0.50
Nabunturan,2023-07-08,26.10,23.50,30.40,88.00,9.30
Nabunturan,2023-07-09,25.80,22.90,31.10,89.00,28.40
Nabunturan,2023-07-10,26.20,22.60,31.70,86.00,14.60
Nabunturan,2023-07-11,26.70,23.40,31.90,86.00,32.60
Nabunturan,2023-07-12,26.60,23.50,29.60,85.00,4.80
Nabunturan,2023-07-13,27.30,23.80,31.60,80.00,2.90
Nabunturan,2023-07-14,27.80,23.50,32.20,78.00,0.20
Nabunturan,2023-07-15,28.30,24.10,32.50,76.00,0.30
Nabunturan,2023-07-16,27.70,23.60,32.00,80.00,1.90
Nabunturan,2023-07-17,27.10,24.10,30.50,84.00,34.90
Nabunturan,2023-07-18,24.70,23.20,26.30,92.00,15.50
Nabunturan,2023-07-19,25.30,23.00,29.20,88.00,8.00
Nabunturan,2023-07-20,26.40,23.00,31.60,85.00,7.00
Nabunturan,2023-07-21,27.20,22.90,31.90,81.00,0.20
Nabunturan,2023-07-22,27.00,23.40,31.20,82.00,1.40
Nabunturan,2023-07-23,27.90,24.80,31.50,73.00,0.00
Nabunturan,2023-07-24,27.80,25.30,31.20,74.00,0.10
Nabunturan,2023-07-25,28.30,26.00,31.70,73.00,0.30
Nabunturan,2023-07-26,27.40,23.50,32.00,78.00,0.00
Nabunturan,2023-07-27,27.80,24.40,31.60,76.00,0.30
Nabunturan,2023-07-28,26.90,24.50,31.10,84.00,3.40
Nabunturan,2023-07-29,27.00,24.00,31.60,83.00,0.80
Nabunturan,2023-07-30,27.80,24.10,32.20,79.00,0.20
Nabunturan,2023-07-31,27.60,22.80,33.10,79.00,0.00
Nabunturan,2023-08-01,27.70,23.00,32.80,78.00,0.00
Nabunturan,2023-08-02,27.90,23.60,32.60,75.00,0.00
Nabunturan,2023-08-03,28.20,23.60,33.10,76.00,0.50
Nabunturan,2023-08-04,28.40,23.80,34.20,78.00,2.00
Nabunturan,2023-08-05,28.40,24.10,34.10,80.00,3.00
Nabunturan,2023-08-06,27.80,24.60,33.00,82.00,4.30
Nabunturan,2023-08-07,28.00,24.30,33.50,79.00,2.80
Nabunturan,2023-08-08,28.50,24.40,34.00,75.00,6.60
Nabunturan,2023-08-09,26.70,23.60,33.30,84.00,11.00
Nabunturan,2023-08-10,26.40,23.50,31.70,88.00,18.90
Nabunturan,2023-08-11,26.80,23.50,30.90,85.00,11.90
Nabunturan,2023-08-12,26.50,23.10,30.90,86.00,7.60
Nabunturan,2023-08-13,26.80,24.10,31.60,86.00,14.70
Nabunturan,2023-08-14,26.40,23.20,30.50,88.00,5.80
Nabunturan,2023-08-15,26.50,24.20,30.20,87.00,11.60
Nabunturan,2023-08-16,26.20,23.60,30.80,88.00,11.80
Nabunturan,2023-08-17,26.40,23.50,30.70,88.00,3.70
Nabunturan,2023-08-18,26.50,23.30,32.00,87.00,16.20
Nabunturan,2023-08-19,26.20,23.20,31.20,88.00,27.70
Nabunturan,2023-08-20,25.70,22.50,31.00,89.00,41.60
Nabunturan,2023-08-21,25.60,22.80,30.00,90.00,28.80
Nabunturan,2023-08-22,26.10,23.50,30.40,88.00,14.40
Nabunturan,2023-08-23,26.50,22.80,30.40,84.00,3.50
Nabunturan,2023-08-24,26.80,23.20,32.50,83.00,8.40
Nabunturan,2023-08-25,26.40,22.50,31.60,87.00,3.40
Nabunturan,2023-08-26,27.00,23.10,32.10,85.00,4.90
Nabunturan,2023-08-27,27.40,23.30,32.40,80.00,0.10
Nabunturan,2023-08-28,28.30,25.50,32.00,73.00,0.30
Nabunturan,2023-08-29,28.30,24.80,32.70,74.00,3.20
Nabunturan,2023-08-30,28.20,24.20,33.00,75.00,0.00
Nabunturan,2023-08-31,28.30,24.00,33.10,77.00,0.00
Nabunturan,2023-09-01,28.60,24.60,33.40,75.00,0.90
Nabunturan,2023-09-02,28.60,24.40,33.20,73.00,0.10
Nabunturan,2023-09-03,28.40,24.10,33.20,75.00,7.00
Nabunturan,2023-09-04,28.10,24.60,33.60,79.00,0.70
Nabunturan,2023-09-05,27.40,23.70,33.40,83.00,5.30
Nabunturan,2023-09-06,26.70,24.60,30.50,85.00,13.50
Nabunturan,2023-09-07,26.50,23.80,32.00,85.00,5.00
Nabunturan,2023-09-08,26.40,23.80,32.20,87.00,16.90
Nabunturan,2023-09-09,26.40,23.10,31.90,85.00,7.60
Nabunturan,2023-09-10,26.30,23.60,31.00,87.00,15.60
Nabunturan,2023-09-11,26.70,23.90,32.70,84.00,27.60
Nabunturan,2023-09-12,26.50,23.10,31.60,86.00,40.90
Nabunturan,2023-09-13,26.40,23.90,31.60,87.00,36.40
Nabunturan,2023-09-14,26.80,22.70,31.70,83.00,7.50
Nabunturan,2023-09-15,25.90,23.60,30.30,89.00,25.00
Nabunturan,2023-09-16,25.70,23.40,30.80,87.00,26.10
Nabunturan,2023-09-17,25.60,22.80,31.00,89.00,24.60
Nabunturan,2023-09-18,25.60,23.30,28.10,89.00,5.00
Nabunturan,2023-09-19,26.40,23.50,30.90,85.00,2.80
Nabunturan,2023-09-20,26.30,24.10,30.30,87.00,8.90
Nabunturan,2023-09-21,26.10,23.40,30.40,89.00,11.40
Nabunturan,2023-09-22,27.20,24.00,31.90,82.00,1.10
Nabunturan,2023-09-23,27.60,23.20,32.00,80.00,0.70
Nabunturan,2023-09-24,26.70,23.10,32.70,85.00,9.40
Nabunturan,2023-09-25,26.40,23.40,31.80,88.00,18.30
Nabunturan,2023-09-26,25.20,22.00,31.30,90.00,39.30
Nabunturan,2023-09-27,26.60,22.90,32.00,85.00,17.10
Nabunturan,2023-09-28,27.50,23.60,32.20,82.00,11.50
Nabunturan,2023-09-29,27.20,23.50,31.50,86.00,2.60
Nabunturan,2023-09-30,27.90,23.60,32.40,79.00,1.30
Nabunturan,2023-10-01,28.60,25.20,32.30,73.00,0.00
Nabunturan,2023-10-02,28.50,24.60,33.30,76.00,0.20
Nabunturan,2023-10-03,27.00,23.50,33.00,87.00,9.90
Nabunturan,2023-10-04,27.00,23.90,33.50,84.00,4.00
Nabunturan,2023-10-05,26.90,23.00,33.20,84.00,7.70
Nabunturan,2023-10-06,26.90,23.50,32.70,85.00,13.30
Nabunturan,2023-10-07,26.50,23.00,30.80,86.00,9.20
Nabunturan,2023-10-08,26.90,24.20,31.80,87.00,14.40
Nabunturan,2023-10-09,25.60,22.80,29.10,90.00,32.00
Nabunturan,2023-10-10,25.50,23.80,28.00,91.00,23.30
Nabunturan,2023-10-11,26.00,23.00,30.90,88.00,16.30
Nabunturan,2023-10-12,27.00,23.80,32.50,84.00,14.50
Nabunturan,2023-10-13,26.50,24.10,29.80,87.00,1.60
Nabunturan,2023-10-14,27.10,23.90,31.60,85.00,2.00
Nabunturan,2023-10-15,27.10,24.10,32.00,85.00,6.70
Nabunturan,2023-10-16,26.20,22.80,31.50,88.00,12.00
Nabunturan,2023-10-17,26.60,23.50,31.40,85.00,12.80
Nabunturan,2023-10-18,26.50,23.20,31.80,87.00,12.00
Nabunturan,2023-10-19,26.30,23.10,31.50,87.00,4.50
Nabunturan,2023-10-20,25.90,22.20,31.20,88.00,17.00
Nabunturan,2023-10-21,26.80,24.00,31.50,85.00,3.90
Nabunturan,2023-10-22,26.00,22.50,31.70,88.00,4.90
Nabunturan,2023-10-23,26.00,21.70,31.60,86.00,4.90
Nabunturan,2023-10-24,26.40,22.50,32.40,84.00,1.70
Nabunturan,2023-10-25,25.90,22.50,32.20,89.00,24.30
Nabunturan,2023-10-26,25.70,23.00,28.50,88.00,7.30
Nabunturan,2023-10-27,26.40,23.30,31.10,86.00,9.20
Nabunturan,2023-10-28,27.20,23.10,32.00,81.00,1.60
Nabunturan,2023-10-29,26.00,23.00,31.00,88.00,2.00
Nabunturan,2023-10-30,25.80,23.20,30.90,89.00,2.00
Nabunturan,2023-10-31,27.60,23.10,32.80,80.00,0.40
Nabunturan,2023-11-01,26.80,23.20,31.40,85.00,5.10
Nabunturan,2023-11-02,26.80,22.20,31.90,84.00,0.00
Nabunturan,2023-11-03,26.40,23.10,30.60,87.00,12.50
Nabunturan,2023-11-04,26.10,24.10,30.80,89.00,8.50
Nabunturan,2023-11-05,26.30,23.70,31.00,87.00,0.80
Nabunturan,2023-11-06,27.40,22.50,32.60,80.00,0.60
Nabunturan,2023-11-07,26.30,24.00,29.90,86.00,18.40
Nabunturan,2023-11-08,26.20,24.00,31.00,87.00,7.80
Nabunturan,2023-11-09,26.70,23.50,31.30,84.00,4.60
Nabunturan,2023-11-10,26.10,22.50,30.90,88.00,11.80
Nabunturan,2023-11-11,26.80,23.50,31.10,82.00,0.60
Nabunturan,2023-11-12,26.20,21.80,30.90,85.00,1.00
Nabunturan,2023-11-13,26.90,22.80,32.20,82.00,1.40
Nabunturan,2023-11-14,27.30,22.10,32.40,80.00,0.50
Nabunturan,2023-11-15,27.30,23.90,32.40,78.00,1.00
Nabunturan,2023-11-16,25.70,23.10,28.00,88.00,19.40
Nabunturan,2023-11-17,25.90,23.30,29.00,88.00,11.90
Nabunturan,2023-11-18,26.80,23.90,31.50,85.00,8.90
Nabunturan,2023-11-19,26.60,24.00,30.40,86.00,12.00
Nabunturan,2023-11-20,26.70,23.90,31.90,86.00,12.60
Nabunturan,2023-11-21,26.80,24.20,31.10,87.00,7.20
Nabunturan,2023-11-22,26.20,23.00,31.80,88.00,12.50
Nabunturan,2023-11-23,26.40,24.00,30.10,87.00,5.00
Nabunturan,2023-11-24,26.80,23.30,31.00,84.00,2.60
Nabunturan,2023-11-25,25.90,23.20,31.20,88.00,13.60
Nabunturan,2023-11-26,26.90,22.90,31.20,81.00,0.60
Nabunturan,2023-11-27,26.60,23.30,31.00,85.00,5.40
Nabunturan,2023-11-28,26.30,23.40,30.40,87.00,7.10
Nabunturan,2023-11-29,26.20,23.90,30.20,86.00,9.50
Nabunturan,2023-11-30,26.80,23.50,31.90,82.00,1.90
Nabunturan,2023-12-01,27.10,24.40,31.10,82.00,1.70
Nabunturan,2023-12-02,26.40,24.10,30.80,86.00,10.30
Nabunturan,2023-12-03,26.30,23.40,30.40,86.00,4.60
Nabunturan,2023-12-04,26.30,22.40,31.40,86.00,10.30
Nabunturan,2023-12-05,26.20,23.50,30.40,89.00,10.50
Nabunturan,2023-12-06,25.80,23.80,28.30,87.00,3.60
Nabunturan,2023-12-07,26.40,23.60,30.50,86.00,4.00
Nabunturan,2023-12-08,26.80,24.40,29.90,84.00,3.80
Nabunturan,2023-12-09,26.20,23.00,30.50,85.00,1.10
Nabunturan,2023-12-10,26.90,23.20,31.90,80.00,0.10
Nabunturan,2023-12-11,26.80,22.80,31.50,80.00,0.30
Nabunturan,2023-12-12,26.50,21.40,31.60,80.00,0.50
Nabunturan,2023-12-13,26.50,23.50,29.60,82.00,1.30
Nabunturan,2023-12-14,27.30,24.10,31.80,79.00,0.40
Nabunturan,2023-12-15,27.00,23.40,32.20,79.00,0.90
Nabunturan,2023-12-16,27.00,22.50,31.50,76.00,0.80
Nabunturan,2023-12-17,25.50,23.20,28.00,86.00,4.00
Nabunturan,2023-12-18,24.50,23.60,25.70,95.00,41.20
Nabunturan,2023-12-19,25.10,23.00,28.50,91.00,9.70
Nabunturan,2023-12-20,26.90,23.20,32.30,81.00,0.00
Nabunturan,2023-12-21,26.20,21.90,31.50,84.00,0.60
Nabunturan,2023-12-22,25.80,23.20,28.80,87.00,1.50
Nabunturan,2023-12-23,26.70,23.20,32.10,80.00,0.00
Nabunturan,2023-12-24,26.70,23.00,31.40,82.00,0.50
Nabunturan,2023-12-25,25.50,24.00,28.50,87.00,6.00
Nabunturan,2023-12-26,26.70,23.90,31.00,85.00,5.80
Nabunturan,2023-12-27,26.40,23.50,30.50,85.00,4.40
Nabunturan,2023-12-28,26.90,23.50,31.60,79.00,0.30
Nabunturan,2023-12-29,26.50,23.10,31.50,85.00,15.90
Nabunturan,2023-12-30,25.80,23.60,29.80,90.00,9.30
Nabunturan,2023-12-31,26.90,23.50,31.90,86.00,2.20
Nabunturan,2024-01-01,26.00,23.50,29.50,87.00,3.70
Nabunturan,2024-01-02,25.10,23.60,27.40,93.00,92.40
Nabunturan,2024-01-03,25.70,23.00,28.40,89.00,11.60
Nabunturan,2024-01-04,26.80,23.00,31.40,83.00,0.30
Nabunturan,2024-01-05,26.60,22.60,32.30,79.00,0.00
Nabunturan,2024-01-06,26.30,24.10,29.90,84.00,3.30
Nabunturan,2024-01-07,27.30,24.10,32.20,79.00,0.30
Nabunturan,2024-01-08,26.80,23.60,31.10,80.00,6.90
Nabunturan,2024-01-09,26.10,23.40,30.80,87.00,9.80
Nabunturan,2024-01-10,26.90,23.60,32.70,82.00,0.60
Nabunturan,2024-01-11,27.10,22.40,32.30,77.00,0.30
Nabunturan,2024-01-12,27.20,24.70,31.30,77.00,0.70
Nabunturan,2024-01-13,26.60,23.40,30.80,81.00,1.30
Nabunturan,2024-01-14,26.50,23.80,31.30,79.00,2.20
Nabunturan,2024-01-15,25.60,23.90,29.60,86.00,40.10
Nabunturan,2024-01-16,25.00,23.80,26.90,87.00,38.60
Nabunturan,2024-01-17,25.10,23.40,28.00,87.00,7.90
Nabunturan,2024-01-18,24.90,23.10,27.60,91.00,12.00
Nabunturan,2024-01-19,26.00,23.10,30.10,83.00,0.60
Nabunturan,2024-01-20,26.20,22.60,30.70,81.00,0.40
Nabunturan,2024-01-21,26.60,22.50,31.50,78.00,0.10
Nabunturan,2024-01-22,26.80,23.80,30.80,78.00,0.20
Nabunturan,2024-01-23,26.30,22.90,30.50,80.00,0.40
Nabunturan,2024-01-24,25.70,21.60,30.50,83.00,1.50
Nabunturan,2024-01-25,25.80,23.10,30.40,79.00,1.30
Nabunturan,2024-01-26,25.30,23.20,28.40,82.00,10.40
Nabunturan,2024-01-27,24.80,21.90,28.80,76.00,0.60
Nabunturan,2024-01-28,24.80,23.00,27.30,80.00,0.30
Nabunturan,2024-01-29,24.30,23.50,25.90,91.00,23.30
Nabunturan,2024-01-30,24.90,23.00,28.60,90.00,74.80
Nabunturan,2024-01-31,24.20,23.20,25.60,94.00,40.70
Nabunturan,2024-02-01,24.80,23.40,27.20,92.00,25.90
Nabunturan,2024-02-02,26.10,23.40,30.50,86.00,5.10
Nabunturan,2024-02-03,26.20,22.50,30.40,82.00,0.20
Nabunturan,2024-02-04,25.90,23.60,28.70,85.00,4.20
Nabunturan,2024-02-05,26.30,22.60,31.00,78.00,0.60
Nabunturan,2024-02-06,25.10,22.20,27.90,86.00,2.20
Nabunturan,2024-02-07,24.90,23.10,27.90,90.00,11.90
Nabunturan,2024-02-08,25.00,23.10,27.20,89.00,3.00
Nabunturan,2024-02-09,25.90,22.30,30.10,80.00,0.60
Nabunturan,2024-02-10,26.30,22.60,30.80,77.00,0.30
Nabunturan,2024-02-11,25.10,23.50,27.50,82.00,7.30
Nabunturan,2024-02-12,26.10,23.40,30.60,76.00,0.50
Nabunturan,2024-02-13,26.50,23.10,31.00,74.00,0.90
Nabunturan,2024-02-14,26.70,23.50,31.50,73.00,0.20
Nabunturan,2024-02-15,26.30,21.10,32.80,76.00,0.30
Nabunturan,2024-02-16,26.10,22.70,30.00,83.00,2.30
Nabunturan,2024-02-17,26.40,23.00,31.40,79.00,0.20
Nabunturan,2024-02-18,27.00,24.10,31.50,79.00,0.20
Nabunturan,2024-02-19,26.30,22.00,31.60,79.00,0.30
Nabunturan,2024-02-20,26.40,22.40,32.90,75.00,0.00
Nabunturan,2024-02-21,25.40,20.50,31.00,82.00,1.40
Nabunturan,2024-02-22,26.10,23.50,29.80,86.00,2.20
Nabunturan,2024-02-23,25.90,23.50,29.50,88.00,4.60
Nabunturan,2024-02-24,26.70,23.20,31.80,80.00,0.10
Nabunturan,2024-02-25,26.30,20.50,31.90,78.00,0.90
Nabunturan,2024-02-26,26.00,22.90,30.10,79.00,1.00
Nabunturan,2024-02-27,25.80,23.60,29.90,79.00,4.80
Nabunturan,2024-02-28,24.80,23.30,27.40,85.00,5.40
Nabunturan,2024-02-29,26.00,23.60,29.80,84.00,3.30
Nabunturan,2024-03-01,26.90,24.00,31.10,79.00,1.00
Nabunturan,2024-03-02,26.50,23.00,31.00,77.00,0.50
Nabunturan,2024-03-03,25.90,21.80,31.70,77.00,0.00
Nabunturan,2024-03-04,26.10,21.40,31.70,76.00,0.00
Nabunturan,2024-03-05,26.70,22.30,31.70,79.00,0.60
Nabunturan,2024-03-06,27.20,22.60,33.20,79.00,0.50
Nabunturan,2024-03-07,26.40,22.10,32.20,76.00,0.00
Nabunturan,2024-03-08,25.70,20.40,31.40,79.00,0.80
Nabunturan,2024-03-09,26.80,22.60,32.30,75.00,0.00
Nabunturan,2024-03-10,26.50,21.60,32.30,73.00,0.20
Nabunturan,2024-03-11,26.20,21.00,32.50,74.00,0.00
Nabunturan,2024-03-12,26.60,23.90,30.80,83.00,5.30
Nabunturan,2024-03-13,26.80,23.70,31.00,77.00,0.20
Nabunturan,2024-03-14,26.80,23.10,32.00,74.00,0.40
Nabunturan,2024-03-15,27.00,23.10,32.60,75.00,0.10
Nabunturan,2024-03-16,26.60,21.40,32.50,75.00,0.30
Nabunturan,2024-03-17,27.00,23.30,32.70,71.00,0.20
Nabunturan,2024-03-18,26.60,21.40,32.50,73.00,0.00
Nabunturan,2024-03-19,26.80,21.50,32.70,74.00,0.50
Nabunturan,2024-03-20,27.40,22.40,33.00,74.00,0.80
Nabunturan,2024-03-21,27.10,24.10,31.90,76.00,1.30
Nabunturan,2024-03-22,27.70,24.50,33.20,68.00,0.20
Nabunturan,2024-03-23,27.60,22.50,33.60,68.00,0.00
Nabunturan,2024-03-24,27.60,24.00,33.00,71.00,0.00
Nabunturan,2024-03-25,28.10,23.80,33.90,75.00,1.00
Nabunturan,2024-03-26,28.40,24.60,34.50,78.00,1.10
Nabunturan,2024-03-27,28.50,23.60,34.70,74.00,0.90
Nabunturan,2024-03-28,28.10,23.90,33.20,76.00,4.00
Nabunturan,2024-03-29,27.30,24.00,31.90,77.00,1.60
Nabunturan,2024-03-30,28.10,22.80,34.80,72.00,0.30
Nabunturan,2024-03-31,28.10,24.00,34.30,71.00,0.10
Nabunturan,2024-04-01,28.00,22.10,35.20,68.00,0.00
Nabunturan,2024-04-02,27.90,22.80,34.50,71.00,0.10
Nabunturan,2024-04-03,28.50,21.80,35.40,69.00,0.00
Nabunturan,2024-04-04,28.60,24.20,34.70,70.00,0.00
Nabunturan,2024-04-05,29.10,25.00,34.20,67.00,0.00
Nabunturan,2024-04-06,28.20,25.10,32.00,72.00,10.50
Nabunturan,2024-04-07,28.20,23.60,34.20,71.00,0.00
Nabunturan,2024-04-08,26.10,20.30,32.10,80.00,4.90
Nabunturan,2024-04-09,27.80,22.20,35.00,72.00,0.00
Nabunturan,2024-04-10,28.00,23.90,33.60,72.00,1.10
Nabunturan,2024-04-11,28.10,22.60,34.90,72.00,0.20
Nabunturan,2024-04-12,28.40,22.30,35.50,71.00,0.00
Nabunturan,2024-04-13,28.30,22.90,35.10,71.00,0.30
Nabunturan,2024-04-14,28.50,22.20,36.10,70.00,0.00
Nabunturan,2024-04-15,29.20,23.80,36.40,69.00,0.10
Nabunturan,2024-04-16,29.50,24.30,35.30,68.00,0.20
Nabunturan,2024-04-17,29.60,24.90,36.00,66.00,0.20
Nabunturan,2024-04-18,29.70,23.80,37.30,65.00,0.10
Nabunturan,2024-04-19,29.10,24.20,36.00,67.00,0.20
Nabunturan,2024-04-20,28.80,22.00,36.00,65.00,0.00
Nabunturan,2024-04-21,28.20,26.10,32.70,77.00,3.40
Nabunturan,2024-04-22,29.80,25.00,36.80,71.00,0.90
Nabunturan,2024-04-23,29.30,25.20,35.80,71.00,0.20
Nabunturan,2024-04-24,29.70,25.50,36.30,71.00,1.00
Nabunturan,2024-04-25,30.10,23.60,37.50,66.00,0.00
Nabunturan,2024-04-26,29.40,25.50,36.10,75.00,4.30
Nabunturan,2024-04-27,27.80,25.40,34.00,82.00,14.00
Nabunturan,2024-04-28,28.90,24.50,36.00,72.00,0.00
Nabunturan,2024-04-29,28.50,25.10,33.40,74.00,1.70
Nabunturan,2024-04-30,26.70,24.60,31.90,85.00,4.30
Nabunturan,2024-05-01,28.00,23.90,34.60,79.00,1.40
Nabunturan,2024-05-02,28.80,23.70,35.20,72.00,0.00
Nabunturan,2024-05-03,28.10,22.00,34.60,70.00,0.00
Nabunturan,2024-05-04,28.10,25.10,33.50,76.00,0.40
Nabunturan,2024-05-05,29.20,24.50,35.40,70.00,0.00
Nabunturan,2024-05-06,29.10,24.80,34.50,72.00,0.30
Nabunturan,2024-05-07,28.80,23.60,34.60,70.00,0.90
Nabunturan,2024-05-08,28.60,23.50,35.20,73.00,0.50
Nabunturan,2024-05-09,27.50,22.90,35.20,80.00,11.40
Nabunturan,2024-05-10,28.30,24.50,34.00,78.00,1.40
Nabunturan,2024-05-11,28.90,24.50,36.20,76.00,1.20
Nabunturan,2024-05-12,27.40,24.80,31.60,84.00,1.40
Nabunturan,2024-05-13,28.70,24.50,35.70,79.00,1.10
Nabunturan,2024-05-14,29.30,23.90,35.80,73.00,0.30
Nabunturan,2024-05-15,28.90,23.70,35.70,73.00,0.70
Nabunturan,2024-05-16,28.80,23.80,35.90,73.00,0.80
Nabunturan,2024-05-17,29.50,23.90,36.70,69.00,0.20
Nabunturan,2024-05-18,30.40,24.80,37.20,64.00,0.10
Nabunturan,2024-05-19,29.90,24.20,36.50,69.00,0.60
Nabunturan,2024-05-20,29.10,24.90,34.60,73.00,1.50
Nabunturan,2024-05-21,28.10,25.40,32.80,80.00,7.10
Nabunturan,2024-05-22,29.00,24.80,35.80,71.00,0.50
Nabunturan,2024-05-23,29.00,24.40,37.00,75.00,5.50
Nabunturan,2024-05-24,28.10,25.60,33.30,81.00,5.60
Nabunturan,2024-05-25,29.40,25.20,34.70,77.00,1.70
Nabunturan,2024-05-26,27.60,25.00,33.50,86.00,19.60
Nabunturan,2024-05-27,27.70,23.90,32.90,84.00,2.70
Nabunturan,2024-05-28,28.30,25.00,34.20,81.00,2.50
Nabunturan,2024-05-29,28.30,24.20,35.00,81.00,0.80
Nabunturan,2024-05-30,27.90,24.80,33.30,82.00,5.70
Nabunturan,2024-05-31,28.60,24.80,35.30,80.00,1.70
Nabunturan,2024-06-01,28.70,25.40,35.20,79.00,4.00
Nabunturan,2024-06-02,28.00,24.30,33.80,81.00,1.50
Nabunturan,2024-06-03,28.20,24.00,34.40,79.00,11.80
Nabunturan,2024-06-04,27.60,23.30,32.30,81.00,16.30
Nabunturan,2024-06-05,28.30,25.50,34.80,80.00,10.20
Nabunturan,2024-06-06,27.50,24.50,33.20,83.00,11.40
Nabunturan,2024-06-07,26.90,23.60,32.40,84.00,21.20
Nabunturan,2024-06-08,26.90,23.20,33.00,84.00,12.40
Nabunturan,2024-06-09,27.70,24.50,33.80,82.00,9.00
Nabunturan,2024-06-10,26.60,23.50,29.80,85.00,1.50
Nabunturan,2024-06-11,27.50,24.30,33.60,82.00,8.80
Nabunturan,2024-06-12,27.30,23.40,34.00,81.00,3.20
Nabunturan,2024-06-13,26.20,24.50,28.40,88.00,10.90
Nabunturan,2024-06-14,27.60,24.00,33.20,80.00,7.60
Nabunturan,2024-06-15,26.90,23.90,33.40,82.00,16.40
Nabunturan,2024-06-16,26.50,23.50,32.50,85.00,9.80
Nabunturan,2024-06-17,26.70,23.40,32.00,86.00,14.90
Nabunturan,2024-06-18,27.40,24.50,32.70,82.00,3.30
Nabunturan,2024-06-19,25.70,23.80,29.00,89.00,8.80
Nabunturan,2024-06-20,25.30,23.90,27.00,93.00,11.50
Nabunturan,2024-06-21,27.10,23.50,31.40,85.00,3.90
Nabunturan,2024-06-22,26.40,24.20,30.20,87.00,2.20
Nabunturan,2024-06-23,26.60,23.80,32.50,84.00,3.60
Nabunturan,2024-06-24,26.30,23.50,31.10,87.00,16.20
Nabunturan,2024-06-25,26.80,23.60,32.30,85.00,7.60
Nabunturan,2024-06-26,25.20,23.90,27.40,91.00,18.70
Nabunturan,2024-06-27,26.20,22.80,31.80,87.00,12.60
Nabunturan,2024-06-28,27.30,23.90,31.10,84.00,0.80
Nabunturan,2024-06-29,27.70,24.50,32.80,83.00,1.20
Nabunturan,2024-06-30,26.50,24.20,30.40,87.00,17.40
Nabunturan,2024-07-01,26.20,24.10,30.90,89.00,21.50
Nabunturan,2024-07-02,26.10,23.60,31.20,88.00,13.10
Nabunturan,2024-07-03,26.70,23.60,31.50,85.00,4.20
Nabunturan,2024-07-04,25.40,22.50,30.60,89.00,20.50
Nabunturan,2024-07-05,26.00,22.30,30.50,86.00,3.20
Nabunturan,2024-07-06,26.70,23.40,31.20,85.00,4.70
Nabunturan,2024-07-07,26.90,23.00,32.00,83.00,4.00
Nabunturan,2024-07-08,26.00,24.00,29.00,88.00,9.20
Nabunturan,2024-07-09,26.50,23.00,31.40,85.00,8.00
Nabunturan,2024-07-10,26.70,23.90,31.70,85.00,9.40
Nabunturan,2024-07-11,25.80,23.10,31.00,88.00,16.10
Nabunturan,2024-07-12,25.50,23.00,29.50,89.00,20.40
Nabunturan,2024-07-13,25.90,23.10,30.80,88.00,16.90
Nabunturan,2024-07-14,25.40,23.40,27.90,89.00,11.70
Nabunturan,2024-07-15,25.20,23.60,28.00,92.00,27.00
Nabunturan,2024-07-16,25.20,23.10,29.50,90.00,48.30
Nabunturan,2024-07-17,26.10,22.90,29.70,88.00,2.10
Nabunturan,2024-07-18,26.30,24.00,29.50,87.00,2.90
Nabunturan,2024-07-19,26.30,23.40,30.20,86.00,4.10
Nabunturan,2024-07-20,27.30,23.60,31.20,82.00,0.10
Nabunturan,2024-07-21,27.40,24.10,32.20,83.00,3.40
Nabunturan,2024-07-22,27.30,24.20,30.10,82.00,0.10
Nabunturan,2024-07-23,28.60,25.50,32.40,74.00,0.00
Nabunturan,2024-07-24,28.40,24.50,32.60,76.00,0.50
Nabunturan,2024-07-25,28.10,24.60,32.20,80.00,0.00
Nabunturan,2024-07-26,27.70,24.80,33.20,84.00,14.80
Nabunturan,2024-07-27,25.80,23.80,28.80,90.00,10.10
Nabunturan,2024-07-28,26.60,23.50,31.70,85.00,1.40
Nabunturan,2024-07-29,26.10,23.00,31.70,88.00,26.90
Nabunturan,2024-07-30,26.40,22.40,31.60,86.00,7.60
Nabunturan,2024-07-31,27.00,24.20,31.20,85.00,10.60
Nabunturan,2024-08-01,26.60,23.80,31.60,87.00,9.70
Nabunturan,2024-08-02,26.90,22.80,32.30,83.00,1.40
Nabunturan,2024-08-03,27.30,23.40,32.70,81.00,0.30
Nabunturan,2024-08-04,27.60,22.80,32.80,79.00,0.40
Nabunturan,2024-08-05,27.80,23.90,32.20,78.00,0.00
Nabunturan,2024-08-06,27.80,23.80,32.30,81.00,1.20
Nabunturan,2024-08-07,27.80,24.40,32.30,82.00,1.50
Nabunturan,2024-08-08,26.90,24.40,31.80,85.00,8.40
Nabunturan,2024-08-09,26.00,23.50,31.40,89.00,18.70
Nabunturan,2024-08-10,27.70,23.00,33.10,80.00,0.20
Nabunturan,2024-08-11,27.40,23.90,32.30,83.00,1.60
Nabunturan,2024-08-12,27.30,24.00,32.80,85.00,5.60
Nabunturan,2024-08-13,26.50,23.30,31.80,87.00,8.30
Nabunturan,2024-08-14,27.00,22.90,32.40,84.00,0.80
Nabunturan,2024-08-15,27.30,24.00,32.50,84.00,4.20
Nabunturan,2024-08-16,26.70,23.90,31.50,86.00,6.60
Nabunturan,2024-08-17,26.80,24.30,31.50,86.00,2.10
Nabunturan,2024-08-18,26.90,23.10,32.80,84.00,3.10
Nabunturan,2024-08-19,27.20,23.80,32.00,84.00,3.30
Nabunturan,2024-08-20,26.50,23.50,30.50,86.00,26.10
Nabunturan,2024-08-21,27.10,24.00,31.20,85.00,11.80
Nabunturan,2024-08-22,26.50,23.30,31.00,87.00,12.00
Nabunturan,2024-08-23,27.30,23.70,32.20,83.00,8.10
Nabunturan,2024-08-24,25.60,23.00,28.20,90.00,3.80
Nabunturan,2024-08-25,27.10,23.00,32.70,85.00,6.50
Nabunturan,2024-08-26,27.60,23.80,32.50,83.00,0.80
Nabunturan,2024-08-27,26.90,23.90,32.90,87.00,5.10
Nabunturan,2024-08-28,27.60,23.50,33.20,82.00,2.70
Nabunturan,2024-08-29,25.60,23.50,27.40,90.00,10.30
Nabunturan,2024-08-30,26.50,23.80,31.90,86.00,22.80
Nabunturan,2024-08-31,25.50,24.10,27.00,90.00,6.70
Nabunturan,2024-09-01,27.10,23.80,31.10,82.00,0.30
Nabunturan,2024-09-02,27.90,23.70,32.50,77.00,0.00
Nabunturan,2024-09-03,28.10,24.10,33.20,80.00,0.00
Nabunturan,2024-09-04,28.10,24.10,33.60,80.00,3.30
Nabunturan,2024-09-05,27.50,23.40,33.90,83.00,6.00
Nabunturan,2024-09-06,27.20,23.70,32.30,87.00,11.30
Nabunturan,2024-09-07,28.10,25.00,32.90,83.00,8.40
Nabunturan,2024-09-08,27.50,24.50,32.80,82.00,3.40
Nabunturan,2024-09-09,27.10,24.10,33.10,85.00,22.60
Nabunturan,2024-09-10,26.40,23.00,31.60,87.00,12.10
Nabunturan,2024-09-11,27.10,23.50,31.40,87.00,11.60
Nabunturan,2024-09-12,27.00,25.20,29.10,81.00,2.20
Nabunturan,2024-09-13,27.30,23.60,31.10,78.00,0.80
Nabunturan,2024-09-14,28.30,26.00,31.70,70.00,0.30
Nabunturan,2024-09-15,27.80,24.60,31.00,72.00,0.40
Nabunturan,2024-09-16,28.10,24.60,31.80,74.00,0.10
Nabunturan,2024-09-17,28.60,25.00,32.60,72.00,0.10
Nabunturan,2024-09-18,28.60,24.80,33.00,72.00,0.20
Nabunturan,2024-09-19,27.50,24.80,31.30,82.00,1.30
Nabunturan,2024-09-20,27.30,24.90,32.70,86.00,12.90
Nabunturan,2024-09-21,26.90,23.80,31.50,85.00,3.80
Nabunturan,2024-09-22,26.50,24.10,30.60,85.00,1.50
Nabunturan,2024-09-23,26.70,23.80,30.10,85.00,1.00
Nabunturan,2024-09-24,25.60,23.10,30.20,90.00,13.90
Nabunturan,2024-09-25,26.60,23.20,31.60,85.00,2.40
Nabunturan,2024-09-26,26.70,22.50,32.80,85.00,8.20
Nabunturan,2024-09-27,26.80,23.30,33.50,84.00,9.40
Nabunturan,2024-09-28,27.80,23.60,33.00,79.00,0.10
Nabunturan,2024-09-29,28.10,24.30,32.80,79.00,1.50
Nabunturan,2024-09-30,26.80,24.30,32.00,85.00,26.70
Nabunturan,2024-10-01,26.10,23.50,31.10,86.00,17.50
Nabunturan,2024-10-02,27.10,23.80,32.70,83.00,0.90
Nabunturan,2024-10-03,26.00,22.80,29.00,87.00,1.10
Nabunturan,2024-10-04,27.60,23.70,33.20,80.00,0.50
Nabunturan,2024-10-05,27.50,23.00,33.20,80.00,0.50
Nabunturan,2024-10-06,28.00,24.10,33.50,78.00,0.00
Nabunturan,2024-10-07,28.50,24.50,33.50,76.00,0.20
Nabunturan,2024-10-08,28.00,23.90,33.20,79.00,1.20
Nabunturan,2024-10-09,27.70,24.30,33.50,80.00,3.00
Nabunturan,2024-10-10,27.80,23.60,33.80,80.00,0.30
Nabunturan,2024-10-11,27.40,24.30,33.50,81.00,11.20
Nabunturan,2024-10-12,26.30,23.40,31.70,87.00,12.10
Nabunturan,2024-10-13,27.50,23.80,32.20,82.00,1.70
Nabunturan,2024-10-14,27.00,23.50,31.90,83.00,9.60
Nabunturan,2024-10-15,25.90,22.80,32.50,88.00,10.40
Nabunturan,2024-10-16,26.50,23.20,32.10,85.00,10.00
Nabunturan,2024-10-17,27.10,24.10,32.10,84.00,0.50
Nabunturan,2024-10-18,27.40,23.50,32.60,82.00,2.70
Nabunturan,2024-10-19,27.30,23.70,33.20,83.00,5.50
Nabunturan,2024-10-20,27.10,24.20,33.30,84.00,18.80
Nabunturan,2024-10-21,27.60,24.10,31.60,77.00,1.00
Nabunturan,2024-10-22,28.00,25.80,30.50,69.00,0.00
Nabunturan,2024-10-23,28.70,24.50,32.50,69.00,0.60
Nabunturan,2024-10-24,28.50,23.50,33.20,73.00,0.00
Nabunturan,2024-10-25,28.50,24.20,33.70,74.00,1.00
Nabunturan,2024-10-26,27.20,25.20,30.40,82.00,2.10
Nabunturan,2024-10-27,27.60,23.70,31.50,72.00,0.00
Nabunturan,2024-10-28,28.50,24.50,33.30,71.00,0.10
Nabunturan,2024-10-29,28.50,24.10,33.70,69.00,0.00
Nabunturan,2024-10-30,27.40,22.60,34.50,80.00,15.40
Nabunturan,2024-10-31,27.20,23.90,34.30,82.00,13.00
Nabunturan,2024-11-01,27.00,23.50,33.00,80.00,6.70
Nabunturan,2024-11-02,26.50,22.60,32.00,83.00,4.40
Nabunturan,2024-11-03,26.50,22.80,32.20,85.00,4.60
Nabunturan,2024-11-04,25.90,22.90,31.70,87.00,17.20
Nabunturan,2024-11-05,26.00,22.60,30.00,84.00,1.60
Nabunturan,2024-11-06,27.00,23.50,33.20,83.00,4.80
Nabunturan,2024-11-07,26.70,24.20,31.50,85.00,6.30
Nabunturan,2024-11-08,27.50,23.20,33.00,81.00,2.50
Nabunturan,2024-11-09,27.30,22.40,33.30,80.00,3.20
Nabunturan,2024-11-10,27.30,23.40,33.40,82.00,0.80
Nabunturan,2024-11-11,27.40,24.40,33.00,83.00,9.60
Nabunturan,2024-11-12,26.80,23.60,33.20,83.00,2.90
Nabunturan,2024-11-13,27.80,23.10,34.30,78.00,1.70
Nabunturan,2024-11-14,28.50,22.50,36.00,73.00,0.10
Nabunturan,2024-11-15,27.80,23.60,35.30,79.00,2.10
Nabunturan,2024-11-16,27.90,23.80,34.90,80.00,2.40
Nabunturan,2024-11-17,28.10,23.00,35.80,76.00,1.40
Nabunturan,2024-11-18,27.70,23.80,33.90,78.00,1.70
Nabunturan,2024-11-19,27.40,24.00,33.00,79.00,0.60
Nabunturan,2024-11-20,28.20,24.00,33.80,72.00,0.40
Nabunturan,2024-11-21,28.90,23.50,35.80,69.00,0.00
Nabunturan,2024-11-22,27.60,24.30,34.50,79.00,5.60
Nabunturan,2024-11-23,26.20,23.60,31.10,86.00,2.30
Nabunturan,2024-11-24,26.10,24.00,30.20,88.00,38.60
Nabunturan,2024-11-25,26.40,23.80,30.50,86.00,2.40
Nabunturan,2024-11-26,27.30,23.50,33.00,80.00,2.30
Nabunturan,2024-11-27,26.30,23.60,30.40,87.00,5.00
Nabunturan,2024-11-28,25.70,23.80,29.30,91.00,11.00
Nabunturan,2024-11-29,25.70,24.20,28.60,91.00,19.20
Nabunturan,2024-11-30,25.80,23.40,30.50,89.00,25.40
Nabunturan,2024-12-01,25.60,24.10,28.80,93.00,19.40
Nabunturan,2024-12-02,26.40,23.70,31.50,88.00,9.50
Nabunturan,2024-12-03,26.70,23.80,30.50,87.00,0.50
Nabunturan,2024-12-04,26.80,23.10,32.00,82.00,0.10
Nabunturan,2024-12-05,27.00,22.20,32.20,80.00,0.10
Nabunturan,2024-12-06,27.40,23.50,32.30,81.00,0.30
Nabunturan,2024-12-07,26.00,24.00,29.40,90.00,7.80
Nabunturan,2024-12-08,25.20,23.80,27.50,93.00,18.30
Nabunturan,2024-12-09,26.00,24.10,29.60,92.00,24.90
Nabunturan,2024-12-10,25.90,24.50,28.50,93.00,24.20
Nabunturan,2024-12-11,25.80,23.50,30.20,89.00,15.70
Nabunturan,2024-12-12,25.50,23.70,27.40,93.00,5.50
Nabunturan,2024-12-13,26.00,22.90,30.50,88.00,0.60
Nabunturan,2024-12-14,25.80,22.80,30.40,86.00,11.00
Nabunturan,2024-12-15,25.40,22.20,29.20,86.00,1.80
Nabunturan,2024-12-16,24.80,23.40,27.50,92.00,28.40
Nabunturan,2024-12-17,24.20,23.10,26.10,95.00,11.70
Nabunturan,2024-12-18,25.50,23.00,29.10,90.00,11.10
Nabunturan,2024-12-19,25.70,23.10,29.20,92.00,7.90
Nabunturan,2024-12-20,25.80,23.90,30.20,92.00,19.20
Nabunturan,2024-12-21,26.10,23.90,29.80,90.00,1.50
Nabunturan,2024-12-22,26.10,23.90,29.80,91.00,24.50
Nabunturan,2024-12-23,26.30,23.50,31.20,89.00,8.20
Nabunturan,2024-12-24,26.00,24.30,28.50,91.00,6.20
Nabunturan,2024-12-25,25.40,23.90,27.90,93.00,14.80
Nabunturan,2024-12-26,25.30,23.80,27.90,92.00,4.40
Nabunturan,2024-12-27,24.80,23.40,26.80,95.00,14.50
Nabunturan,2024-12-28,25.70,23.50,29.70,91.00,7.80
Nabunturan,2024-12-29,26.10,23.30,30.70,89.00,23.00
Nabunturan,2024-12-30,25.80,23.50,29.60,91.00,16.00
Nabunturan,2024-12-31,25.80,24.00,28.60,91.00,7.70
Nabunturan,2025-01-01,25.70,23.30,28.10,89.00,1.90
Nabunturan,2025-01-02,25.70,23.50,30.30,90.00,5.20
Nabunturan,2025-01-03,25.90,22.60,29.50,89.00,1.80
Nabunturan,2025-01-04,25.70,23.70,30.20,90.00,6.30
Nabunturan,2025-01-05,25.30,22.80,29.20,91.00,10.60
Nabunturan,2025-01-06,26.00,23.00,30.10,86.00,2.20
Nabunturan,2025-01-07,25.70,23.20,30.20,90.00,7.70
Nabunturan,2025-01-08,25.90,23.50,30.00,89.00,5.20
Nabunturan,2025-01-09,25.10,23.10,28.00,93.00,21.80
Nabunturan,2025-01-10,25.00,22.80,29.00,92.00,17.50
Nabunturan,2025-01-11,25.70,22.90,30.00,87.00,0.60
Nabunturan,2025-01-12,25.30,23.10,29.10,89.00,3.70
Nabunturan,2025-01-13,26.10,23.20,30.50,85.00,0.90
Nabunturan,2025-01-14,26.00,23.10,30.40,85.00,2.60
Nabunturan,2025-01-15,25.10,23.10,27.80,89.00,4.10
Nabunturan,2025-01-16,26.30,23.60,30.10,86.00,1.60
Nabunturan,2025-01-17,26.70,23.50,31.90,81.00,0.10
Nabunturan,2025-01-18,25.90,21.50,31.20,80.00,0.00
Nabunturan,2025-01-19,25.80,23.10,28.90,84.00,5.70
Nabunturan,2025-01-20,25.60,23.50,29.20,91.00,9.00
Nabunturan,2025-01-21,25.80,23.00,30.20,89.00,19.00
Nabunturan,2025-01-22,26.60,23.50,31.30,85.00,0.60
Nabunturan,2025-01-23,25.70,23.40,30.60,89.00,17.60
Nabunturan,2025-01-24,26.40,23.40,30.40,88.00,3.10
Nabunturan,2025-01-25,25.90,23.90,29.40,88.00,4.80
Nabunturan,2025-01-26,25.60,23.00,29.00,88.00,1.00
Nabunturan,2025-01-27,25.20,22.90,29.00,90.00,14.70
Nabunturan,2025-01-28,26.10,23.00,30.50,83.00,0.60
Nabunturan,2025-01-29,24.70,23.60,27.00,92.00,8.90
Nabunturan,2025-01-30,25.80,22.80,30.60,86.00,0.60
Nabunturan,2025-01-31,26.40,22.60,31.50,81.00,0.50
Nabunturan,2025-02-01,25.50,21.90,30.00,87.00,21.00
Nabunturan,2025-02-02,25.50,23.50,28.60,90.00,3.90
Nabunturan,2025-02-03,25.80,22.80,30.00,84.00,0.30
Nabunturan,2025-02-04,25.80,23.70,29.60,84.00,4.90
Nabunturan,2025-02-05,24.70,23.40,26.10,92.00,16.10
Nabunturan,2025-02-06,24.70,23.00,27.50,92.00,12.40
Nabunturan,2025-02-07,25.10,23.40,28.00,92.00,7.90
Nabunturan,2025-02-08,25.80,23.30,29.40,89.00,1.20
Nabunturan,2025-02-09,25.80,22.80,30.10,88.00,11.80
Nabunturan,2025-02-10,24.90,23.20,27.80,92.00,7.80
Nabunturan,2025-02-11,26.20,23.50,30.40,84.00,0.10
Nabunturan,2025-02-12,24.80,23.50,26.60,92.00,10.50
Nabunturan,2025-02-13,25.00,23.10,28.40,91.00,19.70
Nabunturan,2025-02-14,25.40,23.00,28.10,90.00,2.70
Nabunturan,2025-02-15,26.00,23.60,30.70,89.00,5.70
Nabunturan,2025-02-16,24.90,22.00,29.00,93.00,3.70
Nabunturan,2025-02-17,24.90,22.20,29.70,92.00,22.50
Nabunturan,2025-02-18,25.40,22.40,30.10,87.00,8.80
Nabunturan,2025-02-19,25.10,22.60,28.60,88.00,14.00
Nabunturan,2025-02-20,25.50,22.80,30.60,88.00,8.00
Nabunturan,2025-02-21,24.30,22.50,27.00,93.00,7.10
Nabunturan,2025-02-22,25.60,22.50,31.20,85.00,1.10
Nabunturan,2025-02-23,25.50,20.60,30.40,83.00,2.70
Nabunturan,2025-02-24,25.30,22.10,29.20,86.00,17.00
Nabunturan,2025-02-25,24.50,22.40,27.90,90.00,24.40
Nabunturan,2025-02-26,25.50,21.90,29.60,86.00,3.50
Nabunturan,2025-02-27,24.60,22.10,27.50,89.00,9.40
Nabunturan,2025-02-28,24.70,22.60,27.40,91.00,9.40
Nabunturan,2025-03-01,26.00,22.80,31.00,88.00,6.00
Nabunturan,2025-03-02,26.50,23.00,31.90,82.00,0.20
Nabunturan,2025-03-03,25.80,23.70,29.50,89.00,4.90
Nabunturan,2025-03-04,25.40,23.80,28.50,94.00,20.20
Nabunturan,2025-03-05,25.30,23.50,29.00,91.00,16.70
Nabunturan,2025-03-06,25.20,22.40,28.70,92.00,4.20
Nabunturan,2025-03-07,26.10,23.00,30.20,89.00,8.70
Nabunturan,2025-03-08,26.70,23.00,32.30,80.00,0.20
Nabunturan,2025-03-09,26.30,23.40,30.50,84.00,1.60
Nabunturan,2025-03-10,25.80,23.00,29.70,88.00,2.10
Nabunturan,2025-03-11,26.60,22.90,32.00,81.00,2.10
Nabunturan,2025-03-12,26.50,22.20,32.20,81.00,0.00
Nabunturan,2025-03-13,26.50,22.40,31.90,80.00,0.00
Nabunturan,2025-03-14,26.70,22.90,31.20,83.00,0.40
Nabunturan,2025-03-15,27.10,24.30,31.50,85.00,4.60
Nabunturan,2025-03-16,25.90,24.30,29.20,90.00,12.60
Nabunturan,2025-03-17,25.70,23.20,28.80,90.00,21.00
Nabunturan,2025-03-18,26.20,23.00,30.50,86.00,1.30
Nabunturan,2025-03-19,26.30,23.90,30.50,88.00,14.60
Nabunturan,2025-03-20,27.20,24.10,32.80,82.00,0.30
Nabunturan,2025-03-21,26.00,23.60,29.00,88.00,5.80
Nabunturan,2025-03-22,27.00,24.00,31.80,81.00,4.00
Nabunturan,2025-03-23,25.80,23.40,28.40,88.00,3.60
Nabunturan,2025-03-24,26.20,23.50,29.80,89.00,6.40
Nabunturan,2025-03-25,26.00,22.30,31.00,87.00,0.60
Nabunturan,2025-03-26,25.90,23.20,31.00,89.00,5.90
Nabunturan,2025-03-27,26.30,23.60,30.90,86.00,1.90
Nabunturan,2025-03-28,26.20,23.20,30.90,88.00,10.00
Nabunturan,2025-03-29,25.80,23.60,30.00,92.00,24.90
Nabunturan,2025-03-30,25.70,23.70,30.00,90.00,8.40
Nabunturan,2025-03-31,26.20,23.10,31.80,86.00,7.10
Nabunturan,2025-04-01,26.40,21.80,32.40,84.00,0.00
Nabunturan,2025-04-02,26.90,22.10,32.20,82.00,0.00
Nabunturan,2025-04-03,26.50,22.10,31.20,85.00,2.10
Nabunturan,2025-04-04,26.50,23.10,30.90,84.00,10.20
Nabunturan,2025-04-05,25.20,22.00,28.50,89.00,4.00
Nabunturan,2025-04-06,25.60,23.50,29.40,89.00,13.60
Nabunturan,2025-04-07,25.50,22.50,30.00,90.00,7.80
Nabunturan,2025-04-08,25.90,23.20,31.20,89.00,4.10
Nabunturan,2025-04-09,26.80,22.90,32.30,82.00,0.10
Nabunturan,2025-04-10,26.30,22.50,31.30,87.00,4.40
Nabunturan,2025-04-11,26.10,23.50,30.60,90.00,9.30
Nabunturan,2025-04-12,26.20,24.20,30.70,89.00,8.80
Nabunturan,2025-04-13,26.40,23.80,31.00,88.00,7.80
Nabunturan,2025-04-14,25.80,23.40,30.60,91.00,6.00
Nabunturan,2025-04-15,25.90,23.10,29.70,91.00,15.60
Nabunturan,2025-04-16,27.00,23.50,32.80,81.00,0.40
Nabunturan,2025-04-17,26.30,20.90,32.70,84.00,5.70
Nabunturan,2025-04-18,27.70,24.20,33.20,78.00,0.00
Nabunturan,2025-04-19,26.60,23.40,31.80,84.00,0.50
Nabunturan,2025-04-20,26.90,23.30,32.50,83.00,2.10
Nabunturan,2025-04-21,27.10,24.30,31.70,83.00,1.80
Nabunturan,2025-04-22,27.60,23.80,32.30,80.00,0.00
Nabunturan,2025-04-23,27.50,23.10,33.00,77.00,0.30
Nabunturan,2025-04-24,27.80,23.60,32.90,77.00,0.30
Nabunturan,2025-04-25,27.20,23.10,32.00,82.00,1.70
Nabunturan,2025-04-26,25.60,23.60,28.40,89.00,10.50
Nabunturan,2025-04-27,25.70,23.70,29.80,91.00,18.70
Nabunturan,2025-04-28,26.10,22.80,31.00,89.00,6.00
Nabunturan,2025-04-29,25.80,24.00,29.60,91.00,16.20
Nabunturan,2025-04-30,25.70,23.70,29.10,92.00,21.20
Nabunturan,2025-05-01,26.30,23.80,30.80,89.00,6.90
Nabunturan,2025-05-02,25.60,23.90,28.20,93.00,40.40
Nabunturan,2025-05-03,25.90,23.50,31.10,92.00,25.00
Nabunturan,2025-05-04,26.20,23.00,31.20,89.00,16.50
Nabunturan,2025-05-05,26.50,23.50,30.10,89.00,26.20
Nabunturan,2025-05-06,25.90,23.70,28.90,92.00,20.40
Nabunturan,2025-05-07,25.90,23.50,29.80,91.00,16.30
Nabunturan,2025-05-08,26.40,23.40,30.70,87.00,1.20
Nabunturan,2025-05-09,26.40,24.00,30.20,89.00,1.30
Nabunturan,2025-05-10,26.30,22.90,31.80,88.00,3.70
Nabunturan,2025-05-11,26.50,23.50,31.20,86.00,0.40
Nabunturan,2025-05-12,26.40,22.10,31.90,86.00,2.10
Nabunturan,2025-05-13,26.10,23.60,30.60,91.00,16.00
Nabunturan,2025-05-14,26.00,23.80,30.60,91.00,13.00
Nabunturan,2025-05-15,25.90,23.80,29.50,90.00,2.20
Nabunturan,2025-05-16,26.30,23.50,31.00,89.00,22.50
Nabunturan,2025-05-17,25.70,23.90,29.60,92.00,14.70
Nabunturan,2025-05-18,25.30,23.70,27.80,91.00,21.10
Nabunturan,2025-05-19,25.80,22.90,31.20,90.00,15.50
Nabunturan,2025-05-20,25.60,23.00,28.60,92.00,11.20
Nabunturan,2025-05-21,25.40,23.60,28.90,92.00,9.30
Nabunturan,2025-05-22,25.50,23.60,30.30,92.00,11.60
Nabunturan,2025-05-23,25.20,23.40,29.10,94.00,11.80
Nabunturan,2025-05-24,25.50,23.20,29.10,92.00,12.90
Nabunturan,2025-05-25,25.90,22.90,30.50,90.00,7.60
Nabunturan,2025-05-26,26.40,22.50,31.40,88.00,3.10
Nabunturan,2025-05-27,26.40,24.10,30.20,91.00,4.60
Nabunturan,2025-05-28,25.80,24.00,28.50,92.00,3.10
Nabunturan,2025-05-29,26.20,23.20,30.40,89.00,5.90
Nabunturan,2025-05-30,26.70,23.10,32.20,87.00,0.10
Nabunturan,2025-05-31,26.40,23.60,31.00,89.00,25.50
Nabunturan,2025-06-01,26.20,23.60,30.60,90.00,8.90
Nabunturan,2025-06-02,26.20,23.80,31.00,90.00,14.40
Nabunturan,2025-06-03,26.20,23.50,30.50,90.00,15.10
Nabunturan,2025-06-04,26.50,23.60,30.50,89.00,19.30
Nabunturan,2025-06-05,25.70,23.20,29.50,92.00,16.70
Nabunturan,2025-06-06,25.90,23.50,31.20,91.00,6.30
Nabunturan,2025-06-07,26.20,23.60,30.50,90.00,8.10
Nabunturan,2025-06-08,27.30,24.70,31.50,83.00,3.80
Nabunturan,2025-06-09,27.20,23.50,31.60,85.00,0.30
Nabunturan,2025-06-10,27.70,23.70,32.00,85.00,0.50
Nabunturan,2025-06-11,27.00,24.00,30.90,87.00,1.10
Nabunturan,2025-06-12,26.50,24.20,31.70,88.00,18.40
Nabunturan,2025-06-13,25.90,23.00,31.00,90.00,24.30
Nabunturan,2025-06-14,26.10,23.70,29.80,90.00,8.50
Nabunturan,2025-06-15,25.20,23.50,28.10,94.00,27.40
Nabunturan,2025-06-16,26.40,23.10,31.20,85.00,0.90
Nabunturan,2025-06-17,26.00,23.20,30.40,90.00,12.30
Nabunturan,2025-06-18,26.40,23.60,30.40,87.00,0.60
Nabunturan,2025-06-19,25.40,23.20,28.30,90.00,7.20
Nabunturan,2025-06-20,25.40,23.20,28.50,91.00,8.30
Nabunturan,2025-06-21,25.30,23.60,29.20,92.00,27.70
Nabunturan,2025-06-22,26.00,22.50,31.50,88.00,24.30
Nabunturan,2025-06-23,24.90,23.20,27.80,92.00,8.60
Nabunturan,2025-06-24,25.70,22.80,30.10,90.00,6.60
Nabunturan,2025-06-25,25.90,22.70,30.80,90.00,17.40
Nabunturan,2025-06-26,26.30,23.20,30.40,86.00,1.10
Nabunturan,2025-06-27,26.00,23.10,31.30,89.00,10.50
Nabunturan,2025-06-28,26.20,22.60,32.00,89.00,34.20
Nabunturan,2025-06-29,25.50,23.00,30.70,91.00,49.30
Nabunturan,2025-06-30,25.60,23.00,29.80,92.00,39.20
Nabunturan,2025-07-01,26.20,22.90,31.10,88.00,11.70
Nabunturan,2025-07-02,26.90,23.60,32.20,84.00,11.40
Nabunturan,2025-07-03,27.00,23.00,32.40,85.00,0.10
Nabunturan,2025-07-04,26.40,23.50,31.20,89.00,14.80
Nabunturan,2025-07-05,27.20,23.50,32.30,86.00,15.80
Nabunturan,2025-07-06,25.80,23.20,29.50,89.00,8.00
Nabunturan,2025-07-07,26.30,23.20,32.20,86.00,37.50
Nabunturan,2025-07-08,26.20,22.50,31.40,87.00,5.90
Nabunturan,2025-07-09,26.20,23.20,30.00,88.00,13.20
Nabunturan,2025-07-10,26.30,23.40,31.40,88.00,16.40
Nabunturan,2025-07-11,26.40,24.00,30.70,87.00,10.30
Nabunturan,2025-07-12,26.30,23.40,30.80,89.00,5.70
Nabunturan,2025-07-13,26.90,23.90,30.90,88.00,16.00
Nabunturan,2025-07-14,26.50,23.70,31.30,88.00,28.70
Nabunturan,2025-07-15,26.10,23.40,31.10,89.00,8.40
Nabunturan,2025-07-16,27.10,23.80,31.00,83.00,1.00
Nabunturan,2025-07-17,27.00,24.60,30.10,79.00,3.30
Nabunturan,2025-07-18,27.10,23.80,30.90,79.00,0.60
Nabunturan,2025-07-19,27.30,24.90,30.00,78.00,0.30
Nabunturan,2025-07-20,27.10,23.30,31.50,83.00,0.00
Nabunturan,2025-07-21,27.30,23.90,32.20,85.00,1.30
Nabunturan,2025-07-22,26.70,24.00,31.40,86.00,7.50
Nabunturan,2025-07-23,27.90,23.60,32.50,75.00,0.30
Nabunturan,2025-07-24,28.50,24.90,32.80,73.00,0.00
Nabunturan,2025-07-25,28.10,23.90,32.70,77.00,0.00
Nabunturan,2025-07-26,28.20,23.90,32.80,78.00,0.30
Nabunturan,2025-07-27,27.90,23.40,32.80,79.00,0.00
Nabunturan,2025-07-28,28.10,23.50,33.20,76.00,0.00
Nabunturan,2025-07-29,28.40,24.10,33.30,73.00,0.00
Nabunturan,2025-07-30,28.30,23.80,33.50,75.00,0.00
Nabunturan,2025-07-31,28.60,23.90,34.20,75.00,0.10
Nabunturan,2025-08-01,28.10,24.50,33.70,82.00,15.80
Nabunturan,2025-08-02,27.80,23.40,33.60,81.00,0.60
Nabunturan,2025-08-03,27.70,24.30,33.20,84.00,9.10
Nabunturan,2025-08-04,27.40,23.60,32.80,83.00,7.60
Nabunturan,2025-08-05,27.20,23.50,32.70,81.00,5.10
Nabunturan,2025-08-06,26.90,23.80,33.00,82.00,3.50
Nabunturan,2025-08-07,26.60,23.20,32.20,85.00,12.50
Nabunturan,2025-08-08,26.40,23.60,30.50,85.00,9.40
Nabunturan,2025-08-09,26.50,23.20,33.20,85.00,15.60
Nabunturan,2025-08-10,26.20,23.10,31.90,86.00,13.40
Nabunturan,2025-08-11,25.60,22.80,31.80,88.00,10.90
Nabunturan,2025-08-12,25.50,22.30,30.50,87.00,1.40
Nabunturan,2025-08-13,25.90,22.40,30.90,88.00,12.40
Nabunturan,2025-08-14,25.80,23.50,30.30,89.00,9.50
Nabunturan,2025-08-15,25.60,22.90,30.60,90.00,5.30
Nabunturan,2025-08-16,26.00,22.00,31.50,85.00,0.90
Nabunturan,2025-08-17,25.90,23.10,30.20,89.00,5.30
Nabunturan,2025-08-18,26.00,23.20,29.80,88.00,15.40
Nabunturan,2025-08-19,25.10,23.40,28.00,91.00,13.80
Nabunturan,2025-08-20,25.80,22.50,31.50,87.00,5.00
Nabunturan,2025-08-21,25.90,22.60,31.50,87.00,3.80
Nabunturan,2025-08-22,25.30,22.60,30.50,89.00,28.60
Nabunturan,2025-08-23,25.70,22.20,30.40,86.00,11.50
Nabunturan,2025-08-24,25.50,23.30,28.00,84.00,1.70
Nabunturan,2025-08-25,25.80,22.80,28.80,87.00,2.10
Nabunturan,2025-08-26,26.00,22.60,31.50,84.00,37.70
Nabunturan,2025-08-27,26.50,23.40,31.10,85.00,3.90
Nabunturan,2025-08-28,27.20,23.90,31.70,79.00,0.50
Nabunturan,2025-08-29,26.60,24.00,31.20,84.00,0.10
Nabunturan,2025-08-30,24.90,23.60,26.60,95.00,14.40
Nabunturan,2025-08-31,25.80,23.00,29.60,84.00,2.20
Nabunturan,2025-09-01,27.50,23.10,32.50,74.00,0.50
Nabunturan,2025-09-02,27.60,23.40,33.50,79.00,12.30
Nabunturan,2025-09-03,26.50,23.00,31.90,86.00,1.70
Nabunturan,2025-09-04,26.50,24.20,31.80,86.00,11.80
Nabunturan,2025-09-05,26.40,23.10,31.20,86.00,2.80
Nabunturan,2025-09-06,26.70,23.50,31.50,85.00,8.40
Nabunturan,2025-09-07,26.20,23.80,31.10,87.00,4.00
Nabunturan,2025-09-08,25.50,23.10,29.10,88.00,10.60
Nabunturan,2025-09-09,26.50,22.40,32.50,84.00,8.40
Nabunturan,2025-09-10,26.00,22.40,32.10,88.00,8.00
Nabunturan,2025-09-11,26.20,22.70,32.70,86.00,1.20
Nabunturan,2025-09-12,26.00,23.10,29.40,88.00,15.70
Nabunturan,2025-09-13,26.50,23.60,32.10,86.00,17.00
Nabunturan,2025-09-14,25.80,23.40,31.20,90.00,17.90
Nabunturan,2025-09-15,25.60,22.90,30.90,89.00,11.20
Nabunturan,2025-09-16,26.40,23.20,30.90,85.00,3.90
Nabunturan,2025-09-17,26.00,23.20,32.10,88.00,18.20
Nabunturan,2025-09-18,25.80,22.20,30.80,90.00,18.50
Nabunturan,2025-09-19,26.60,23.10,31.50,86.00,1.10
Nabunturan,2025-09-20,27.00,23.80,32.20,85.00,0.60
Nabunturan,2025-09-21,27.70,23.20,32.70,79.00,0.60
Nabunturan,2025-09-22,27.90,24.20,33.30,80.00,2.60
Nabunturan,2025-09-23,27.20,23.60,31.60,81.00,0.40
Nabunturan,2025-09-24,28.00,24.50,33.20,75.00,0.00
Nabunturan,2025-09-25,27.50,23.10,31.50,71.00,0.60
Nabunturan,2025-09-26,28.30,24.10,33.20,67.00,1.50
Nabunturan,2025-09-27,27.50,23.10,33.90,77.00,8.00
Nabunturan,2025-09-28,26.80,23.40,33.20,83.00,6.70
Nabunturan,2025-09-29,26.40,23.50,31.60,84.00,2.90
Nabunturan,2025-09-30,26.50,23.30,32.50,83.00,8.50
Nabunturan,2025-10-01,26.50,22.80,32.30,81.00,0.60
Nabunturan,2025-10-02,27.00,23.10,34.70,81.00,7.40
Nabunturan,2025-10-03,26.30,22.20,33.70,83.00,16.50
Nabunturan,2025-10-04,26.70,22.10,32.80,83.00,5.00
Nabunturan,2025-10-05,27.30,22.80,32.80,78.00,10.20
Nabunturan,2025-10-06,26.30,23.10,32.20,85.00,19.10
Nabunturan,2025-10-07,26.00,22.90,30.20,87.00,15.90
Nabunturan,2025-10-08,26.60,23.20,31.10,83.00,5.20
Nabunturan,2025-10-09,27.30,23.50,31.40,79.00,1.90
Nabunturan,2025-10-10,26.50,23.40,31.10,83.00,14.30
Nabunturan,2025-10-11,26.50,24.00,31.20,85.00,5.70
Nabunturan,2025-10-12,27.50,23.80,33.00,81.00,6.30
Nabunturan,2025-10-13,26.40,23.60,30.50,85.00,5.90
Nabunturan,2025-10-14,26.90,23.10,33.70,82.00,4.50
Nabunturan,2025-10-15,26.80,23.10,33.90,84.00,8.00
Nabunturan,2025-10-16,27.80,23.10,34.00,79.00,1.00
Nabunturan,2025-10-17,26.90,24.30,33.80,85.00,28.20
Nabunturan,2025-10-18,27.60,23.20,32.80,78.00,0.00
Nabunturan,2025-10-19,27.70,23.00,34.20,78.00,0.10
Nabunturan,2025-10-20,28.20,24.10,34.20,81.00,12.10
Nabunturan,2025-10-21,27.40,24.50,33.20,83.00,4.80
Nabunturan,2025-10-22,26.70,23.90,33.40,85.00,4.10
Nabunturan,2025-10-23,26.80,23.50,33.40,87.00,5.10
Nabunturan,2025-10-24,27.00,24.10,32.20,85.00,16.10
Nabunturan,2025-10-25,26.10,22.40,30.60,88.00,21.40
Nabunturan,2025-10-26,25.30,24.00,27.60,91.00,18.30
Nabunturan,2025-10-27,26.30,23.00,30.50,84.00,2.00
Nabunturan,2025-10-28,26.70,23.50,31.00,82.00,0.30
Nabunturan,2025-10-29,26.00,23.60,30.50,86.00,4.00
Nabunturan,2025-10-30,26.00,24.00,29.80,90.00,28.60
Nabunturan,2025-10-31,26.70,23.50,31.10,87.00,3.60
Nabunturan,2025-11-01,26.20,23.40,31.10,88.00,7.90
Nabunturan,2025-11-02,26.60,22.40,32.30,85.00,2.20
Nabunturan,2025-11-03,25.90,23.10,31.00,87.00,14.20
Nabunturan,2025-11-04,26.70,22.70,31.80,83.00,1.40
Nabunturan,2025-11-05,27.50,22.40,33.70,80.00,0.30
Nabunturan,2025-11-06,26.90,23.40,33.00,86.00,48.90
Nabunturan,2025-11-07,27.10,23.00,32.70,82.00,0.30
Nabunturan,2025-11-08,26.60,22.80,31.20,83.00,3.20
Nabunturan,2025-11-09,27.80,24.30,31.80,77.00,1.30
Nabunturan,2025-11-10,27.30,22.50,33.30,80.00,1.00
Nabunturan,2025-11-11,27.40,23.80,33.00,81.00,10.10
Nabunturan,2025-11-12,26.60,22.90,32.20,86.00,3.70
Nabunturan,2025-11-13,25.70,23.70,30.50,90.00,10.30
Nabunturan,2025-11-14,25.30,23.60,28.40,92.00,14.00
Nabunturan,2025-11-15,26.00,24.10,29.90,89.00,29.30
Nabunturan,2025-11-16,25.80,23.90,29.40,90.00,4.70
Nabunturan,2025-11-17,26.00,23.10,30.80,88.00,4.10
Nabunturan,2025-11-18,25.90,23.10,29.50,87.00,4.70
Nabunturan,2025-11-19,25.60,23.80,29.10,91.00,13.80
Nabunturan,2025-11-20,26.70,23.00,31.70,81.00,0.70
Nabunturan,2025-11-21,26.70,23.50,31.00,81.00,2.00
Nabunturan,2025-11-22,27.30,23.30,32.50,78.00,3.30
Nabunturan,2025-11-23,26.00,24.10,29.40,89.00,6.70
Nabunturan,2025-11-24,25.60,24.10,27.80,90.00,6.20
Nabunturan,2025-11-25,27.40,23.50,32.00,80.00,0.60
Nabunturan,2025-11-26,27.90,23.80,33.00,81.00,1.10
Nabunturan,2025-11-27,27.00,24.40,32.80,86.00,10.60
Nabunturan,2025-11-28,26.60,23.60,33.20,87.00,10.10
Nabunturan,2025-11-29,26.50,23.20,33.30,86.00,1.80
Nabunturan,2025-11-30,27.30,22.50,32.00,79.00,2.50
Nabunturan,2025-12-01,25.10,24.00,27.90,92.00,30.00
Nabunturan,2025-12-02,26.30,22.60,31.30,83.00,0.00
Nabunturan,2025-12-03,26.60,22.40,31.10,81.00,0.10
Nabunturan,2025-12-04,26.40,22.10,32.40,82.00,12.40
Nabunturan,2025-12-05,25.90,23.20,31.90,89.00,21.40
Nabunturan,2025-12-06,26.40,23.00,32.40,86.00,2.50
Nabunturan,2025-12-07,26.30,23.40,30.80,87.00,6.00
Nabunturan,2025-12-08,26.70,23.70,31.40,86.00,0.70
Nabunturan,2025-12-09,26.80,23.00,31.80,83.00,0.50
Nabunturan,2025-12-10,26.70,22.30,30.90,81.00,3.90
Nabunturan,2025-12-11,27.40,23.90,32.80,79.00,0.10
Nabunturan,2025-12-12,27.10,22.90,33.20,76.00,0.20
Nabunturan,2025-12-13,26.90,21.90,32.90,76.00,0.20
Nabunturan,2025-12-14,27.00,24.40,31.20,79.00,0.40
Nabunturan,2025-12-15,26.10,23.80,30.10,84.00,17.60
Nabunturan,2025-12-16,26.30,22.70,31.20,83.00,2.30
Nabunturan,2025-12-17,25.50,23.80,29.40,89.00,12.00
Nabunturan,2025-12-18,25.40,23.20,28.20,88.00,3.00
Nabunturan,2025-12-19,25.30,23.20,27.90,90.00,10.70
Nabunturan,2025-12-20,26.20,23.50,30.90,86.00,9.50
Nabunturan,2025-12-21,26.00,23.40,30.50,88.00,6.90
Nabunturan,2025-12-22,26.00,23.90,29.20,87.00,1.60
Nabunturan,2025-12-23,25.60,23.50,29.10,90.00,1.80
Nabunturan,2025-12-24,26.10,23.40,30.00,89.00,11.70
Nabunturan,2025-12-25,26.40,23.50,31.90,86.00,0.60
Nabunturan,2025-12-26,27.00,23.00,32.30,80.00,0.30
Nabunturan,2025-12-27,26.40,23.60,30.90,86.00,8.20
Nabunturan,2025-12-28,26.10,23.60,30.40,85.00,0.50
Nabunturan,2025-12-29,26.30,23.00,30.90,85.00,1.90
Nabunturan,2025-12-30,26.70,24.10,31.60,85.00,15.80
Nabunturan,2025-12-31,26.50,23.50,32.00,82.00,7.20
Nabunturan,2026-01-01,26.30,22.40,31.60,85.00,1.00
Nabunturan,2026-01-02,25.50,23.30,31.40,90.00,14.50
Nabunturan,2026-01-03,25.70,22.50,30.80,87.00,4.40
Nabunturan,2026-01-04,25.20,23.50,28.90,93.00,26.60
Nabunturan,2026-01-05,26.00,22.80,29.90,85.00,0.10
Nabunturan,2026-01-06,26.60,22.90,31.40,82.00,1.70
Nabunturan,2026-01-07,26.90,23.10,31.90,83.00,0.20
Nabunturan,2026-01-08,27.10,23.20,31.90,80.00,0.20
Nabunturan,2026-01-09,26.50,23.30,32.50,83.00,2.40
Nabunturan,2026-01-10,25.80,23.40,30.70,87.00,17.10
Nabunturan,2026-01-11,26.10,23.30,30.30,83.00,1.30
Nabunturan,2026-01-12,26.70,23.10,31.60,78.00,0.20
Nabunturan,2026-01-13,25.30,23.20,29.80,86.00,17.70
Nabunturan,2026-01-14,25.40,23.20,29.70,86.00,4.20
Nabunturan,2026-01-15,26.10,23.20,30.10,81.00,2.50
Nabunturan,2026-01-16,26.00,22.60,32.20,84.00,12.70
Nabunturan,2026-01-17,27.00,21.20,32.90,79.00,0.30
Nabunturan,2026-01-18,27.60,21.90,33.20,73.00,2.40
Nabunturan,2026-01-19,26.40,23.00,32.50,86.00,11.50
Nabunturan,2026-01-20,26.60,23.20,31.50,81.00,2.20
Nabunturan,2026-01-21,26.40,22.50,31.50,76.00,1.70
Nabunturan,2026-01-22,25.40,21.50,30.70,80.00,1.60
Nabunturan,2026-01-23,25.80,21.40,30.50,74.00,0.10
Nabunturan,2026-01-24,25.10,21.80,30.60,81.00,19.60
Nabunturan,2026-01-25,24.80,22.50,27.80,84.00,25.70
Nabunturan,2026-01-26,26.20,23.00,30.60,79.00,0.70
Nabunturan,2026-01-27,26.40,22.50,31.60,83.00,1.00
Nabunturan,2026-01-28,25.90,23.00,29.60,81.00,2.10
Nabunturan,2026-01-29,25.80,21.60,30.50,74.00,0.20
Nabunturan,2026-01-30,25.10,20.60,30.80,77.00,0.00
Nabunturan,2026-01-31,26.50,21.50,33.00,74.00,2.90
Nabunturan,2026-02-01,26.80,22.60,33.50,78.00,1.30
Nabunturan,2026-02-02,26.40,22.50,32.20,80.00,1.20
Nabunturan,2026-02-03,25.50,23.60,30.00,85.00,12.70
Nabunturan,2026-02-04,25.40,22.50,28.50,83.00,0.30
Nabunturan,2026-02-05,24.20,23.20,25.10,93.00,36.10
Nabunturan,2026-02-06,26.80,22.60,32.20,83.00,1.20
Nabunturan,2026-02-07,27.00,22.20,32.50,81.00,3.70
Nabunturan,2026-02-08,26.30,23.20,30.20,83.00,2.40
Nabunturan,2026-02-09,26.20,23.10,30.60,85.00,3.40
Nabunturan,2026-02-10,26.20,23.20,31.20,86.00,6.50
Nabunturan,2026-02-11,26.50,23.50,30.20,84.00,4.20
Nabunturan,2026-02-12,25.90,23.40,29.90,85.00,42.60
Nabunturan,2026-02-13,25.80,23.00,30.10,85.00,27.30
Nabunturan,2026-02-14,25.70,20.60,31.50,83.00,0.60
Nabunturan,2026-02-15,26.10,21.60,32.40,79.00,0.00
Nabunturan,2026-02-16,26.60,23.00,31.40,80.00,1.00
Nabunturan,2026-02-17,26.30,22.60,31.20,81.00,0.40
Nabunturan,2026-02-18,24.50,23.10,26.50,91.00,12.00
Nabunturan,2026-02-19,23.90,22.50,27.00,94.00,22.90
Nabunturan,2026-02-20,23.10,22.50,23.80,95.00,124.60
Nabunturan,2026-02-21,24.90,22.60,28.90,91.00,12.50
Nabunturan,2026-02-22,24.10,23.00,25.80,95.00,20.90
Nabunturan,2026-02-23,24.90,23.00,28.70,92.00,17.10
Nabunturan,2026-02-24,25.50,23.20,30.10,90.00,13.90
Nabunturan,2026-02-25,25.10,22.00,29.40,90.00,15.00
Nabunturan,2026-02-26,24.80,23.20,27.90,91.00,9.10
Nabunturan,2026-02-27,25.90,22.00,30.50,83.00,0.10
Nabunturan,2026-02-28,25.50,23.00,29.50,85.00,1.90
Nabunturan,2026-03-01,26.00,22.10,31.00,83.00,1.00
Nabunturan,2026-03-02,26.20,22.50,31.30,82.00,0.40
Nabunturan,2026-03-03,25.40,22.00,28.80,85.00,1.20
Nabunturan,2026-03-04,25.90,22.00,29.70,83.00,2.70
Nabunturan,2026-03-05,26.40,23.60,29.80,81.00,0.70
Nabunturan,2026-03-06,26.20,21.60,31.20,80.00,0.00
Nabunturan,2026-03-07,26.00,21.80,31.00,83.00,1.10
Nabunturan,2026-03-08,25.70,22.90,30.20,87.00,14.60
Nabunturan,2026-03-09,24.60,23.20,27.20,93.00,37.50
Nabunturan,2026-03-10,24.90,23.00,28.40,89.00,6.40
Nabunturan,2026-03-11,24.90,22.10,28.60,87.00,2.60
Nabunturan,2026-03-12,24.40,20.50,29.10,87.00,6.30
Nabunturan,2026-03-13,24.80,21.80,28.50,81.00,1.40
Nabunturan,2026-03-14,24.20,20.80,28.10,77.00,0.80
Nabunturan,2026-03-15,23.70,18.80,29.10,78.00,0.00
Nabunturan,2026-03-16,23.90,18.50,29.50,80.00,0.10
Nabunturan,2026-03-17,24.80,19.70,30.30,79.00,0.00
Nabunturan,2026-03-18,25.50,20.00,31.10,81.00,0.60
Nabunturan,2026-03-19,26.00,22.20,30.70,80.00,0.80
Nabunturan,2026-03-20,25.40,20.30,30.60,82.00,1.80
Nabunturan,2026-03-21,25.20,22.90,28.40,85.00,12.40
Nabunturan,2026-03-22,25.90,22.50,30.50,80.00,1.90
Nabunturan,2026-03-23,25.60,19.80,31.20,78.00,0.00
Nabunturan,2026-03-24,26.40,21.10,32.20,78.00,0.00
Nabunturan,2026-03-25,27.20,22.60,32.70,77.00,0.30
Nabunturan,2026-03-26,24.60,23.50,26.00,94.00,54.80
Nabunturan,2026-03-27,25.80,20.50,30.80,85.00,0.90
Nabunturan,2026-03-28,26.10,21.50,31.00,78.00,0.00
Nabunturan,2026-03-29,25.00,19.10,31.80,78.00,0.00
Nabunturan,2026-03-30,25.60,20.80,31.30,80.00,0.10
Nabunturan,2026-03-31,25.70,20.90,31.50,81.00,0.00
Nabunturan,2026-04-01,26.30,22.00,31.10,82.00,0.70
Nabunturan,2026-04-02,26.80,22.20,32.60,77.00,0.20
Nabunturan,2026-04-03,26.90,22.00,32.30,75.00,0.50
Nabunturan,2026-04-04,26.50,23.80,30.80,81.00,2.30
Nabunturan,2026-04-05,26.90,22.60,32.80,81.00,0.10
Nabunturan,2026-04-06,26.80,20.90,33.40,77.00,0.00
Nabunturan,2026-04-07,26.60,23.80,30.60,84.00,8.00
Nabunturan,2026-04-08,26.80,23.20,32.00,82.00,2.80
Nabunturan,2026-04-09,26.80,21.30,32.90,77.00,0.00
Nabunturan,2026-04-10,26.60,22.20,32.80,80.00,35.60
Nabunturan,2026-04-11,27.10,21.80,33.00,74.00,2.70
Nabunturan,2026-04-12,27.60,22.50,33.30,69.00,0.00
Nabunturan,2026-04-13,27.40,20.50,34.10,67.00,0.80
Nabunturan,2026-04-14,27.90,21.80,34.20,69.00,0.30
Nabunturan,2026-04-15,28.20,22.60,34.60,68.00,0.10
Nabunturan,2026-04-16,28.10,21.80,35.20,68.00,0.50
Nabunturan,2026-04-17,28.40,22.50,35.20,66.00,0.20
Nabunturan,2026-04-18,29.10,23.60,35.00,63.00,0.40
Nabunturan,2026-04-19,29.00,23.60,35.90,63.00,0.10
Nabunturan,2026-04-20,28.70,22.00,36.20,64.00,0.00
Nabunturan,2026-04-21,28.80,23.40,35.20,67.00,0.20
Nabunturan,2026-04-22,29.40,23.60,35.60,67.00,1.10
Nabunturan,2026-04-23,29.50,24.80,35.40,68.00,0.80
Nabunturan,2026-04-24,29.70,24.20,37.10,64.00,0.00
Nabunturan,2026-04-25,28.80,23.60,35.00,69.00,8.40
Nabunturan,2026-04-26,27.70,24.50,35.50,79.00,19.30
Nabunturan,2026-04-27,28.10,24.10,35.20,79.00,2.00
Nabunturan,2026-04-28,29.40,24.10,36.80,65.00,0.00
Nabunturan,2026-04-29,28.90,22.50,36.00,63.00,0.00
Nabunturan,2026-04-30,28.00,24.80,33.00,76.00,13.70
Nabunturan,2026-05-01,26.30,24.10,31.80,88.00,15.30
Nabunturan,2026-05-02,26.00,24.10,30.60,90.00,16.00
Nabunturan,2026-05-03,26.40,23.70,32.00,87.00,7.60
Nabunturan,2026-05-04,26.30,24.20,31.80,89.00,4.10
Nabunturan,2026-05-05,27.40,22.80,33.80,82.00,0.20
Nabunturan,2026-05-06,27.50,23.50,33.20,82.00,10.30
Nabunturan,2026-05-07,26.80,24.10,30.50,88.00,6.60
Nabunturan,2026-05-08,27.10,24.50,30.80,87.00,1.20
Nabunturan,2026-05-09,27.00,23.90,32.80,86.00,10.00
Nabunturan,2026-05-10,26.30,23.00,30.70,88.00,11.50
Nabunturan,2026-05-11,28.60,24.10,34.10,78.00,0.40
Nabunturan,2026-05-12,28.70,24.70,34.80,81.00,2.50
Nabunturan,2026-05-13,28.30,24.90,33.70,84.00,3.80
Nabunturan,2026-05-14,28.00,24.30,35.20,85.00,12.70
Nabunturan,2026-05-15,27.60,23.40,33.60,85.00,13.00
Nabunturan,2026-05-16,27.50,24.60,32.80,87.00,16.30
Nabunturan,2026-05-17,28.50,25.10,33.90,79.00,3.40
Nabunturan,2026-05-18,27.30,24.40,32.60,88.00,6.30
Nabunturan,2026-05-19,26.80,24.00,32.80,88.00,21.40
Nabunturan,2026-05-20,27.10,23.50,33.50,86.00,4.20
Nabunturan,2026-05-21,27.60,24.00,33.50,86.00,4.90
Nabunturan,2026-05-22,26.70,24.90,31.50,91.00,18.90
Nabunturan,2026-05-23,25.80,24.20,29.00,94.00,35.90
Nabunturan,2026-05-24,26.60,24.00,31.40,90.00,9.80
Nabunturan,2026-05-25,27.30,24.50,32.30,87.00,2.90
Nabunturan,2026-05-26,26.80,24.00,31.70,89.00,13.60
Nabunturan,2026-05-27,26.80,24.50,31.90,88.00,7.10
Nabunturan,2026-05-28,27.00,23.40,33.10,88.00,10.60
Nabunturan,2026-05-29,26.90,24.10,32.50,91.00,4.90
Nabunturan,2026-05-30,28.30,25.00,32.50,81.00,0.00
Nabunturan,2026-05-31,27.10,24.30,32.50,85.00,12.00
Monkayo,2023-01-01,23.90,21.90,26.40,93.00,15.40
Monkayo,2023-01-02,24.20,23.00,26.30,94.00,36.50
Monkayo,2023-01-03,24.70,22.50,29.00,91.00,33.90
Monkayo,2023-01-04,24.90,23.10,27.50,92.00,10.00
Monkayo,2023-01-05,25.60,23.10,30.10,89.00,10.20
Monkayo,2023-01-06,25.90,22.70,31.30,84.00,3.00
Monkayo,2023-01-07,24.10,23.00,25.70,93.00,37.70
Monkayo,2023-01-08,24.00,22.40,26.50,90.00,19.20
Monkayo,2023-01-09,24.60,22.90,27.00,91.00,6.50
Monkayo,2023-01-10,24.60,22.90,27.10,91.00,14.40
Monkayo,2023-01-11,24.70,22.70,28.60,91.00,39.20
Monkayo,2023-01-12,24.60,23.20,27.40,92.00,8.80
Monkayo,2023-01-13,25.20,23.30,28.20,90.00,8.70
Monkayo,2023-01-14,24.70,23.10,27.50,93.00,31.90
Monkayo,2023-01-15,25.60,23.10,30.10,88.00,9.40
Monkayo,2023-01-16,25.60,22.60,30.80,88.00,9.30
Monkayo,2023-01-17,25.50,22.70,30.90,89.00,5.80
Monkayo,2023-01-18,25.70,22.20,30.90,88.00,5.30
Monkayo,2023-01-19,26.40,23.00,31.10,83.00,0.60
Monkayo,2023-01-20,25.90,23.30,30.10,83.00,0.90
Monkayo,2023-01-21,25.20,23.00,28.90,87.00,10.80
Monkayo,2023-01-22,23.70,22.70,25.00,95.00,61.00
Monkayo,2023-01-23,24.50,22.80,27.20,92.00,21.20
Monkayo,2023-01-24,24.90,22.80,28.20,90.00,7.30
Monkayo,2023-01-25,24.80,22.80,27.50,83.00,6.80
Monkayo,2023-01-26,24.70,22.50,27.80,89.00,28.30
Monkayo,2023-01-27,25.50,23.00,30.80,89.00,8.40
Monkayo,2023-01-28,26.40,22.80,31.70,82.00,1.20
Monkayo,2023-01-29,24.70,23.30,27.20,91.00,14.50
Monkayo,2023-01-30,25.70,23.30,29.20,89.00,1.30
Monkayo,2023-01-31,25.70,23.10,29.30,88.00,1.20
Monkayo,2023-02-01,26.30,23.00,31.60,82.00,0.90
Monkayo,2023-02-02,26.10,22.90,30.50,83.00,3.60
Monkayo,2023-02-03,26.10,23.00,30.40,82.00,1.10
Monkayo,2023-02-04,25.30,23.00,28.30,87.00,6.30
Monkayo,2023-02-05,24.70,22.10,29.00,90.00,21.90
Monkayo,2023-02-06,25.40,22.50,29.80,86.00,2.20
Monkayo,2023-02-07,25.20,22.80,29.60,88.00,6.60
Monkayo,2023-02-08,24.60,22.20,28.80,87.00,2.40
Monkayo,2023-02-09,25.10,22.30,28.80,87.00,3.50
Monkayo,2023-02-10,25.90,22.20,31.30,82.00,0.80
Monkayo,2023-02-11,25.90,22.90,29.90,84.00,1.90
Monkayo,2023-02-12,26.00,23.30,30.40,80.00,2.10
Monkayo,2023-02-13,24.30,23.30,25.70,93.00,10.70
Monkayo,2023-02-14,24.30,23.20,27.80,93.00,55.90
Monkayo,2023-02-15,25.20,23.00,29.50,87.00,38.60
Monkayo,2023-02-16,25.10,23.20,28.80,86.00,4.30
Monkayo,2023-02-17,24.10,22.90,25.60,91.00,15.80
Monkayo,2023-02-18,25.00,22.90,29.50,90.00,27.50
Monkayo,2023-02-19,26.10,21.70,30.20,82.00,0.80
Monkayo,2023-02-20,26.20,23.10,31.00,86.00,13.20
Monkayo,2023-02-21,25.80,23.20,31.20,89.00,13.30
Monkayo,2023-02-22,25.60,22.10,31.30,88.00,9.40
Monkayo,2023-02-23,26.90,23.30,31.90,82.00,1.10
Monkayo,2023-02-24,26.80,23.40,30.70,83.00,2.20
Monkayo,2023-02-25,26.30,23.00,32.30,82.00,0.20
Monkayo,2023-02-26,25.90,23.20,29.30,84.00,3.50
Monkayo,2023-02-27,26.50,23.10,31.40,81.00,2.00
Monkayo,2023-02-28,26.20,23.20,30.40,84.00,2.00
Monkayo,2023-03-01,26.50,23.20,31.60,83.00,2.00
Monkayo,2023-03-02,25.30,22.90,29.20,84.00,3.80
Monkayo,2023-03-03,25.50,21.10,29.60,77.00,0.00
Monkayo,2023-03-04,25.20,23.60,27.90,84.00,3.80
Monkayo,2023-03-05,25.90,22.20,30.00,82.00,3.20
Monkayo,2023-03-06,25.10,21.60,28.90,87.00,2.40
Monkayo,2023-03-07,25.00,23.20,28.00,88.00,3.60
Monkayo,2023-03-08,26.60,23.30,31.60,81.00,0.60
Monkayo,2023-03-09,26.20,23.50,30.50,82.00,1.90
Monkayo,2023-03-10,26.60,22.10,31.40,78.00,0.00
Monkayo,2023-03-11,26.10,21.90,31.10,81.00,0.70
Monkayo,2023-03-12,25.60,22.40,29.10,84.00,4.50
Monkayo,2023-03-13,25.10,23.00,29.00,88.00,15.20
Monkayo,2023-03-14,24.00,22.80,26.30,91.00,15.10
Monkayo,2023-03-15,25.70,21.80,31.50,83.00,5.70
Monkayo,2023-03-16,26.00,22.90,30.90,86.00,5.70
Monkayo,2023-03-17,26.20,23.30,29.80,85.00,4.30
Monkayo,2023-03-18,25.60,22.40,30.20,87.00,8.40
Monkayo,2023-03-19,26.70,23.30,31.40,84.00,9.80
Monkayo,2023-03-20,27.00,23.90,31.60,78.00,0.00
Monkayo,2023-03-21,27.00,22.90,32.60,77.00,0.10
Monkayo,2023-03-22,26.50,23.50,30.60,81.00,1.30
Monkayo,2023-03-23,26.20,21.90,32.90,84.00,15.70
Monkayo,2023-03-24,26.50,23.10,31.90,86.00,16.70
Monkayo,2023-03-25,27.00,23.60,31.20,83.00,1.00
Monkayo,2023-03-26,27.30,23.30,32.20,79.00,0.90
Monkayo,2023-03-27,26.60,23.30,31.00,82.00,1.00
Monkayo,2023-03-28,26.10,23.80,29.20,85.00,13.20
Monkayo,2023-03-29,25.30,22.70,29.50,89.00,31.30
Monkayo,2023-03-30,25.80,23.10,30.30,87.00,9.10
Monkayo,2023-03-31,25.50,23.40,28.30,90.00,23.40
Monkayo,2023-04-01,25.20,22.90,29.70,90.00,20.10
Monkayo,2023-04-02,25.60,22.90,30.20,90.00,18.50
Monkayo,2023-04-03,26.20,22.20,31.30,84.00,2.00
Monkayo,2023-04-04,26.50,21.90,31.60,78.00,0.00
Monkayo,2023-04-05,25.60,22.70,29.30,85.00,8.00
Monkayo,2023-04-06,26.60,22.80,30.90,77.00,0.10
Monkayo,2023-04-07,26.50,22.50,31.60,78.00,0.00
Monkayo,2023-04-08,26.30,23.30,30.90,82.00,3.80
Monkayo,2023-04-09,25.90,23.10,30.80,85.00,2.60
Monkayo,2023-04-10,25.40,22.00,28.50,87.00,0.50
Monkayo,2023-04-11,26.40,23.00,31.80,84.00,6.00
Monkayo,2023-04-12,27.00,22.60,32.30,81.00,0.20
Monkayo,2023-04-13,27.10,23.70,32.20,84.00,2.00
Monkayo,2023-04-14,26.50,23.50,30.90,88.00,4.30
Monkayo,2023-04-15,26.50,23.50,31.00,87.00,10.50
Monkayo,2023-04-16,26.20,23.00,31.70,88.00,5.80
Monkayo,2023-04-17,26.20,23.00,31.10,88.00,18.10
Monkayo,2023-04-18,27.20,22.80,32.10,82.00,0.20
Monkayo,2023-04-19,27.60,23.00,32.30,82.00,1.10
Monkayo,2023-04-20,27.30,24.30,31.10,85.00,4.70
Monkayo,2023-04-21,26.10,23.50,31.60,89.00,15.20
Monkayo,2023-04-22,26.50,23.20,32.90,88.00,6.80
Monkayo,2023-04-23,26.80,22.90,31.90,86.00,5.10
Monkayo,2023-04-24,27.70,23.60,32.90,80.00,0.20
Monkayo,2023-04-25,27.70,23.30,33.20,77.00,0.20
Monkayo,2023-04-26,27.40,23.20,33.00,79.00,0.30
Monkayo,2023-04-27,27.30,23.50,31.40,80.00,3.10
Monkayo,2023-04-28,28.30,23.60,33.30,75.00,0.20
Monkayo,2023-04-29,27.00,24.50,32.20,84.00,17.10
Monkayo,2023-04-30,26.40,24.30,31.30,88.00,21.50
Monkayo,2023-05-01,26.90,23.60,31.20,83.00,6.30
Monkayo,2023-05-02,25.80,24.10,29.50,92.00,45.50
Monkayo,2023-05-03,26.70,23.60,30.90,87.00,2.50
Monkayo,2023-05-04,26.60,23.90,31.50,89.00,16.10
Monkayo,2023-05-05,26.20,23.70,31.90,91.00,19.60
Monkayo,2023-05-06,26.70,23.30,32.30,87.00,13.60
Monkayo,2023-05-07,27.70,23.60,32.70,81.00,1.20
Monkayo,2023-05-08,28.20,24.20,33.30,78.00,0.10
Monkayo,2023-05-09,27.70,23.30,32.70,80.00,0.30
Monkayo,2023-05-10,27.70,23.20,32.50,81.00,2.00
Monkayo,2023-05-11,27.40,23.30,33.00,82.00,1.30
Monkayo,2023-05-12,27.50,23.30,33.70,82.00,0.40
Monkayo,2023-05-13,27.70,23.40,33.40,82.00,4.00
Monkayo,2023-05-14,27.20,23.50,32.80,85.00,2.40
Monkayo,2023-05-15,26.50,23.00,32.20,87.00,4.60
Monkayo,2023-05-16,27.00,23.60,33.00,82.00,3.00
Monkayo,2023-05-17,27.10,23.20,33.10,81.00,5.20
Monkayo,2023-05-18,27.50,23.80,33.60,81.00,2.90
Monkayo,2023-05-19,25.80,23.70,29.90,91.00,28.00
Monkayo,2023-05-20,26.00,23.00,31.00,88.00,15.30
Monkayo,2023-05-21,26.60,23.60,31.70,88.00,50.10
Monkayo,2023-05-22,26.50,24.00,32.20,88.00,26.00
Monkayo,2023-05-23,26.60,23.50,30.70,86.00,23.00
Monkayo,2023-05-24,26.40,23.50,30.70,87.00,15.20
Monkayo,2023-05-25,26.80,23.80,31.20,86.00,8.00
Monkayo,2023-05-26,26.60,23.90,31.70,85.00,14.50
Monkayo,2023-05-27,26.50,23.90,31.20,84.00,16.20
Monkayo,2023-05-28,27.50,24.20,31.30,79.00,3.70
Monkayo,2023-05-29,28.20,23.80,32.70,78.00,0.20
Monkayo,2023-05-30,28.50,25.00,32.80,78.00,0.10
Monkayo,2023-05-31,28.40,25.10,32.20,79.00,0.50
Monkayo,2023-06-01,28.50,25.30,32.50,78.00,0.70
Monkayo,2023-06-02,28.10,24.70,33.10,81.00,15.60
Monkayo,2023-06-03,27.30,24.50,33.00,82.00,4.90
Monkayo,2023-06-04,26.70,23.90,31.90,86.00,9.70
Monkayo,2023-06-05,26.50,23.60,31.50,88.00,18.00
Monkayo,2023-06-06,26.10,23.60,31.40,90.00,32.70
Monkayo,2023-06-07,26.60,23.30,31.10,86.00,13.30
Monkayo,2023-06-08,26.60,24.00,31.20,85.00,13.70
Monkayo,2023-06-09,26.70,23.50,31.70,85.00,11.20
Monkayo,2023-06-10,27.40,23.60,31.90,82.00,2.10
Monkayo,2023-06-11,27.50,24.30,32.10,83.00,0.90
Monkayo,2023-06-12,27.60,24.30,32.60,82.00,1.00
Monkayo,2023-06-13,27.20,23.30,32.50,84.00,1.90
Monkayo,2023-06-14,26.00,23.90,30.40,90.00,30.90
Monkayo,2023-06-15,26.00,23.40,29.90,89.00,4.00
Monkayo,2023-06-16,25.80,24.00,29.90,89.00,6.80
Monkayo,2023-06-17,25.70,22.60,30.90,90.00,21.60
Monkayo,2023-06-18,26.30,23.50,30.50,89.00,15.20
Monkayo,2023-06-19,25.70,22.80,30.50,91.00,14.50
Monkayo,2023-06-20,25.90,22.90,30.90,89.00,18.80
Monkayo,2023-06-21,25.70,22.80,30.60,90.00,25.60
Monkayo,2023-06-22,25.80,23.60,28.70,87.00,4.20
Monkayo,2023-06-23,26.10,23.00,29.50,88.00,7.50
Monkayo,2023-06-24,25.80,23.50,30.80,89.00,13.30
Monkayo,2023-06-25,25.30,23.10,30.90,88.00,23.20
Monkayo,2023-06-26,26.10,23.00,31.10,87.00,2.90
Monkayo,2023-06-27,26.80,23.40,31.40,86.00,14.10
Monkayo,2023-06-28,26.20,23.40,31.60,88.00,19.30
Monkayo,2023-06-29,26.10,23.20,31.60,87.00,14.70
Monkayo,2023-06-30,26.30,23.20,30.70,87.00,9.70
Monkayo,2023-07-01,26.30,23.10,30.80,90.00,1.70
Monkayo,2023-07-02,27.20,23.70,31.30,86.00,1.80
Monkayo,2023-07-03,25.80,24.20,29.80,92.00,27.80
Monkayo,2023-07-04,25.80,23.60,29.60,91.00,50.90
Monkayo,2023-07-05,26.60,23.20,30.90,85.00,0.60
Monkayo,2023-07-06,26.50,24.30,31.70,89.00,6.80
Monkayo,2023-07-07,27.00,23.50,31.50,87.00,2.40
Monkayo,2023-07-08,26.10,23.40,29.80,89.00,14.60
Monkayo,2023-07-09,25.60,22.90,30.40,89.00,24.20
Monkayo,2023-07-10,26.20,23.00,30.60,87.00,9.10
Monkayo,2023-07-11,26.60,23.90,31.20,85.00,20.60
Monkayo,2023-07-12,26.50,23.80,29.90,85.00,3.30
Monkayo,2023-07-13,27.20,24.50,31.80,80.00,3.80
Monkayo,2023-07-14,27.80,24.50,32.00,77.00,0.10
Monkayo,2023-07-15,28.10,25.20,32.20,75.00,0.50
Monkayo,2023-07-16,27.40,24.40,31.30,78.00,1.70
Monkayo,2023-07-17,26.90,24.00,29.60,77.00,20.40
Monkayo,2023-07-18,24.90,23.70,26.40,91.00,16.20
Monkayo,2023-07-19,25.40,23.20,29.00,88.00,5.40
Monkayo,2023-07-20,26.10,22.60,31.30,85.00,8.80
Monkayo,2023-07-21,26.70,23.30,31.30,83.00,0.10
Monkayo,2023-07-22,26.70,24.20,30.70,84.00,3.80
Monkayo,2023-07-23,27.40,24.60,30.90,75.00,1.30
Monkayo,2023-07-24,27.50,25.40,30.90,76.00,1.90
Monkayo,2023-07-25,27.70,25.10,31.60,77.00,1.30
Monkayo,2023-07-26,27.50,23.60,31.70,77.00,0.00
Monkayo,2023-07-27,27.50,24.50,30.90,79.00,0.80
Monkayo,2023-07-28,26.50,24.30,30.30,85.00,4.50
Monkayo,2023-07-29,26.90,24.10,31.00,83.00,1.00
Monkayo,2023-07-30,27.50,24.50,32.00,79.00,1.80
Monkayo,2023-07-31,27.60,23.80,32.50,77.00,0.00
Monkayo,2023-08-01,27.80,24.10,32.60,77.00,0.00
Monkayo,2023-08-02,28.00,23.80,32.60,75.00,0.00
Monkayo,2023-08-03,28.10,24.40,32.70,77.00,0.60
Monkayo,2023-08-04,28.10,24.20,33.40,79.00,7.20
Monkayo,2023-08-05,28.00,24.20,33.50,81.00,0.30
Monkayo,2023-08-06,27.20,24.10,32.70,82.00,11.20
Monkayo,2023-08-07,27.40,23.90,32.90,79.00,3.10
Monkayo,2023-08-08,28.20,23.90,33.30,73.00,1.40
Monkayo,2023-08-09,26.40,23.70,32.70,84.00,32.40
Monkayo,2023-08-10,25.90,23.60,30.40,88.00,15.30
Monkayo,2023-08-11,26.40,23.50,30.00,85.00,10.70
Monkayo,2023-08-12,25.80,23.50,30.40,87.00,37.00
Monkayo,2023-08-13,26.20,24.10,30.80,84.00,35.00
Monkayo,2023-08-14,26.00,23.40,30.10,87.00,9.90
Monkayo,2023-08-15,25.90,24.00,29.80,89.00,12.50
Monkayo,2023-08-16,25.80,23.40,30.10,89.00,21.50
Monkayo,2023-08-17,26.00,23.90,29.60,87.00,4.30
Monkayo,2023-08-18,26.30,23.50,31.50,81.00,19.30
Monkayo,2023-08-19,25.80,23.40,30.10,89.00,42.70
Monkayo,2023-08-20,25.60,22.90,30.30,87.00,35.80
Monkayo,2023-08-21,25.40,22.80,28.80,90.00,9.10
Monkayo,2023-08-22,25.70,22.90,29.30,89.00,18.80
Monkayo,2023-08-23,26.30,23.50,29.90,86.00,2.30
Monkayo,2023-08-24,26.50,23.30,32.20,85.00,9.50
Monkayo,2023-08-25,26.60,22.30,30.80,84.00,4.80
Monkayo,2023-08-26,27.00,24.10,31.70,81.00,4.50
Monkayo,2023-08-27,27.10,23.50,31.60,79.00,3.50
Monkayo,2023-08-28,27.70,24.70,31.40,78.00,2.70
Monkayo,2023-08-29,27.90,24.40,32.40,78.00,0.20
Monkayo,2023-08-30,28.20,24.30,32.90,75.00,0.00
Monkayo,2023-08-31,28.30,24.50,32.90,76.00,0.40
Monkayo,2023-09-01,28.20,23.80,32.90,77.00,0.00
Monkayo,2023-09-02,28.50,24.70,32.70,74.00,0.90
Monkayo,2023-09-03,28.10,24.90,32.90,77.00,3.50
Monkayo,2023-09-04,27.40,23.80,33.00,81.00,1.60
Monkayo,2023-09-05,27.00,23.10,33.00,84.00,1.80
Monkayo,2023-09-06,26.40,24.10,30.30,88.00,29.30
Monkayo,2023-09-07,25.90,23.30,31.40,89.00,7.80
Monkayo,2023-09-08,25.90,23.00,30.70,88.00,15.20
Monkayo,2023-09-09,26.10,22.80,31.00,86.00,11.40
Monkayo,2023-09-10,26.10,23.40,30.50,87.00,16.50
Monkayo,2023-09-11,26.40,23.30,31.90,85.00,36.00
Monkayo,2023-09-12,26.30,23.00,31.50,85.00,30.60
Monkayo,2023-09-13,26.00,23.90,31.00,86.00,41.50
Monkayo,2023-09-14,26.30,23.00,31.20,84.00,7.40
Monkayo,2023-09-15,25.70,23.30,29.60,89.00,17.60
Monkayo,2023-09-16,25.50,23.00,29.70,88.00,11.00
Monkayo,2023-09-17,25.50,23.10,30.40,91.00,33.80
Monkayo,2023-09-18,25.00,22.20,29.10,92.00,29.70
Monkayo,2023-09-19,26.00,23.00,30.50,87.00,29.10
Monkayo,2023-09-20,26.10,24.20,29.60,87.00,5.40
Monkayo,2023-09-21,25.70,23.40,29.70,90.00,9.80
Monkayo,2023-09-22,26.90,23.60,31.20,84.00,0.90
Monkayo,2023-09-23,27.40,24.10,31.30,79.00,0.30
Monkayo,2023-09-24,26.70,24.10,31.40,79.00,34.50
Monkayo,2023-09-25,26.40,23.50,30.90,81.00,25.80
Monkayo,2023-09-26,25.30,22.30,30.10,88.00,29.50
Monkayo,2023-09-27,26.30,22.80,31.30,83.00,4.10
Monkayo,2023-09-28,27.10,23.70,31.50,80.00,8.30
Monkayo,2023-09-29,26.90,23.70,30.70,85.00,1.20
Monkayo,2023-09-30,27.70,24.40,32.00,78.00,1.70
Monkayo,2023-10-01,28.20,25.10,32.10,76.00,0.10
Monkayo,2023-10-02,28.30,25.10,33.10,77.00,0.10
Monkayo,2023-10-03,27.10,24.50,32.00,84.00,4.80
Monkayo,2023-10-04,27.00,24.20,33.10,84.00,2.40
Monkayo,2023-10-05,26.90,23.00,32.90,83.00,5.40
Monkayo,2023-10-06,26.90,23.30,32.30,84.00,15.00
Monkayo,2023-10-07,26.30,23.20,30.20,87.00,1.40
Monkayo,2023-10-08,26.40,23.70,30.90,87.00,10.40
Monkayo,2023-10-09,25.40,22.80,28.50,92.00,15.10
Monkayo,2023-10-10,25.20,23.40,27.30,92.00,12.90
Monkayo,2023-10-11,25.70,23.20,29.60,87.00,15.70
Monkayo,2023-10-12,26.70,24.10,31.70,84.00,14.80
Monkayo,2023-10-13,26.40,24.00,29.50,86.00,2.30
Monkayo,2023-10-14,26.60,24.10,30.70,87.00,8.90
Monkayo,2023-10-15,26.80,23.70,31.40,84.00,0.70
Monkayo,2023-10-16,26.20,23.30,30.90,87.00,1.30
Monkayo,2023-10-17,26.40,23.20,30.80,86.00,3.50
Monkayo,2023-10-18,26.20,23.20,31.70,87.00,18.00
Monkayo,2023-10-19,25.80,22.60,31.80,89.00,15.00
Monkayo,2023-10-20,26.10,23.30,30.50,88.00,0.70
Monkayo,2023-10-21,26.40,22.90,31.70,86.00,2.60
Monkayo,2023-10-22,25.90,23.00,31.40,89.00,7.90
Monkayo,2023-10-23,25.60,21.60,31.40,88.00,5.90
Monkayo,2023-10-24,26.20,22.20,31.90,88.00,8.80
Monkayo,2023-10-25,26.00,22.70,31.20,89.00,5.60
Monkayo,2023-10-26,25.50,23.30,28.90,90.00,1.80
Monkayo,2023-10-27,26.20,23.40,30.10,86.00,19.30
Monkayo,2023-10-28,27.00,22.80,31.80,81.00,0.70
Monkayo,2023-10-29,26.10,23.40,30.60,89.00,3.00
Monkayo,2023-10-30,25.20,22.80,29.80,93.00,27.40
Monkayo,2023-10-31,27.40,23.50,32.10,81.00,0.30
Monkayo,2023-11-01,26.70,23.90,31.80,86.00,7.60
Monkayo,2023-11-02,26.70,22.60,31.50,85.00,0.30
Monkayo,2023-11-03,26.10,23.70,30.60,87.00,1.60
Monkayo,2023-11-04,25.70,23.30,31.30,92.00,17.20
Monkayo,2023-11-05,26.10,23.70,30.90,89.00,14.80
Monkayo,2023-11-06,27.30,22.70,32.50,82.00,0.70
Monkayo,2023-11-07,26.20,24.20,30.20,88.00,22.90
Monkayo,2023-11-08,26.40,24.10,31.10,89.00,8.90
Monkayo,2023-11-09,27.00,23.30,31.50,85.00,0.40
Monkayo,2023-11-10,26.20,22.90,30.80,89.00,8.50
Monkayo,2023-11-11,26.70,23.40,31.30,84.00,0.40
Monkayo,2023-11-12,26.40,22.10,31.60,85.00,2.80
Monkayo,2023-11-13,27.10,23.70,32.00,83.00,1.50
Monkayo,2023-11-14,27.40,23.20,31.90,80.00,1.00
Monkayo,2023-11-15,27.40,24.20,32.20,78.00,0.90
Monkayo,2023-11-16,25.60,23.60,27.60,90.00,16.80
Monkayo,2023-11-17,25.60,23.60,28.80,91.00,13.60
Monkayo,2023-11-18,26.70,24.10,30.40,85.00,5.20
Monkayo,2023-11-19,26.40,24.20,30.00,87.00,2.20
Monkayo,2023-11-20,26.70,24.00,32.00,86.00,6.90
Monkayo,2023-11-21,26.50,24.10,30.30,90.00,11.40
Monkayo,2023-11-22,26.30,23.20,31.50,89.00,2.70
Monkayo,2023-11-23,26.30,24.00,30.00,89.00,15.00
Monkayo,2023-11-24,26.50,23.80,30.80,86.00,1.30
Monkayo,2023-11-25,25.80,22.80,30.40,89.00,19.20
Monkayo,2023-11-26,26.60,23.00,30.70,83.00,1.30
Monkayo,2023-11-27,26.60,23.60,30.80,85.00,4.40
Monkayo,2023-11-28,26.30,23.20,30.40,88.00,7.20
Monkayo,2023-11-29,26.00,23.50,30.40,89.00,7.50
Monkayo,2023-11-30,26.70,23.50,32.00,83.00,2.30
Monkayo,2023-12-01,27.00,24.60,31.00,84.00,0.90
Monkayo,2023-12-02,26.00,24.00,30.00,88.00,11.10
Monkayo,2023-12-03,26.50,23.40,31.10,85.00,2.40
Monkayo,2023-12-04,26.50,22.90,31.00,87.00,14.00
Monkayo,2023-12-05,26.30,23.70,31.40,90.00,17.30
Monkayo,2023-12-06,25.60,23.80,27.70,90.00,13.00
Monkayo,2023-12-07,26.40,24.20,30.00,87.00,3.50
Monkayo,2023-12-08,26.40,23.90,29.80,87.00,7.50
Monkayo,2023-12-09,26.20,22.70,30.10,85.00,1.10
Monkayo,2023-12-10,26.80,23.50,31.50,81.00,0.30
Monkayo,2023-12-11,26.90,23.40,31.10,80.00,0.40
Monkayo,2023-12-12,26.80,23.30,31.30,82.00,0.70
Monkayo,2023-12-13,26.30,23.60,29.40,84.00,1.20
Monkayo,2023-12-14,27.00,24.00,31.40,81.00,0.60
Monkayo,2023-12-15,26.80,23.30,32.00,81.00,0.70
Monkayo,2023-12-16,27.00,23.70,30.70,79.00,1.50
Monkayo,2023-12-17,25.20,24.00,27.10,89.00,9.30
Monkayo,2023-12-18,24.40,23.20,25.80,96.00,109.00
Monkayo,2023-12-19,25.40,23.30,28.90,92.00,17.10
Monkayo,2023-12-20,26.80,23.50,32.50,83.00,0.50
Monkayo,2023-12-21,26.30,22.50,31.40,84.00,1.90
Monkayo,2023-12-22,25.70,23.40,28.80,89.00,11.70
Monkayo,2023-12-23,26.60,23.20,31.70,82.00,0.70
Monkayo,2023-12-24,26.50,23.30,31.10,84.00,0.70
Monkayo,2023-12-25,25.20,23.60,27.90,91.00,15.90
Monkayo,2023-12-26,26.60,23.90,30.90,86.00,1.50
Monkayo,2023-12-27,26.30,23.80,30.10,87.00,9.50
Monkayo,2023-12-28,26.70,23.50,31.20,81.00,0.70
Monkayo,2023-12-29,26.40,23.60,30.50,86.00,16.60
Monkayo,2023-12-30,25.70,23.60,29.30,92.00,20.20
Monkayo,2023-12-31,27.00,23.20,31.80,86.00,0.60
Monkayo,2024-01-01,25.90,23.90,28.70,88.00,9.30
Monkayo,2024-01-02,25.40,24.10,27.40,93.00,129.70
Monkayo,2024-01-03,25.30,23.10,28.60,92.00,21.60
Monkayo,2024-01-04,26.50,22.70,31.00,84.00,0.50
Monkayo,2024-01-05,26.70,22.50,32.30,79.00,0.00
Monkayo,2024-01-06,26.20,24.30,29.40,85.00,1.80
Monkayo,2024-01-07,27.00,24.10,31.60,82.00,0.60
Monkayo,2024-01-08,26.50,23.60,30.60,83.00,3.90
Monkayo,2024-01-09,26.50,23.30,30.50,85.00,1.90
Monkayo,2024-01-10,26.90,23.80,32.70,82.00,0.50
Monkayo,2024-01-11,27.00,22.90,31.80,79.00,0.00
Monkayo,2024-01-12,26.90,24.70,31.10,80.00,0.90
Monkayo,2024-01-13,26.30,23.90,30.10,83.00,0.90
Monkayo,2024-01-14,26.10,23.70,31.20,83.00,2.50
Monkayo,2024-01-15,25.40,23.80,28.50,89.00,18.90
Monkayo,2024-01-16,25.00,23.80,26.50,88.00,39.20
Monkayo,2024-01-17,24.90,23.40,27.40,89.00,8.00
Monkayo,2024-01-18,24.90,23.40,27.70,92.00,14.70
Monkayo,2024-01-19,25.90,23.30,30.20,85.00,1.60
Monkayo,2024-01-20,26.10,23.20,30.10,82.00,1.00
Monkayo,2024-01-21,26.60,22.80,31.30,79.00,0.20
Monkayo,2024-01-22,26.60,23.90,30.40,80.00,0.70
Monkayo,2024-01-23,26.30,23.70,30.30,81.00,0.30
Monkayo,2024-01-24,25.90,23.40,30.10,83.00,1.50
Monkayo,2024-01-25,25.80,23.20,30.00,79.00,0.70
Monkayo,2024-01-26,24.90,23.30,27.80,85.00,9.00
Monkayo,2024-01-27,24.60,21.60,28.90,79.00,1.30
Monkayo,2024-01-28,24.50,22.80,27.10,83.00,0.80
Monkayo,2024-01-29,24.20,23.30,25.80,92.00,30.70
Monkayo,2024-01-30,24.90,23.10,28.50,91.00,73.60
Monkayo,2024-01-31,24.40,23.60,25.80,95.00,42.10
Monkayo,2024-02-01,24.80,23.40,27.60,93.00,31.30
Monkayo,2024-02-02,26.20,23.50,30.10,85.00,0.70
Monkayo,2024-02-03,26.00,22.50,30.00,84.00,0.50
Monkayo,2024-02-04,25.80,23.40,28.70,86.00,1.60
Monkayo,2024-02-05,26.00,22.20,31.00,80.00,0.20
Monkayo,2024-02-06,25.30,22.30,28.40,87.00,2.40
Monkayo,2024-02-07,25.00,23.40,27.70,92.00,19.70
Monkayo,2024-02-08,24.90,23.20,27.30,92.00,4.30
Monkayo,2024-02-09,25.60,21.60,29.70,83.00,0.30
Monkayo,2024-02-10,26.20,22.80,30.30,78.00,0.40
Monkayo,2024-02-11,24.90,23.50,27.70,84.00,9.50
Monkayo,2024-02-12,26.10,23.00,30.70,77.00,1.10
Monkayo,2024-02-13,26.40,23.50,31.00,76.00,1.70
Monkayo,2024-02-14,26.50,23.30,31.40,76.00,0.90
Monkayo,2024-02-15,26.50,21.80,32.70,76.00,0.70
Monkayo,2024-02-16,25.80,23.20,29.20,86.00,4.70
Monkayo,2024-02-17,26.30,23.10,30.80,81.00,0.40
Monkayo,2024-02-18,27.00,23.90,31.40,80.00,0.80
Monkayo,2024-02-19,26.10,22.20,31.50,81.00,0.20
Monkayo,2024-02-20,26.40,22.50,33.00,76.00,0.10
Monkayo,2024-02-21,25.50,21.90,30.50,86.00,3.60
Monkayo,2024-02-22,26.20,23.70,30.40,88.00,5.90
Monkayo,2024-02-23,26.00,23.40,30.00,87.00,3.30
Monkayo,2024-02-24,26.50,23.40,31.30,81.00,0.20
Monkayo,2024-02-25,26.40,22.40,31.60,79.00,1.20
Monkayo,2024-02-26,25.70,22.70,29.30,81.00,1.10
Monkayo,2024-02-27,25.60,23.60,29.80,81.00,16.80
Monkayo,2024-02-28,24.40,23.00,26.60,89.00,17.00
Monkayo,2024-02-29,25.90,23.70,29.50,87.00,5.70
Monkayo,2024-03-01,26.60,23.90,30.70,82.00,0.60
Monkayo,2024-03-02,26.30,23.20,30.50,79.00,0.40
Monkayo,2024-03-03,26.20,22.80,31.80,77.00,0.00
Monkayo,2024-03-04,26.20,21.50,32.00,77.00,0.10
Monkayo,2024-03-05,26.60,23.00,31.20,81.00,1.20
Monkayo,2024-03-06,27.10,22.70,33.00,81.00,0.90
Monkayo,2024-03-07,26.60,23.20,31.60,77.00,0.00
Monkayo,2024-03-08,25.90,21.70,30.80,80.00,1.10
Monkayo,2024-03-09,26.60,22.90,31.60,78.00,0.00
Monkayo,2024-03-10,26.30,22.40,31.50,75.00,0.30
Monkayo,2024-03-11,26.50,22.10,32.00,76.00,0.00
Monkayo,2024-03-12,26.40,23.60,30.20,85.00,5.30
Monkayo,2024-03-13,26.40,23.80,30.00,80.00,1.00
Monkayo,2024-03-14,26.50,23.20,31.60,78.00,0.60
Monkayo,2024-03-15,26.80,23.30,32.20,78.00,0.40
Monkayo,2024-03-16,26.80,22.70,31.70,77.00,0.20
Monkayo,2024-03-17,26.70,23.00,31.80,75.00,0.00
Monkayo,2024-03-18,26.70,22.80,31.90,74.00,0.00
Monkayo,2024-03-19,26.70,22.70,31.70,76.00,0.70
Monkayo,2024-03-20,27.20,23.20,31.70,76.00,0.50
Monkayo,2024-03-21,26.40,23.90,30.20,80.00,2.10
Monkayo,2024-03-22,27.20,24.20,32.30,71.00,0.70
Monkayo,2024-03-23,27.20,22.70,32.80,72.00,0.30
Monkayo,2024-03-24,27.20,24.10,32.40,75.00,0.60
Monkayo,2024-03-25,27.70,23.90,32.70,78.00,1.70
Monkayo,2024-03-26,28.70,24.60,34.80,77.00,0.20
Monkayo,2024-03-27,28.10,23.50,34.00,77.00,0.70
Monkayo,2024-03-28,27.50,24.10,31.60,80.00,1.30
Monkayo,2024-03-29,26.60,23.80,30.90,83.00,11.90
Monkayo,2024-03-30,27.70,22.90,33.70,76.00,0.80
Monkayo,2024-03-31,27.70,23.60,34.00,76.00,0.30
Monkayo,2024-04-01,27.60,23.10,33.90,73.00,0.00
Monkayo,2024-04-02,27.60,23.30,33.30,75.00,0.80
Monkayo,2024-04-03,28.10,22.60,34.40,73.00,0.00
Monkayo,2024-04-04,28.30,24.70,33.60,73.00,0.10
Monkayo,2024-04-05,28.60,25.00,33.40,71.00,0.00
Monkayo,2024-04-06,27.90,25.30,31.70,76.00,3.50
Monkayo,2024-04-07,27.50,22.50,33.80,75.00,0.00
Monkayo,2024-04-08,26.00,21.30,31.00,82.00,2.30
Monkayo,2024-04-09,27.70,22.60,34.30,76.00,0.60
Monkayo,2024-04-10,27.30,23.40,32.60,78.00,1.00
Monkayo,2024-04-11,27.80,22.90,33.80,75.00,0.50
Monkayo,2024-04-12,27.90,22.90,34.40,75.00,0.00
Monkayo,2024-04-13,27.80,23.40,34.10,76.00,0.10
Monkayo,2024-04-14,27.80,22.50,34.60,76.00,0.10
Monkayo,2024-04-15,28.40,23.80,34.60,75.00,0.20
Monkayo,2024-04-16,28.70,24.60,34.00,74.00,1.40
Monkayo,2024-04-17,28.60,24.00,34.40,73.00,0.80
Monkayo,2024-04-18,29.00,24.20,36.10,71.00,0.00
Monkayo,2024-04-19,28.40,24.30,34.50,72.00,0.70
Monkayo,2024-04-20,28.30,23.10,34.30,70.00,0.30
Monkayo,2024-04-21,27.90,25.30,31.50,81.00,2.80
Monkayo,2024-04-22,28.90,24.40,35.70,77.00,0.80
Monkayo,2024-04-23,28.70,24.30,34.10,76.00,0.40
Monkayo,2024-04-24,29.10,25.00,34.80,75.00,0.40
Monkayo,2024-04-25,29.40,24.10,36.20,71.00,0.00
Monkayo,2024-04-26,29.00,24.80,34.80,77.00,3.20
Monkayo,2024-04-27,28.10,25.00,34.30,83.00,4.20
Monkayo,2024-04-28,28.60,24.50,34.70,76.00,0.30
Monkayo,2024-04-29,27.80,25.30,31.90,79.00,2.90
Monkayo,2024-04-30,26.50,24.20,30.70,89.00,8.80
Monkayo,2024-05-01,27.90,22.80,33.70,81.00,1.10
Monkayo,2024-05-02,28.40,23.70,34.50,76.00,0.00
Monkayo,2024-05-03,27.90,22.80,33.60,75.00,0.30
Monkayo,2024-05-04,28.20,25.60,33.00,77.00,0.70
Monkayo,2024-05-05,28.60,23.70,34.50,75.00,0.30
Monkayo,2024-05-06,28.30,24.20,33.20,77.00,1.20
Monkayo,2024-05-07,28.10,23.60,33.50,75.00,0.50
Monkayo,2024-05-08,28.30,23.50,34.00,76.00,0.50
Monkayo,2024-05-09,27.20,23.10,34.40,85.00,5.10
Monkayo,2024-05-10,28.00,23.90,32.90,82.00,1.70
Monkayo,2024-05-11,28.80,23.40,35.60,77.00,0.30
Monkayo,2024-05-12,27.30,25.00,31.20,88.00,16.60
Monkayo,2024-05-13,28.50,24.50,34.20,81.00,0.90
Monkayo,2024-05-14,28.90,24.40,35.20,76.00,1.30
Monkayo,2024-05-15,28.80,24.50,33.80,78.00,1.60
Monkayo,2024-05-16,28.60,23.90,34.60,75.00,0.40
Monkayo,2024-05-17,29.00,23.50,35.80,73.00,0.20
Monkayo,2024-05-18,29.40,24.70,35.10,70.00,0.00
Monkayo,2024-05-19,29.90,24.10,37.20,67.00,0.10
Monkayo,2024-05-20,29.10,25.00,34.20,74.00,1.10
Monkayo,2024-05-21,27.60,24.70,32.00,84.00,26.50
Monkayo,2024-05-22,28.50,23.80,34.00,77.00,2.90
Monkayo,2024-05-23,28.10,23.40,34.80,81.00,5.30
Monkayo,2024-05-24,27.60,25.50,31.90,83.00,1.70
Monkayo,2024-05-25,29.10,24.70,34.60,77.00,7.70
Monkayo,2024-05-26,27.40,25.30,34.40,88.00,36.10
Monkayo,2024-05-27,27.40,24.00,33.60,86.00,6.20
Monkayo,2024-05-28,27.90,25.20,34.20,84.00,4.70
Monkayo,2024-05-29,27.90,24.20,34.20,83.00,6.20
Monkayo,2024-05-30,28.00,24.50,33.80,84.00,3.20
Monkayo,2024-05-31,28.50,24.70,34.10,83.00,1.00
Monkayo,2024-06-01,28.90,25.00,34.50,79.00,7.30
Monkayo,2024-06-02,27.70,24.10,32.90,84.00,4.00
Monkayo,2024-06-03,27.80,23.80,34.10,82.00,19.50
Monkayo,2024-06-04,27.20,23.50,32.00,84.00,14.40
Monkayo,2024-06-05,27.90,25.10,34.20,82.00,4.00
Monkayo,2024-06-06,27.10,24.20,32.50,86.00,10.90
Monkayo,2024-06-07,26.60,23.30,31.40,85.00,2.80
Monkayo,2024-06-08,26.80,23.50,32.40,86.00,6.00
Monkayo,2024-06-09,27.30,24.20,33.00,85.00,15.20
Monkayo,2024-06-10,26.20,24.10,28.50,89.00,1.70
Monkayo,2024-06-11,27.10,23.90,32.70,85.00,8.00
Monkayo,2024-06-12,26.70,23.20,33.20,86.00,6.60
Monkayo,2024-06-13,25.90,24.60,28.30,91.00,12.50
Monkayo,2024-06-14,26.90,23.90,32.40,83.00,15.80
Monkayo,2024-06-15,26.80,24.50,32.10,83.00,16.20
Monkayo,2024-06-16,26.20,23.60,31.10,87.00,9.40
Monkayo,2024-06-17,26.40,23.40,31.10,87.00,5.60
Monkayo,2024-06-18,27.10,23.70,32.30,83.00,21.00
Monkayo,2024-06-19,25.70,24.00,28.20,89.00,8.50
Monkayo,2024-06-20,25.20,23.60,26.70,93.00,10.00
Monkayo,2024-06-21,26.80,23.70,31.00,87.00,6.00
Monkayo,2024-06-22,26.10,23.90,31.30,89.00,16.40
Monkayo,2024-06-23,26.50,23.50,32.30,84.00,10.30
Monkayo,2024-06-24,26.00,23.20,31.30,89.00,20.40
Monkayo,2024-06-25,26.80,23.90,32.60,87.00,5.60
Monkayo,2024-06-26,25.10,23.90,27.40,92.00,21.70
Monkayo,2024-06-27,26.20,23.00,31.10,89.00,23.60
Monkayo,2024-06-28,27.00,23.80,30.90,86.00,1.50
Monkayo,2024-06-29,27.40,23.70,31.90,84.00,0.30
Monkayo,2024-06-30,26.20,24.10,29.80,90.00,34.90
Monkayo,2024-07-01,25.70,24.10,30.30,91.00,21.30
Monkayo,2024-07-02,26.00,23.30,31.30,89.00,18.00
Monkayo,2024-07-03,26.50,23.20,31.20,86.00,4.00
Monkayo,2024-07-04,25.30,22.80,29.80,91.00,17.00
Monkayo,2024-07-05,26.20,23.30,30.30,86.00,14.90
Monkayo,2024-07-06,26.50,23.20,31.00,87.00,15.30
Monkayo,2024-07-07,26.60,23.30,31.90,86.00,7.90
Monkayo,2024-07-08,25.90,23.90,28.50,89.00,6.40
Monkayo,2024-07-09,26.60,23.60,31.30,84.00,3.00
Monkayo,2024-07-10,26.60,24.00,31.60,86.00,16.10
Monkayo,2024-07-11,25.60,23.30,30.20,89.00,41.00
Monkayo,2024-07-12,25.60,22.90,29.70,90.00,25.00
Monkayo,2024-07-13,25.50,23.40,30.20,88.00,24.80
Monkayo,2024-07-14,25.40,23.20,27.40,86.00,6.30
Monkayo,2024-07-15,25.20,23.70,28.30,91.00,20.80
Monkayo,2024-07-16,25.10,23.40,28.20,92.00,22.40
Monkayo,2024-07-17,25.90,23.10,28.50,87.00,0.70
Monkayo,2024-07-18,25.90,24.40,28.50,90.00,7.90
Monkayo,2024-07-19,25.90,23.40,29.20,89.00,5.70
Monkayo,2024-07-20,26.90,23.80,31.30,83.00,4.40
Monkayo,2024-07-21,27.30,23.80,32.10,82.00,0.50
Monkayo,2024-07-22,27.00,23.80,29.90,84.00,0.00
Monkayo,2024-07-23,28.20,25.70,32.00,76.00,0.00
Monkayo,2024-07-24,28.20,25.10,32.30,77.00,0.00
Monkayo,2024-07-25,28.00,25.30,31.40,80.00,0.00
Monkayo,2024-07-26,27.40,25.20,32.60,86.00,12.80
Monkayo,2024-07-27,25.60,24.10,27.60,89.00,3.10
Monkayo,2024-07-28,26.20,23.20,30.90,87.00,13.90
Monkayo,2024-07-29,26.00,23.00,31.10,88.00,15.50
Monkayo,2024-07-30,26.30,22.70,30.70,88.00,7.10
Monkayo,2024-07-31,26.50,23.90,31.00,88.00,13.90
Monkayo,2024-08-01,26.60,24.20,30.60,85.00,9.10
Monkayo,2024-08-02,26.80,23.30,31.30,83.00,1.90
Monkayo,2024-08-03,27.10,23.90,32.00,81.00,0.50
Monkayo,2024-08-04,27.40,23.60,31.80,79.00,0.00
Monkayo,2024-08-05,27.80,25.00,31.80,77.00,0.00
Monkayo,2024-08-06,27.60,24.20,31.70,82.00,7.10
Monkayo,2024-08-07,27.60,24.10,31.90,83.00,1.00
Monkayo,2024-08-08,26.70,24.30,30.80,86.00,16.50
Monkayo,2024-08-09,26.00,23.30,30.80,89.00,21.60
Monkayo,2024-08-10,27.10,23.40,32.50,82.00,9.70
Monkayo,2024-08-11,27.00,23.70,31.10,84.00,3.10
Monkayo,2024-08-12,27.00,23.90,31.70,84.00,4.70
Monkayo,2024-08-13,26.30,23.50,32.00,87.00,15.50
Monkayo,2024-08-14,26.80,23.20,31.80,85.00,2.10
Monkayo,2024-08-15,27.20,24.30,31.60,85.00,2.00
Monkayo,2024-08-16,26.60,24.50,31.60,88.00,8.50
Monkayo,2024-08-17,26.50,24.00,31.50,88.00,14.20
Monkayo,2024-08-18,26.50,22.80,32.30,86.00,13.70
Monkayo,2024-08-19,27.20,23.60,32.10,83.00,6.00
Monkayo,2024-08-20,26.40,23.70,30.40,87.00,5.10
Monkayo,2024-08-21,27.00,23.80,31.20,86.00,12.10
Monkayo,2024-08-22,26.10,23.10,31.20,91.00,28.70
Monkayo,2024-08-23,26.80,23.80,31.50,85.00,6.60
Monkayo,2024-08-24,25.60,23.50,28.00,87.00,3.60
Monkayo,2024-08-25,27.00,24.20,32.20,82.00,9.00
Monkayo,2024-08-26,27.40,24.40,31.70,82.00,0.60
Monkayo,2024-08-27,27.20,24.80,32.00,83.00,11.20
Monkayo,2024-08-28,27.20,23.20,32.20,82.00,2.60
Monkayo,2024-08-29,25.70,24.30,27.00,89.00,7.50
Monkayo,2024-08-30,26.40,24.00,30.40,85.00,18.20
Monkayo,2024-08-31,25.30,24.50,26.40,89.00,8.60
Monkayo,2024-09-01,26.80,24.00,30.80,82.00,0.20
Monkayo,2024-09-02,28.00,24.40,32.20,76.00,0.00
Monkayo,2024-09-03,27.90,24.60,32.30,81.00,0.10
Monkayo,2024-09-04,27.70,24.70,33.10,82.00,9.10
Monkayo,2024-09-05,27.00,24.10,33.10,82.00,16.70
Monkayo,2024-09-06,27.20,23.30,32.10,84.00,4.60
Monkayo,2024-09-07,27.60,24.90,31.80,85.00,9.50
Monkayo,2024-09-08,27.00,24.10,32.20,85.00,10.40
Monkayo,2024-09-09,26.60,23.60,31.90,85.00,23.70
Monkayo,2024-09-10,26.30,23.00,30.50,86.00,3.10
Monkayo,2024-09-11,26.80,24.20,30.90,84.00,9.60
Monkayo,2024-09-12,26.30,24.60,28.60,84.00,1.10
Monkayo,2024-09-13,27.10,24.10,31.00,79.00,0.90
Monkayo,2024-09-14,27.60,25.20,31.60,75.00,0.40
Monkayo,2024-09-15,27.40,24.50,31.20,77.00,0.40
Monkayo,2024-09-16,27.70,24.60,31.30,76.00,0.30
Monkayo,2024-09-17,28.10,25.30,32.10,76.00,0.50
Monkayo,2024-09-18,28.20,25.10,32.40,75.00,0.10
Monkayo,2024-09-19,27.00,24.60,30.40,85.00,1.30
Monkayo,2024-09-20,26.90,24.70,32.00,88.00,11.50
Monkayo,2024-09-21,26.40,23.60,31.20,89.00,18.10
Monkayo,2024-09-22,26.10,23.90,30.80,88.00,24.50
Monkayo,2024-09-23,26.30,22.50,30.90,88.00,2.10
Monkayo,2024-09-24,25.50,23.50,28.50,92.00,18.30
Monkayo,2024-09-25,26.50,23.20,31.30,85.00,1.10
Monkayo,2024-09-26,26.10,22.60,32.10,86.00,6.10
Monkayo,2024-09-27,26.60,23.60,33.00,84.00,11.70
Monkayo,2024-09-28,27.70,23.00,32.70,78.00,0.10
Monkayo,2024-09-29,27.90,24.40,32.60,80.00,0.70
Monkayo,2024-09-30,26.50,24.10,31.40,86.00,30.20
Monkayo,2024-10-01,26.00,22.90,31.30,89.00,20.70
Monkayo,2024-10-02,27.40,23.60,32.60,83.00,3.40
Monkayo,2024-10-03,25.70,23.10,28.20,88.00,2.00
Monkayo,2024-10-04,27.10,23.50,32.60,82.00,0.50
Monkayo,2024-10-05,27.10,23.60,32.60,81.00,0.80
Monkayo,2024-10-06,27.40,24.00,32.30,79.00,0.70
Monkayo,2024-10-07,28.00,24.50,32.70,78.00,0.90
Monkayo,2024-10-08,27.40,24.40,32.70,83.00,5.00
Monkayo,2024-10-09,27.20,24.30,32.10,82.00,8.00
Monkayo,2024-10-10,27.60,24.80,32.90,82.00,5.70
Monkayo,2024-10-11,26.80,23.70,32.60,85.00,10.30
Monkayo,2024-10-12,26.00,23.10,30.30,90.00,12.80
Monkayo,2024-10-13,27.00,23.00,31.70,85.00,0.60
Monkayo,2024-10-14,26.50,23.80,31.20,87.00,12.20
Monkayo,2024-10-15,25.70,22.90,31.20,90.00,10.50
Monkayo,2024-10-16,26.00,22.80,30.30,87.00,3.70
Monkayo,2024-10-17,26.60,23.80,31.40,85.00,8.10
Monkayo,2024-10-18,27.30,23.90,32.10,82.00,1.00
Monkayo,2024-10-19,26.80,23.90,32.50,85.00,6.70
Monkayo,2024-10-20,26.80,23.70,32.60,84.00,24.80
Monkayo,2024-10-21,26.90,24.00,30.90,80.00,4.70
Monkayo,2024-10-22,27.40,25.70,30.00,74.00,0.00
Monkayo,2024-10-23,28.00,24.50,32.20,73.00,0.80
Monkayo,2024-10-24,28.20,24.20,32.60,75.00,0.20
Monkayo,2024-10-25,28.10,24.70,32.90,75.00,1.20
Monkayo,2024-10-26,26.20,24.50,29.40,83.00,4.20
Monkayo,2024-10-27,27.10,24.10,31.00,74.00,0.00
Monkayo,2024-10-28,27.60,24.40,32.20,74.00,2.30
Monkayo,2024-10-29,28.20,25.00,32.70,71.00,0.80
Monkayo,2024-10-30,27.50,24.10,33.20,76.00,16.00
Monkayo,2024-10-31,26.80,24.30,32.60,84.00,1.40
Monkayo,2024-11-01,26.90,23.70,32.20,82.00,2.30
Monkayo,2024-11-02,26.20,23.10,30.80,86.00,2.90
Monkayo,2024-11-03,26.10,22.80,31.00,88.00,6.10
Monkayo,2024-11-04,25.40,22.80,30.30,90.00,17.50
Monkayo,2024-11-05,25.80,23.20,29.80,86.00,5.80
Monkayo,2024-11-06,26.90,23.40,32.10,83.00,1.10
Monkayo,2024-11-07,26.10,23.70,30.30,90.00,9.70
Monkayo,2024-11-08,27.00,22.80,32.10,84.00,2.40
Monkayo,2024-11-09,26.80,22.60,32.20,85.00,1.20
Monkayo,2024-11-10,26.90,23.10,32.10,85.00,2.60
Monkayo,2024-11-11,27.00,23.40,32.20,83.00,4.80
Monkayo,2024-11-12,26.50,23.40,32.40,85.00,2.90
Monkayo,2024-11-13,28.00,24.10,34.10,76.00,1.90
Monkayo,2024-11-14,28.20,23.20,35.10,76.00,0.20
Monkayo,2024-11-15,27.30,23.30,33.30,83.00,8.70
Monkayo,2024-11-16,27.50,24.90,33.50,81.00,0.20
Monkayo,2024-11-17,27.60,23.90,33.70,80.00,0.70
Monkayo,2024-11-18,26.70,23.60,31.60,85.00,1.70
Monkayo,2024-11-19,26.60,23.90,31.80,84.00,1.60
Monkayo,2024-11-20,27.00,23.70,31.70,80.00,1.80
Monkayo,2024-11-21,27.80,23.40,33.50,75.00,0.00
Monkayo,2024-11-22,27.10,24.10,33.50,84.00,6.50
Monkayo,2024-11-23,25.50,23.40,29.90,92.00,7.90
Monkayo,2024-11-24,25.60,23.70,29.10,92.00,13.00
Monkayo,2024-11-25,26.00,23.70,29.50,88.00,2.10
Monkayo,2024-11-26,27.00,23.60,32.40,83.00,1.80
Monkayo,2024-11-27,25.90,23.50,29.60,90.00,5.00
Monkayo,2024-11-28,25.30,23.70,28.20,96.00,15.20
Monkayo,2024-11-29,25.40,24.20,28.10,94.00,11.60
Monkayo,2024-11-30,25.50,23.10,30.40,92.00,22.60
Monkayo,2024-12-01,25.40,23.90,29.10,95.00,9.40
Monkayo,2024-12-02,25.90,23.20,31.50,92.00,10.20
Monkayo,2024-12-03,26.50,23.40,30.70,90.00,2.70
Monkayo,2024-12-04,26.80,23.20,31.40,83.00,0.40
Monkayo,2024-12-05,26.90,22.70,31.70,81.00,0.30
Monkayo,2024-12-06,27.20,23.40,32.10,82.00,0.80
Monkayo,2024-12-07,25.60,23.40,28.60,93.00,24.30
Monkayo,2024-12-08,25.00,23.90,26.90,97.00,26.80
Monkayo,2024-12-09,26.00,24.10,29.90,95.00,23.70
Monkayo,2024-12-10,25.70,24.30,27.60,96.00,33.90
Monkayo,2024-12-11,25.70,23.60,29.80,92.00,6.30
Monkayo,2024-12-12,25.10,23.70,26.80,97.00,6.80
Monkayo,2024-12-13,25.90,23.10,30.60,91.00,4.90
Monkayo,2024-12-14,25.90,23.30,29.80,86.00,3.30
Monkayo,2024-12-15,25.30,22.60,28.90,87.00,2.40
Monkayo,2024-12-16,24.50,23.30,26.30,95.00,29.70
Monkayo,2024-12-17,24.10,23.20,25.90,97.00,18.90
Monkayo,2024-12-18,25.50,23.00,28.90,91.00,5.80
Monkayo,2024-12-19,25.50,23.40,29.00,93.00,10.40
Monkayo,2024-12-20,25.40,23.70,28.80,96.00,32.90
Monkayo,2024-12-21,25.70,23.50,29.20,94.00,1.80
Monkayo,2024-12-22,25.80,24.00,28.60,95.00,10.40
Monkayo,2024-12-23,26.10,23.50,30.40,90.00,0.70
Monkayo,2024-12-24,25.60,24.10,27.90,96.00,8.80
Monkayo,2024-12-25,25.30,23.90,27.60,95.00,32.70
Monkayo,2024-12-26,25.00,23.80,27.10,96.00,6.90
Monkayo,2024-12-27,24.80,23.40,27.00,97.00,16.50
Monkayo,2024-12-28,25.40,23.20,29.90,93.00,13.50
Monkayo,2024-12-29,25.60,22.80,30.70,92.00,29.50
Monkayo,2024-12-30,25.60,23.40,29.10,95.00,22.20
Monkayo,2024-12-31,25.40,24.30,27.90,95.00,3.50
Monkayo,2025-01-01,25.20,23.20,27.50,93.00,1.40
Monkayo,2025-01-02,25.70,23.60,29.70,93.00,10.10
Monkayo,2025-01-03,25.70,22.90,28.60,90.00,2.80
Monkayo,2025-01-04,25.60,23.70,30.00,93.00,20.80
Monkayo,2025-01-05,25.20,22.80,28.90,93.00,15.00
Monkayo,2025-01-06,25.70,22.80,28.90,90.00,1.00
Monkayo,2025-01-07,25.60,23.00,29.40,93.00,9.80
Monkayo,2025-01-08,25.50,23.50,29.70,93.00,15.20
Monkayo,2025-01-09,24.90,23.50,26.90,96.00,24.40
Monkayo,2025-01-10,24.80,22.70,27.70,95.00,36.20
Monkayo,2025-01-11,25.60,22.90,29.70,88.00,3.10
Monkayo,2025-01-12,25.10,22.60,28.80,92.00,22.30
Monkayo,2025-01-13,25.80,23.00,30.10,88.00,2.00
Monkayo,2025-01-14,25.90,23.20,29.40,87.00,2.40
Monkayo,2025-01-15,24.80,23.10,27.40,94.00,10.80
Monkayo,2025-01-16,26.00,23.20,29.60,89.00,1.20
Monkayo,2025-01-17,26.50,23.60,31.60,82.00,0.20
Monkayo,2025-01-18,25.90,22.10,30.70,80.00,0.00
Monkayo,2025-01-19,25.60,23.60,28.10,86.00,3.50
Monkayo,2025-01-20,25.30,23.40,28.60,94.00,15.20
Monkayo,2025-01-21,25.80,23.30,29.00,91.00,5.10
Monkayo,2025-01-22,26.30,23.40,30.60,88.00,0.90
Monkayo,2025-01-23,25.90,23.40,30.80,91.00,26.30
Monkayo,2025-01-24,26.40,23.20,30.50,88.00,1.90
Monkayo,2025-01-25,25.40,23.70,27.70,93.00,13.00
Monkayo,2025-01-26,25.20,22.90,28.40,92.00,2.90
Monkayo,2025-01-27,25.00,23.10,28.30,93.00,12.10
Monkayo,2025-01-28,25.80,23.00,29.90,85.00,0.40
Monkayo,2025-01-29,24.50,23.50,26.60,94.00,13.40
Monkayo,2025-01-30,25.60,22.60,30.50,88.00,1.40
Monkayo,2025-01-31,26.20,22.70,31.30,83.00,0.10
Monkayo,2025-02-01,25.40,22.00,30.00,90.00,6.50
Monkayo,2025-02-02,25.40,23.60,28.40,92.00,3.60
Monkayo,2025-02-03,25.70,23.00,29.60,85.00,2.40
Monkayo,2025-02-04,25.70,24.00,29.40,86.00,3.00
Monkayo,2025-02-05,24.50,23.30,25.80,95.00,17.00
Monkayo,2025-02-06,24.30,22.90,26.90,95.00,12.00
Monkayo,2025-02-07,24.70,23.10,27.50,96.00,22.50
Monkayo,2025-02-08,25.80,23.20,29.90,91.00,12.90
Monkayo,2025-02-09,25.70,23.10,30.50,90.00,27.30
Monkayo,2025-02-10,24.70,23.30,27.20,96.00,13.20
Monkayo,2025-02-11,26.00,23.30,30.40,86.00,0.60
Monkayo,2025-02-12,24.70,23.50,27.00,95.00,10.30
Monkayo,2025-02-13,24.80,23.00,27.90,94.00,25.30
Monkayo,2025-02-14,25.20,23.00,27.70,93.00,5.10
Monkayo,2025-02-15,25.90,23.70,30.80,93.00,5.70
Monkayo,2025-02-16,25.20,22.10,29.90,92.00,15.70
Monkayo,2025-02-17,24.90,21.90,30.10,93.00,33.70
Monkayo,2025-02-18,25.20,22.60,29.10,89.00,1.10
Monkayo,2025-02-19,24.80,22.60,28.40,92.00,17.30
Monkayo,2025-02-20,25.40,22.60,30.70,89.00,7.10
Monkayo,2025-02-21,24.10,22.60,26.10,96.00,16.10
Monkayo,2025-02-22,25.60,22.50,30.80,87.00,0.90
Monkayo,2025-02-23,25.60,22.00,30.00,83.00,0.80
Monkayo,2025-02-24,25.10,22.90,28.20,88.00,4.50
Monkayo,2025-02-25,24.40,22.90,27.40,93.00,16.30
Monkayo,2025-02-26,25.20,22.30,29.40,88.00,2.20
Monkayo,2025-02-27,24.30,22.60,26.80,92.00,10.80
Monkayo,2025-02-28,24.50,22.70,26.80,94.00,6.50
Monkayo,2025-03-01,26.20,23.30,31.00,88.00,4.40
Monkayo,2025-03-02,26.30,22.90,31.20,84.00,2.60
Monkayo,2025-03-03,25.70,23.60,29.80,93.00,7.70
Monkayo,2025-03-04,25.40,23.50,29.30,95.00,33.10
Monkayo,2025-03-05,25.30,23.40,29.60,94.00,26.00
Monkayo,2025-03-06,25.30,22.60,28.70,93.00,11.40
Monkayo,2025-03-07,26.00,22.90,30.20,89.00,1.40
Monkayo,2025-03-08,26.80,23.00,32.30,81.00,0.60
Monkayo,2025-03-09,26.20,23.10,30.50,85.00,1.50
Monkayo,2025-03-10,25.60,23.10,29.70,90.00,3.60
Monkayo,2025-03-11,26.40,22.80,31.70,82.00,1.80
Monkayo,2025-03-12,26.90,23.10,32.20,81.00,0.10
Monkayo,2025-03-13,26.70,23.50,31.90,82.00,0.40
Monkayo,2025-03-14,26.50,23.40,30.50,85.00,1.30
Monkayo,2025-03-15,27.10,24.20,31.10,85.00,1.10
Monkayo,2025-03-16,26.00,24.00,29.70,93.00,15.90
Monkayo,2025-03-17,25.40,23.20,28.00,94.00,41.60
Monkayo,2025-03-18,26.00,23.10,30.20,88.00,2.90
Monkayo,2025-03-19,26.50,23.70,31.00,89.00,5.50
Monkayo,2025-03-20,26.90,24.10,32.40,84.00,0.50
Monkayo,2025-03-21,25.90,23.40,29.10,89.00,3.30
Monkayo,2025-03-22,26.80,23.90,31.30,82.00,7.90
Monkayo,2025-03-23,25.50,23.30,28.10,92.00,5.90
Monkayo,2025-03-24,26.00,23.50,29.60,91.00,3.20
Monkayo,2025-03-25,26.00,22.30,30.70,88.00,2.70
Monkayo,2025-03-26,25.80,23.30,31.10,92.00,10.40
Monkayo,2025-03-27,26.10,23.70,30.60,88.00,2.00
Monkayo,2025-03-28,26.10,23.40,31.10,90.00,36.90
Monkayo,2025-03-29,25.80,23.60,29.70,94.00,14.80
Monkayo,2025-03-30,25.70,23.70,29.80,93.00,21.00
Monkayo,2025-03-31,26.30,23.20,31.80,87.00,5.30
Monkayo,2025-04-01,26.40,21.90,31.70,84.00,0.80
Monkayo,2025-04-02,26.70,22.60,32.30,82.00,0.50
Monkayo,2025-04-03,26.50,22.50,31.10,83.00,0.60
Monkayo,2025-04-04,26.40,23.10,30.50,85.00,4.80
Monkayo,2025-04-05,25.20,22.30,28.90,91.00,10.90
Monkayo,2025-04-06,25.70,23.60,30.40,92.00,15.30
Monkayo,2025-04-07,25.40,22.70,29.00,93.00,12.90
Monkayo,2025-04-08,26.30,23.60,31.10,90.00,6.00
Monkayo,2025-04-09,26.90,23.70,32.30,83.00,1.30
Monkayo,2025-04-10,26.70,23.00,31.40,86.00,1.90
Monkayo,2025-04-11,26.40,23.70,30.40,91.00,10.70
Monkayo,2025-04-12,25.90,24.10,30.10,93.00,9.00
Monkayo,2025-04-13,26.30,23.90,30.00,91.00,16.90
Monkayo,2025-04-14,25.50,23.30,30.10,94.00,10.70
Monkayo,2025-04-15,26.10,23.50,29.60,93.00,28.20
Monkayo,2025-04-16,26.80,23.30,32.70,83.00,0.60
Monkayo,2025-04-17,26.50,21.80,31.90,82.00,1.00
Monkayo,2025-04-18,27.50,23.80,32.80,79.00,0.10
Monkayo,2025-04-19,27.10,24.00,31.90,83.00,1.30
Monkayo,2025-04-20,27.30,23.60,32.70,83.00,1.80
Monkayo,2025-04-21,27.60,24.20,32.60,80.00,2.00
Monkayo,2025-04-22,27.40,23.10,31.80,79.00,0.50
Monkayo,2025-04-23,27.50,23.20,32.70,77.00,0.10
Monkayo,2025-04-24,27.60,23.60,32.60,77.00,0.50
Monkayo,2025-04-25,27.10,23.00,31.30,81.00,2.60
Monkayo,2025-04-26,25.50,23.60,27.80,91.00,13.60
Monkayo,2025-04-27,25.50,23.50,29.70,93.00,37.20
Monkayo,2025-04-28,25.90,22.90,30.80,89.00,13.20
Monkayo,2025-04-29,25.80,23.80,29.50,94.00,18.20
Monkayo,2025-04-30,25.80,23.70,29.70,93.00,19.00
Monkayo,2025-05-01,26.00,23.80,31.30,93.00,24.40
Monkayo,2025-05-02,25.40,24.00,28.00,95.00,22.40
Monkayo,2025-05-03,25.80,23.60,31.20,91.00,15.30
Monkayo,2025-05-04,26.20,23.00,30.60,89.00,4.90
Monkayo,2025-05-05,26.40,23.90,29.70,89.00,8.70
Monkayo,2025-05-06,25.90,23.80,29.60,91.00,6.10
Monkayo,2025-05-07,25.80,23.50,29.40,92.00,10.90
Monkayo,2025-05-08,26.20,23.20,30.10,92.00,8.40
Monkayo,2025-05-09,26.10,23.70,29.80,92.00,11.00
Monkayo,2025-05-10,26.40,23.10,31.40,90.00,3.50
Monkayo,2025-05-11,25.90,23.40,30.90,91.00,10.70
Monkayo,2025-05-12,26.70,23.30,31.80,89.00,4.50
Monkayo,2025-05-13,26.10,23.50,30.10,92.00,23.10
Monkayo,2025-05-14,26.20,23.60,30.10,91.00,14.70
Monkayo,2025-05-15,25.60,23.90,29.10,95.00,36.80
Monkayo,2025-05-16,26.50,23.50,30.70,91.00,13.40
Monkayo,2025-05-17,25.50,23.90,28.30,95.00,36.40
Monkayo,2025-05-18,25.00,23.70,28.20,96.00,32.00
Monkayo,2025-05-19,25.60,22.80,30.50,92.00,30.00
Monkayo,2025-05-20,25.50,23.20,28.10,95.00,23.30
Monkayo,2025-05-21,25.30,23.70,28.90,95.00,22.00
Monkayo,2025-05-22,25.40,23.60,29.70,94.00,21.70
Monkayo,2025-05-23,25.20,23.50,29.40,95.00,30.00
Monkayo,2025-05-24,25.50,23.40,28.80,94.00,23.10
Monkayo,2025-05-25,25.60,23.20,30.50,92.00,11.10
Monkayo,2025-05-26,26.30,22.70,30.80,91.00,7.00
Monkayo,2025-05-27,26.10,24.30,30.00,95.00,22.30
Monkayo,2025-05-28,25.70,23.90,28.20,93.00,8.20
Monkayo,2025-05-29,25.90,23.30,29.90,92.00,4.60
Monkayo,2025-05-30,26.40,23.10,31.10,90.00,5.40
Monkayo,2025-05-31,26.20,23.60,30.30,93.00,14.00
Monkayo,2025-06-01,26.00,24.10,30.20,93.00,25.40
Monkayo,2025-06-02,25.80,23.70,29.90,93.00,14.20
Monkayo,2025-06-03,26.20,23.70,30.50,90.00,4.10
Monkayo,2025-06-04,26.30,23.50,30.60,89.00,10.30
Monkayo,2025-06-05,25.80,23.60,29.10,92.00,24.00
Monkayo,2025-06-06,25.70,23.90,30.50,92.00,19.30
Monkayo,2025-06-07,26.00,24.00,29.30,89.00,1.90
Monkayo,2025-06-08,26.70,24.10,30.60,86.00,7.10
Monkayo,2025-06-09,26.90,24.30,30.30,83.00,1.30
Monkayo,2025-06-10,27.40,24.70,31.40,85.00,1.50
Monkayo,2025-06-11,27.10,25.40,30.40,85.00,0.90
Monkayo,2025-06-12,26.30,24.50,31.00,91.00,18.00
Monkayo,2025-06-13,25.70,22.90,30.30,93.00,8.80
Monkayo,2025-06-14,26.10,24.10,30.00,92.00,8.90
Monkayo,2025-06-15,25.00,23.60,27.80,96.00,12.10
Monkayo,2025-06-16,26.00,23.20,30.20,88.00,1.10
Monkayo,2025-06-17,26.00,23.60,29.50,91.00,16.30
Monkayo,2025-06-18,26.40,23.20,30.60,88.00,1.70
Monkayo,2025-06-19,25.30,23.30,28.90,94.00,19.40
Monkayo,2025-06-20,25.30,23.20,29.10,93.00,25.00
Monkayo,2025-06-21,25.00,23.60,28.20,95.00,23.30
Monkayo,2025-06-22,26.00,23.20,30.80,87.00,2.90
Monkayo,2025-06-23,24.60,23.10,26.80,93.00,8.30
Monkayo,2025-06-24,25.50,22.60,30.00,90.00,18.40
Monkayo,2025-06-25,25.80,23.00,30.40,90.00,6.40
Monkayo,2025-06-26,26.00,23.60,29.60,89.00,1.40
Monkayo,2025-06-27,25.90,23.60,30.30,89.00,8.10
Monkayo,2025-06-28,26.10,23.20,31.40,88.00,23.20
Monkayo,2025-06-29,25.30,22.90,30.20,92.00,22.70
Monkayo,2025-06-30,25.40,23.30,29.20,92.00,17.00
Monkayo,2025-07-01,26.00,23.50,29.80,89.00,2.40
Monkayo,2025-07-02,26.70,24.10,31.80,86.00,3.90
Monkayo,2025-07-03,26.60,23.60,31.20,85.00,0.30
Monkayo,2025-07-04,26.60,24.70,30.60,86.00,4.20
Monkayo,2025-07-05,26.80,23.70,31.20,88.00,9.80
Monkayo,2025-07-06,25.70,23.20,28.90,91.00,14.30
Monkayo,2025-07-07,26.40,23.50,31.70,86.00,15.50
Monkayo,2025-07-08,26.20,23.20,30.80,86.00,1.80
Monkayo,2025-07-09,26.00,23.90,30.50,86.00,7.00
Monkayo,2025-07-10,25.90,23.50,30.60,87.00,12.80
Monkayo,2025-07-11,26.10,23.80,30.10,86.00,6.50
Monkayo,2025-07-12,26.20,23.30,29.80,89.00,3.60
Monkayo,2025-07-13,26.70,24.30,30.00,87.00,8.10
Monkayo,2025-07-14,26.30,23.60,30.00,87.00,26.20
Monkayo,2025-07-15,26.20,24.10,31.00,88.00,3.30
Monkayo,2025-07-16,26.40,24.10,30.20,86.00,9.30
Monkayo,2025-07-17,26.20,24.00,29.60,83.00,1.80
Monkayo,2025-07-18,26.60,23.70,30.40,81.00,1.10
Monkayo,2025-07-19,27.00,24.90,29.90,77.00,0.30
Monkayo,2025-07-20,27.00,23.80,30.40,81.00,0.00
Monkayo,2025-07-21,27.20,24.70,31.20,84.00,2.70
Monkayo,2025-07-22,26.40,24.40,30.50,85.00,8.20
Monkayo,2025-07-23,27.50,24.00,31.60,75.00,0.00
Monkayo,2025-07-24,28.00,24.60,32.40,76.00,0.00
Monkayo,2025-07-25,27.90,24.20,32.10,78.00,0.10
Monkayo,2025-07-26,27.90,24.40,32.30,79.00,0.20
Monkayo,2025-07-27,27.60,23.80,32.20,79.00,0.00
Monkayo,2025-07-28,27.90,24.10,32.70,75.00,0.00
Monkayo,2025-07-29,28.10,24.70,32.80,75.00,0.10
Monkayo,2025-07-30,28.00,24.60,32.80,75.00,0.00
Monkayo,2025-07-31,28.20,23.90,33.40,76.00,0.00
Monkayo,2025-08-01,27.60,24.50,32.60,80.00,10.30
Monkayo,2025-08-02,27.60,23.20,32.70,83.00,0.30
Monkayo,2025-08-03,27.20,24.40,32.40,87.00,12.50
Monkayo,2025-08-04,27.20,23.30,32.20,85.00,10.00
Monkayo,2025-08-05,27.10,23.40,32.30,81.00,1.50
Monkayo,2025-08-06,26.20,23.40,32.10,85.00,8.90
Monkayo,2025-08-07,26.00,23.10,31.40,88.00,16.10
Monkayo,2025-08-08,26.10,24.00,29.40,88.00,2.60
Monkayo,2025-08-09,26.30,23.00,31.40,88.00,12.70
Monkayo,2025-08-10,25.70,23.40,31.00,91.00,9.90
Monkayo,2025-08-11,25.40,23.20,29.90,90.00,15.90
Monkayo,2025-08-12,25.20,22.70,29.30,91.00,7.10
Monkayo,2025-08-13,25.50,22.60,30.10,90.00,25.30
Monkayo,2025-08-14,25.40,23.60,30.30,92.00,19.80
Monkayo,2025-08-15,25.40,22.90,30.10,90.00,6.30
Monkayo,2025-08-16,25.60,22.30,30.40,87.00,1.00
Monkayo,2025-08-17,25.50,22.70,29.40,91.00,18.90
Monkayo,2025-08-18,25.80,22.70,30.10,92.00,19.40
Monkayo,2025-08-19,24.80,23.30,27.70,95.00,33.10
Monkayo,2025-08-20,25.70,22.50,31.00,87.00,1.10
Monkayo,2025-08-21,25.70,23.10,30.50,89.00,9.60
Monkayo,2025-08-22,25.10,22.70,30.10,90.00,14.90
Monkayo,2025-08-23,25.50,22.90,29.80,86.00,2.50
Monkayo,2025-08-24,25.30,23.00,28.20,87.00,2.50
Monkayo,2025-08-25,25.30,23.10,28.60,90.00,4.80
Monkayo,2025-08-26,25.60,22.80,30.80,84.00,17.20
Monkayo,2025-08-27,25.80,23.20,30.40,83.00,7.60
Monkayo,2025-08-28,26.40,23.90,30.30,83.00,2.30
Monkayo,2025-08-29,26.50,24.70,29.50,82.00,0.00
Monkayo,2025-08-30,24.70,23.70,26.60,94.00,11.20
Monkayo,2025-08-31,25.30,23.60,28.40,86.00,1.60
Monkayo,2025-09-01,27.10,23.50,31.50,75.00,0.40
Monkayo,2025-09-02,26.70,23.80,31.90,84.00,2.70
Monkayo,2025-09-03,26.10,23.20,30.60,87.00,0.90
Monkayo,2025-09-04,26.10,24.20,31.20,86.00,18.30
Monkayo,2025-09-05,26.10,23.30,30.90,89.00,9.70
Monkayo,2025-09-06,26.20,23.10,30.80,90.00,11.30
Monkayo,2025-09-07,25.80,23.70,30.00,92.00,13.90
Monkayo,2025-09-08,24.80,23.10,27.30,94.00,14.60
Monkayo,2025-09-09,25.90,22.00,30.40,89.00,13.00
Monkayo,2025-09-10,25.60,22.50,31.00,92.00,17.30
Monkayo,2025-09-11,25.60,23.10,31.30,91.00,21.10
Monkayo,2025-09-12,25.70,23.80,28.50,89.00,3.70
Monkayo,2025-09-13,26.30,23.60,31.30,88.00,5.70
Monkayo,2025-09-14,25.70,23.30,31.10,90.00,14.30
Monkayo,2025-09-15,25.50,23.20,30.40,91.00,26.10
Monkayo,2025-09-16,26.00,23.40,29.40,89.00,1.50
Monkayo,2025-09-17,25.80,23.60,30.70,90.00,26.90
Monkayo,2025-09-18,25.70,22.70,30.40,90.00,0.60
Monkayo,2025-09-19,26.30,23.30,30.80,87.00,1.00
Monkayo,2025-09-20,26.80,24.20,31.40,84.00,0.60
Monkayo,2025-09-21,27.40,24.00,31.80,80.00,0.10
Monkayo,2025-09-22,27.60,24.50,32.00,80.00,1.30
Monkayo,2025-09-23,26.90,24.70,29.90,82.00,0.60
Monkayo,2025-09-24,27.50,24.50,32.10,76.00,0.00
Monkayo,2025-09-25,27.00,23.90,30.30,72.00,0.40
Monkayo,2025-09-26,27.80,24.10,32.00,69.00,0.00
Monkayo,2025-09-27,26.80,23.50,31.80,81.00,1.10
Monkayo,2025-09-28,26.00,22.70,30.80,89.00,7.50
Monkayo,2025-09-29,25.90,22.80,31.00,90.00,7.30
Monkayo,2025-09-30,26.00,22.80,30.20,88.00,7.90
Monkayo,2025-10-01,25.90,22.60,31.00,86.00,0.50
Monkayo,2025-10-02,26.40,23.10,33.00,84.00,6.40
Monkayo,2025-10-03,25.80,22.50,32.00,87.00,16.00
Monkayo,2025-10-04,26.30,22.90,31.30,86.00,7.10
Monkayo,2025-10-05,26.40,22.70,31.10,84.00,3.90
Monkayo,2025-10-06,26.10,23.30,31.40,87.00,15.00
Monkayo,2025-10-07,25.40,22.80,30.40,90.00,6.80
Monkayo,2025-10-08,26.10,23.40,30.20,86.00,6.70
Monkayo,2025-10-09,27.20,23.70,31.30,74.00,0.70
Monkayo,2025-10-10,26.30,23.90,29.90,80.00,1.90
Monkayo,2025-10-11,25.80,23.90,30.30,89.00,1.70
Monkayo,2025-10-12,27.10,23.30,32.00,83.00,5.80
Monkayo,2025-10-13,25.60,23.70,29.70,91.00,17.70
Monkayo,2025-10-14,26.20,22.50,31.80,87.00,8.30
Monkayo,2025-10-15,26.20,23.10,31.80,88.00,9.70
Monkayo,2025-10-16,27.10,23.00,32.50,85.00,1.60
Monkayo,2025-10-17,26.40,24.20,31.20,90.00,13.30
Monkayo,2025-10-18,27.10,23.40,31.50,80.00,0.00
Monkayo,2025-10-19,27.40,23.50,32.50,80.00,0.50
Monkayo,2025-10-20,27.70,23.60,32.30,83.00,4.60
Monkayo,2025-10-21,26.70,24.30,31.90,88.00,9.40
Monkayo,2025-10-22,26.10,23.60,31.40,91.00,15.40
Monkayo,2025-10-23,26.70,23.20,32.40,87.00,8.00
Monkayo,2025-10-24,26.70,23.70,32.40,87.00,19.00
Monkayo,2025-10-25,25.80,22.70,30.00,91.00,13.60
Monkayo,2025-10-26,24.90,23.60,27.60,96.00,21.40
Monkayo,2025-10-27,26.30,23.20,30.90,86.00,1.80
Monkayo,2025-10-28,26.00,23.30,29.40,87.00,0.20
Monkayo,2025-10-29,25.50,23.60,29.70,89.00,18.30
Monkayo,2025-10-30,25.70,23.50,29.30,91.00,13.30
Monkayo,2025-10-31,26.70,23.90,30.10,88.00,1.10
Monkayo,2025-11-01,25.90,23.40,30.50,91.00,7.00
Monkayo,2025-11-02,26.10,22.30,31.30,87.00,2.20
Monkayo,2025-11-03,25.50,23.60,30.10,87.00,11.10
Monkayo,2025-11-04,26.60,23.10,31.20,81.00,1.50
Monkayo,2025-11-05,27.50,23.50,32.70,77.00,0.00
Monkayo,2025-11-06,26.80,23.80,32.20,88.00,17.30
Monkayo,2025-11-07,27.20,23.60,32.30,81.00,0.50
Monkayo,2025-11-08,26.50,23.30,30.60,83.00,0.90
Monkayo,2025-11-09,27.80,25.10,32.00,75.00,0.70
Monkayo,2025-11-10,27.90,23.50,32.90,73.00,0.70
Monkayo,2025-11-11,27.80,24.50,33.30,76.00,0.60
Monkayo,2025-11-12,27.20,23.30,32.20,83.00,1.30
Monkayo,2025-11-13,25.70,23.90,29.80,92.00,18.80
Monkayo,2025-11-14,25.00,23.50,28.00,95.00,44.40
Monkayo,2025-11-15,25.90,23.50,29.90,92.00,15.80
Monkayo,2025-11-16,25.40,23.70,28.30,95.00,12.90
Monkayo,2025-11-17,25.80,23.00,30.60,90.00,2.70
Monkayo,2025-11-18,25.50,22.90,28.90,91.00,11.10
Monkayo,2025-11-19,25.40,23.80,28.90,93.00,6.60
Monkayo,2025-11-20,26.30,22.40,31.20,83.00,0.60
Monkayo,2025-11-21,26.60,23.50,30.80,81.00,1.40
Monkayo,2025-11-22,27.10,23.60,32.10,79.00,3.90
Monkayo,2025-11-23,25.60,23.80,28.60,92.00,3.20
Monkayo,2025-11-24,25.30,24.20,26.90,93.00,8.30
Monkayo,2025-11-25,27.30,23.90,31.30,80.00,0.30
Monkayo,2025-11-26,27.60,24.20,32.20,82.00,2.50
Monkayo,2025-11-27,26.70,24.00,31.50,88.00,6.40
Monkayo,2025-11-28,26.20,23.70,31.40,91.00,9.50
Monkayo,2025-11-29,26.20,23.20,31.70,89.00,0.60
Monkayo,2025-11-30,26.90,23.50,31.20,83.00,1.00
Monkayo,2025-12-01,24.90,23.80,27.50,94.00,24.60
Monkayo,2025-12-02,26.20,23.00,30.90,83.00,0.00
Monkayo,2025-12-03,26.60,23.50,30.60,81.00,0.00
Monkayo,2025-12-04,26.70,23.50,31.40,82.00,0.90
Monkayo,2025-12-05,25.90,23.50,31.10,90.00,17.20
Monkayo,2025-12-06,26.10,23.40,31.80,89.00,8.80
Monkayo,2025-12-07,26.20,23.30,30.60,89.00,15.50
Monkayo,2025-12-08,26.50,23.60,30.70,89.00,2.70
Monkayo,2025-12-09,26.80,23.30,31.30,84.00,0.70
Monkayo,2025-12-10,26.50,22.80,30.40,82.00,2.30
Monkayo,2025-12-11,27.10,24.00,32.10,82.00,0.50
Monkayo,2025-12-12,27.20,24.00,32.80,77.00,0.20
Monkayo,2025-12-13,26.90,23.20,32.20,77.00,0.60
Monkayo,2025-12-14,26.50,23.70,30.10,83.00,2.40
Monkayo,2025-12-15,25.50,23.30,28.50,90.00,13.90
Monkayo,2025-12-16,26.40,22.70,31.40,82.00,1.00
Monkayo,2025-12-17,25.20,23.10,29.40,91.00,13.80
Monkayo,2025-12-18,24.90,23.10,28.00,94.00,4.10
Monkayo,2025-12-19,25.00,23.10,27.90,94.00,8.80
Monkayo,2025-12-20,25.80,23.20,29.70,89.00,3.70
Monkayo,2025-12-21,25.70,23.30,29.90,91.00,22.20
Monkayo,2025-12-22,25.60,23.80,28.90,93.00,17.20
Monkayo,2025-12-23,25.00,23.20,27.40,96.00,15.80
Monkayo,2025-12-24,25.70,23.40,30.20,93.00,14.10
Monkayo,2025-12-25,26.10,23.30,31.10,89.00,5.70
Monkayo,2025-12-26,26.60,23.20,31.40,83.00,0.20
Monkayo,2025-12-27,26.20,24.20,29.90,90.00,28.40
Monkayo,2025-12-28,25.50,23.40,28.60,90.00,0.50
Monkayo,2025-12-29,25.80,22.50,29.60,89.00,18.70
Monkayo,2025-12-30,26.10,24.10,30.60,91.00,20.50
Monkayo,2025-12-31,25.80,23.30,30.50,91.00,10.80
Monkayo,2026-01-01,25.90,22.80,30.10,90.00,1.80
Monkayo,2026-01-02,25.20,23.10,29.00,93.00,13.90
Monkayo,2026-01-03,25.60,22.70,30.30,90.00,8.70
Monkayo,2026-01-04,25.00,23.40,27.70,95.00,21.40
Monkayo,2026-01-05,26.20,22.40,30.60,83.00,0.20
Monkayo,2026-01-06,26.90,24.00,31.40,80.00,0.10
Monkayo,2026-01-07,26.80,23.70,31.30,85.00,0.50
Monkayo,2026-01-08,26.80,23.60,31.00,81.00,0.40
Monkayo,2026-01-09,26.70,23.30,32.20,84.00,0.80
Monkayo,2026-01-10,25.60,23.00,29.40,90.00,8.40
Monkayo,2026-01-11,25.60,23.10,29.30,87.00,2.20
Monkayo,2026-01-12,26.30,22.80,30.60,81.00,0.80
Monkayo,2026-01-13,25.00,23.00,29.30,89.00,6.40
Monkayo,2026-01-14,24.90,23.10,29.20,90.00,5.50
Monkayo,2026-01-15,25.70,23.00,29.40,84.00,1.20
Monkayo,2026-01-16,25.80,22.80,31.10,85.00,7.40
Monkayo,2026-01-17,27.00,22.90,31.90,75.00,0.20
Monkayo,2026-01-18,27.30,22.90,32.40,75.00,0.30
Monkayo,2026-01-19,26.60,23.10,32.10,84.00,9.50
Monkayo,2026-01-20,26.50,23.30,31.20,79.00,0.20
Monkayo,2026-01-21,26.20,22.60,31.20,76.00,0.10
Monkayo,2026-01-22,24.90,21.30,29.70,83.00,1.50
Monkayo,2026-01-23,25.40,21.30,29.40,76.00,0.50
Monkayo,2026-01-24,24.60,22.10,29.30,84.00,24.40
Monkayo,2026-01-25,24.20,22.30,26.80,88.00,17.90
Monkayo,2026-01-26,25.50,22.80,29.50,84.00,0.00
Monkayo,2026-01-27,26.30,22.90,30.80,84.00,0.10
Monkayo,2026-01-28,25.70,23.60,28.00,82.00,2.50
Monkayo,2026-01-29,25.60,22.30,29.80,75.00,0.40
Monkayo,2026-01-30,24.40,20.70,29.00,81.00,0.10
Monkayo,2026-01-31,25.60,20.90,31.20,81.00,1.50
Monkayo,2026-02-01,26.40,22.90,32.70,81.00,0.80
Monkayo,2026-02-02,26.00,22.30,30.50,84.00,1.40
Monkayo,2026-02-03,24.90,23.20,29.00,90.00,13.00
Monkayo,2026-02-04,25.00,22.40,28.10,86.00,1.10
Monkayo,2026-02-05,23.90,23.30,24.50,96.00,51.90
Monkayo,2026-02-06,26.70,22.90,31.40,84.00,2.90
Monkayo,2026-02-07,27.00,23.20,31.90,79.00,5.20
Monkayo,2026-02-08,25.90,23.40,29.40,86.00,2.90
Monkayo,2026-02-09,25.70,22.30,30.50,89.00,7.80
Monkayo,2026-02-10,25.90,23.40,30.00,88.00,3.60
Monkayo,2026-02-11,26.30,23.40,30.10,86.00,0.50
Monkayo,2026-02-12,25.80,23.40,29.20,86.00,37.70
Monkayo,2026-02-13,25.60,23.00,30.00,87.00,27.50
Monkayo,2026-02-14,25.90,22.20,31.30,84.00,1.20
Monkayo,2026-02-15,26.30,22.00,31.90,80.00,0.60
Monkayo,2026-02-16,26.40,23.60,30.90,81.00,1.30
Monkayo,2026-02-17,26.20,22.80,30.50,82.00,1.30
Monkayo,2026-02-18,24.50,23.20,26.30,92.00,17.30
Monkayo,2026-02-19,23.80,22.60,26.20,96.00,46.80
Monkayo,2026-02-20,23.10,22.40,23.80,97.00,138.70
Monkayo,2026-02-21,24.60,22.60,28.30,93.00,11.70
Monkayo,2026-02-22,24.10,22.70,26.00,97.00,34.40
Monkayo,2026-02-23,25.20,22.90,28.70,93.00,25.40
Monkayo,2026-02-24,25.30,23.10,29.40,93.00,7.60
Monkayo,2026-02-25,25.00,22.20,29.00,93.00,22.60
Monkayo,2026-02-26,24.40,23.10,26.40,94.00,9.40
Monkayo,2026-02-27,25.80,22.20,30.30,84.00,0.00
Monkayo,2026-02-28,25.60,23.20,29.40,85.00,3.20
Monkayo,2026-03-01,26.00,22.70,30.70,83.00,1.60
Monkayo,2026-03-02,26.20,22.90,31.10,83.00,0.30
Monkayo,2026-03-03,25.60,23.00,28.20,86.00,1.60
Monkayo,2026-03-04,25.90,23.50,29.50,83.00,2.80
Monkayo,2026-03-05,26.30,24.20,29.60,81.00,0.30
Monkayo,2026-03-06,26.20,22.40,30.90,79.00,0.10
Monkayo,2026-03-07,25.80,22.40,30.60,84.00,2.10
Monkayo,2026-03-08,25.60,22.80,30.20,89.00,16.20
Monkayo,2026-03-09,24.30,23.20,27.80,95.00,45.40
Monkayo,2026-03-10,24.60,22.90,27.50,91.00,9.50
Monkayo,2026-03-11,24.50,22.20,28.00,90.00,8.20
Monkayo,2026-03-12,24.20,20.60,28.80,88.00,1.70
Monkayo,2026-03-13,24.50,21.10,27.90,83.00,2.90
Monkayo,2026-03-14,24.10,21.20,27.60,78.00,0.50
Monkayo,2026-03-15,23.80,19.60,28.50,76.00,0.00
Monkayo,2026-03-16,24.30,19.90,28.90,78.00,0.00
Monkayo,2026-03-17,25.10,20.70,30.20,78.00,0.00
Monkayo,2026-03-18,25.60,21.10,30.50,81.00,0.20
Monkayo,2026-03-19,25.90,23.00,30.00,80.00,0.60
Monkayo,2026-03-20,25.30,21.00,30.30,82.00,1.50
Monkayo,2026-03-21,24.90,23.00,27.70,88.00,14.30
Monkayo,2026-03-22,25.80,22.60,30.10,79.00,0.50
Monkayo,2026-03-23,25.90,21.40,30.80,76.00,0.10
Monkayo,2026-03-24,26.50,21.70,31.80,77.00,0.00
Monkayo,2026-03-25,27.20,22.50,32.30,77.00,1.10
Monkayo,2026-03-26,24.30,22.90,25.80,97.00,69.20
Monkayo,2026-03-27,25.60,20.80,30.30,85.00,0.60
Monkayo,2026-03-28,26.10,22.00,30.40,75.00,0.00
Monkayo,2026-03-29,25.30,20.10,31.40,77.00,0.00
Monkayo,2026-03-30,25.70,21.80,31.00,79.00,0.50
Monkayo,2026-03-31,25.60,21.10,30.80,84.00,1.60
Monkayo,2026-04-01,26.00,21.90,30.80,83.00,0.80
Monkayo,2026-04-02,26.60,22.00,32.10,78.00,0.70
Monkayo,2026-04-03,26.70,22.70,31.30,77.00,0.80
Monkayo,2026-04-04,26.10,23.60,29.90,88.00,21.80
Monkayo,2026-04-05,26.50,22.60,31.80,82.00,0.40
Monkayo,2026-04-06,26.80,22.20,32.80,79.00,0.30
Monkayo,2026-04-07,26.10,23.60,30.40,89.00,6.10
Monkayo,2026-04-08,26.40,23.10,31.10,86.00,0.40
Monkayo,2026-04-09,26.60,22.60,31.90,79.00,0.00
Monkayo,2026-04-10,26.60,22.10,31.80,81.00,3.00
Monkayo,2026-04-11,26.40,21.70,32.00,77.00,0.10
Monkayo,2026-04-12,26.40,21.80,31.50,73.00,0.00
Monkayo,2026-04-13,26.50,20.70,32.40,72.00,0.00
Monkayo,2026-04-14,26.80,21.20,32.40,75.00,0.00
Monkayo,2026-04-15,27.40,22.80,32.50,73.00,0.00
Monkayo,2026-04-16,27.10,21.40,33.30,72.00,0.00
Monkayo,2026-04-17,27.50,22.30,33.80,71.00,0.10
Monkayo,2026-04-18,27.60,21.80,33.40,69.00,0.00
Monkayo,2026-04-19,28.00,23.00,34.50,68.00,0.00
Monkayo,2026-04-20,27.50,21.10,34.20,69.00,0.10
Monkayo,2026-04-21,27.90,22.80,33.60,71.00,0.40
Monkayo,2026-04-22,28.60,23.50,34.70,69.00,0.80
Monkayo,2026-04-23,28.80,23.70,34.60,70.00,0.30
Monkayo,2026-04-24,28.90,24.10,36.10,68.00,0.10
Monkayo,2026-04-25,28.20,23.50,33.20,73.00,1.00
Monkayo,2026-04-26,27.10,24.30,34.10,85.00,29.30
Monkayo,2026-04-27,28.20,23.90,34.50,76.00,0.70
Monkayo,2026-04-28,28.20,23.70,35.10,71.00,0.20
Monkayo,2026-04-29,28.10,22.50,34.20,67.00,0.00
Monkayo,2026-04-30,27.30,24.30,32.80,81.00,8.80
Monkayo,2026-05-01,26.10,24.00,31.30,91.00,35.10
Monkayo,2026-05-02,25.60,23.90,29.60,94.00,28.90
Monkayo,2026-05-03,26.10,23.80,31.50,91.00,18.30
Monkayo,2026-05-04,26.20,24.20,31.30,91.00,34.30
Monkayo,2026-05-05,27.10,22.60,33.10,83.00,0.60
Monkayo,2026-05-06,26.80,23.60,31.80,87.00,12.10
Monkayo,2026-05-07,26.40,24.40,30.10,92.00,11.80
Monkayo,2026-05-08,26.80,24.40,30.50,92.00,15.00
Monkayo,2026-05-09,26.90,23.80,31.40,87.00,5.70
Monkayo,2026-05-10,26.10,23.70,30.00,92.00,10.90
Monkayo,2026-05-11,28.00,24.20,32.80,83.00,0.30
Monkayo,2026-05-12,28.00,24.70,33.20,85.00,6.20
Monkayo,2026-05-13,27.40,24.70,31.70,90.00,9.70
Monkayo,2026-05-14,27.20,24.50,32.80,89.00,9.40
Monkayo,2026-05-15,26.80,23.30,31.60,90.00,23.30
Monkayo,2026-05-16,27.00,24.30,32.20,90.00,14.80
Monkayo,2026-05-17,28.10,24.90,32.10,84.00,1.40
Monkayo,2026-05-18,26.80,24.30,31.70,91.00,19.10
Monkayo,2026-05-19,26.40,23.80,31.60,91.00,47.10
Monkayo,2026-05-20,27.10,23.20,32.80,86.00,2.20
Monkayo,2026-05-21,27.70,23.80,32.80,84.00,1.60
Monkayo,2026-05-22,26.40,24.50,31.00,92.00,14.50
Monkayo,2026-05-23,25.60,24.40,28.30,96.00,38.90
Monkayo,2026-05-24,26.30,23.80,29.90,93.00,15.60
Monkayo,2026-05-25,27.00,24.30,31.70,89.00,8.90
Monkayo,2026-05-26,26.50,24.00,30.70,89.00,7.10
Monkayo,2026-05-27,26.60,24.40,31.50,90.00,8.80
Monkayo,2026-05-28,27.00,24.10,32.30,87.00,4.50
Monkayo,2026-05-29,26.70,24.60,31.30,88.00,4.80
Monkayo,2026-05-30,27.40,24.80,31.60,83.00,3.30
Monkayo,2026-05-31,26.90,25.00,31.00,84.00,7.10
Compostela,2023-01-01,24.00,21.50,26.50,92.00,17.70
Compostela,2023-01-02,24.30,23.00,26.50,93.00,30.70
Compostela,2023-01-03,24.80,22.30,29.00,89.00,39.00
Compostela,2023-01-04,24.90,22.90,27.20,92.00,17.90
Compostela,2023-01-05,25.50,22.40,30.20,86.00,3.40
Compostela,2023-01-06,25.90,22.00,31.60,83.00,4.30
Compostela,2023-01-07,24.20,23.00,26.00,92.00,38.30
Compostela,2023-01-08,24.10,22.60,26.70,89.00,17.10
Compostela,2023-01-09,24.80,23.10,27.10,89.00,10.60
Compostela,2023-01-10,24.80,22.90,27.20,89.00,11.00
Compostela,2023-01-11,24.80,22.50,28.00,88.00,4.70
Compostela,2023-01-12,24.70,22.90,27.50,90.00,15.50
Compostela,2023-01-13,25.40,23.00,28.50,88.00,10.70
Compostela,2023-01-14,24.80,23.00,27.90,91.00,31.10
Compostela,2023-01-15,25.60,22.40,30.00,84.00,13.80
Compostela,2023-01-16,25.50,22.40,29.90,85.00,5.90
Compostela,2023-01-17,25.30,22.30,30.60,87.00,6.00
Compostela,2023-01-18,25.40,20.80,31.00,86.00,4.50
Compostela,2023-01-19,26.20,21.80,31.30,81.00,2.30
Compostela,2023-01-20,25.90,22.80,30.00,82.00,0.80
Compostela,2023-01-21,25.00,22.10,29.10,87.00,10.70
Compostela,2023-01-22,23.90,22.90,25.80,93.00,64.50
Compostela,2023-01-23,24.60,22.90,27.30,90.00,25.90
Compostela,2023-01-24,24.90,22.30,28.60,88.00,5.60
Compostela,2023-01-25,24.80,22.50,28.10,83.00,9.70
Compostela,2023-01-26,24.70,22.70,27.80,88.00,27.60
Compostela,2023-01-27,25.20,22.40,30.10,89.00,5.70
Compostela,2023-01-28,26.20,22.40,31.70,81.00,0.80
Compostela,2023-01-29,24.80,22.80,27.50,90.00,14.80
Compostela,2023-01-30,25.60,23.20,29.00,88.00,1.70
Compostela,2023-01-31,25.50,22.00,29.60,85.00,1.40
Compostela,2023-02-01,26.10,21.90,31.30,81.00,1.00
Compostela,2023-02-02,25.90,23.00,30.70,83.00,2.90
Compostela,2023-02-03,25.70,22.90,30.00,81.00,0.70
Compostela,2023-02-04,25.10,21.80,28.60,86.00,2.70
Compostela,2023-02-05,24.60,21.30,29.20,89.00,26.80
Compostela,2023-02-06,25.40,21.90,30.40,85.00,2.90
Compostela,2023-02-07,25.10,22.10,30.10,86.00,4.80
Compostela,2023-02-08,24.50,21.20,29.00,86.00,3.50
Compostela,2023-02-09,25.10,22.00,29.50,85.00,3.20
Compostela,2023-02-10,25.70,21.30,31.20,81.00,1.20
Compostela,2023-02-11,25.90,22.50,29.90,82.00,0.70
Compostela,2023-02-12,26.00,23.10,30.50,80.00,2.00
Compostela,2023-02-13,24.50,23.10,25.60,91.00,12.20
Compostela,2023-02-14,24.20,23.20,26.80,92.00,62.70
Compostela,2023-02-15,25.20,23.00,29.70,86.00,39.60
Compostela,2023-02-16,25.30,22.20,29.20,84.00,3.50
Compostela,2023-02-17,24.20,22.90,25.80,89.00,17.20
Compostela,2023-02-18,25.10,23.00,29.00,87.00,28.50
Compostela,2023-02-19,25.90,21.60,29.50,81.00,0.30
Compostela,2023-02-20,25.90,22.60,30.10,85.00,14.90
Compostela,2023-02-21,25.90,23.40,30.60,87.00,20.00
Compostela,2023-02-22,25.70,22.50,31.40,86.00,6.40
Compostela,2023-02-23,26.50,22.90,32.10,80.00,1.40
Compostela,2023-02-24,26.40,21.80,30.80,81.00,1.40
Compostela,2023-02-25,26.00,22.40,32.00,82.00,0.40
Compostela,2023-02-26,25.80,22.50,29.80,83.00,1.60
Compostela,2023-02-27,26.40,23.00,30.80,80.00,1.30
Compostela,2023-02-28,26.10,23.10,30.20,82.00,1.80
Compostela,2023-03-01,26.60,22.90,31.30,81.00,3.30
Compostela,2023-03-02,25.20,22.60,29.30,84.00,5.10
Compostela,2023-03-03,25.10,19.80,29.80,77.00,0.40
Compostela,2023-03-04,24.90,22.90,27.40,85.00,24.50
Compostela,2023-03-05,25.70,21.80,30.40,81.00,3.70
Compostela,2023-03-06,24.70,19.80,29.00,84.00,2.10
Compostela,2023-03-07,24.80,22.60,28.10,87.00,5.90
Compostela,2023-03-08,26.50,22.70,31.90,80.00,0.40
Compostela,2023-03-09,26.10,22.80,30.40,82.00,0.90
Compostela,2023-03-10,26.30,21.10,31.90,78.00,0.00
Compostela,2023-03-11,25.90,20.90,31.40,80.00,1.90
Compostela,2023-03-12,25.70,22.00,29.30,83.00,7.90
Compostela,2023-03-13,25.40,23.20,29.20,84.00,21.30
Compostela,2023-03-14,23.80,22.00,26.00,91.00,15.50
Compostela,2023-03-15,25.60,20.90,31.10,81.00,1.40
Compostela,2023-03-16,26.00,22.50,30.60,84.00,10.20
Compostela,2023-03-17,26.20,23.00,30.60,84.00,4.90
Compostela,2023-03-18,25.60,22.90,29.80,86.00,8.90
Compostela,2023-03-19,26.80,22.70,31.90,80.00,1.40
Compostela,2023-03-20,26.50,22.20,31.10,78.00,0.20
Compostela,2023-03-21,26.20,21.20,32.10,78.00,0.10
Compostela,2023-03-22,25.90,22.00,30.50,81.00,0.30
Compostela,2023-03-23,26.10,21.40,32.30,81.00,15.20
Compostela,2023-03-24,26.30,22.00,31.50,85.00,6.00
Compostela,2023-03-25,26.80,22.90,31.50,81.00,0.50
Compostela,2023-03-26,27.10,22.30,32.50,77.00,0.80
Compostela,2023-03-27,26.50,23.50,30.90,81.00,1.00
Compostela,2023-03-28,26.20,23.40,29.90,83.00,2.00
Compostela,2023-03-29,25.50,22.70,29.90,86.00,19.10
Compostela,2023-03-30,26.00,22.70,30.40,85.00,4.90
Compostela,2023-03-31,25.60,22.80,28.60,88.00,16.90
Compostela,2023-04-01,25.30,23.00,30.20,88.00,17.80
Compostela,2023-04-02,25.60,22.90,30.00,89.00,20.20
Compostela,2023-04-03,25.90,22.10,31.10,84.00,1.40
Compostela,2023-04-04,25.90,20.80,31.50,79.00,0.10
Compostela,2023-04-05,25.60,22.40,29.50,85.00,8.00
Compostela,2023-04-06,26.60,22.40,31.00,75.00,0.50
Compostela,2023-04-07,26.40,21.50,31.50,76.00,0.10
Compostela,2023-04-08,26.50,23.80,30.80,79.00,3.80
Compostela,2023-04-09,26.10,22.60,30.50,83.00,2.20
Compostela,2023-04-10,25.40,21.40,28.50,84.00,0.30
Compostela,2023-04-11,26.40,22.00,31.60,80.00,3.60
Compostela,2023-04-12,27.20,23.80,31.90,77.00,0.20
Compostela,2023-04-13,27.00,23.50,32.20,82.00,1.80
Compostela,2023-04-14,26.50,23.60,30.60,85.00,7.40
Compostela,2023-04-15,26.40,23.60,31.00,86.00,5.40
Compostela,2023-04-16,25.90,22.00,31.50,87.00,9.90
Compostela,2023-04-17,26.00,22.90,30.80,87.00,22.60
Compostela,2023-04-18,26.70,21.90,31.90,80.00,0.40
Compostela,2023-04-19,27.20,21.90,32.00,81.00,0.60
Compostela,2023-04-20,27.10,24.00,32.10,84.00,6.20
Compostela,2023-04-21,26.20,23.40,31.50,87.00,5.30
Compostela,2023-04-22,26.70,23.80,32.80,85.00,9.50
Compostela,2023-04-23,27.00,23.50,31.30,84.00,6.70
Compostela,2023-04-24,27.30,23.10,32.80,78.00,0.30
Compostela,2023-04-25,27.00,21.80,33.20,77.00,0.50
Compostela,2023-04-26,26.70,21.60,32.70,79.00,0.60
Compostela,2023-04-27,26.70,21.90,31.20,80.00,0.80
Compostela,2023-04-28,27.80,22.60,33.00,76.00,0.20
Compostela,2023-04-29,27.10,24.50,32.50,82.00,15.40
Compostela,2023-04-30,26.60,24.20,31.40,86.00,16.40
Compostela,2023-05-01,27.10,23.60,31.60,81.00,5.50
Compostela,2023-05-02,25.90,24.20,29.60,90.00,40.60
Compostela,2023-05-03,26.50,23.20,30.20,86.00,8.80
Compostela,2023-05-04,26.60,23.40,31.20,87.00,16.00
Compostela,2023-05-05,26.20,23.00,31.50,88.00,14.90
Compostela,2023-05-06,26.40,23.00,31.90,87.00,23.70
Compostela,2023-05-07,27.90,24.00,32.20,78.00,2.70
Compostela,2023-05-08,27.80,23.70,33.30,78.00,0.50
Compostela,2023-05-09,27.30,22.90,32.90,80.00,0.70
Compostela,2023-05-10,27.30,22.70,32.20,81.00,1.80
Compostela,2023-05-11,27.10,23.40,32.80,82.00,2.10
Compostela,2023-05-12,27.00,22.40,33.20,83.00,1.10
Compostela,2023-05-13,27.60,23.40,33.00,81.00,3.50
Compostela,2023-05-14,27.00,23.50,32.40,85.00,3.60
Compostela,2023-05-15,26.50,23.00,31.90,84.00,1.30
Compostela,2023-05-16,26.90,23.70,32.30,81.00,7.20
Compostela,2023-05-17,27.10,23.10,32.50,79.00,7.70
Compostela,2023-05-18,27.40,24.20,33.00,79.00,3.60
Compostela,2023-05-19,25.80,23.30,30.20,87.00,22.50
Compostela,2023-05-20,26.10,22.50,30.70,85.00,6.20
Compostela,2023-05-21,26.60,23.70,31.40,84.00,36.80
Compostela,2023-05-22,26.50,23.80,32.20,86.00,25.10
Compostela,2023-05-23,26.70,23.60,30.40,83.00,15.60
Compostela,2023-05-24,26.30,23.10,30.10,84.00,15.20
Compostela,2023-05-25,26.70,24.00,30.00,83.00,3.60
Compostela,2023-05-26,26.60,23.80,31.00,81.00,13.20
Compostela,2023-05-27,26.80,23.80,31.20,79.00,20.80
Compostela,2023-05-28,27.50,23.80,31.20,76.00,5.00
Compostela,2023-05-29,27.70,23.10,32.50,78.00,0.10
Compostela,2023-05-30,28.00,24.10,32.50,78.00,0.10
Compostela,2023-05-31,28.00,24.10,32.20,78.00,0.00
Compostela,2023-06-01,28.40,24.50,32.40,75.00,0.30
Compostela,2023-06-02,28.00,24.40,33.00,78.00,6.60
Compostela,2023-06-03,27.40,24.40,33.00,79.00,1.30
Compostela,2023-06-04,26.90,24.40,32.00,82.00,18.60
Compostela,2023-06-05,26.50,23.40,31.70,85.00,10.10
Compostela,2023-06-06,26.10,23.60,31.00,87.00,17.10
Compostela,2023-06-07,26.70,23.90,31.50,83.00,6.20
Compostela,2023-06-08,26.60,23.80,31.10,82.00,11.70
Compostela,2023-06-09,26.80,23.20,31.80,82.00,8.40
Compostela,2023-06-10,27.40,23.80,31.60,79.00,3.00
Compostela,2023-06-11,27.50,24.70,32.10,79.00,1.80
Compostela,2023-06-12,27.50,23.50,32.20,80.00,0.60
Compostela,2023-06-13,27.00,23.70,32.40,84.00,5.00
Compostela,2023-06-14,26.00,23.50,30.20,88.00,63.20
Compostela,2023-06-15,25.90,23.10,29.60,86.00,1.40
Compostela,2023-06-16,25.60,23.50,29.40,87.00,3.80
Compostela,2023-06-17,25.80,23.00,30.50,88.00,15.90
Compostela,2023-06-18,26.40,23.20,30.80,87.00,21.00
Compostela,2023-06-19,25.70,23.20,30.40,89.00,23.80
Compostela,2023-06-20,25.80,23.50,30.60,87.00,12.90
Compostela,2023-06-21,25.50,22.50,30.00,86.00,17.20
Compostela,2023-06-22,25.90,23.80,28.40,84.00,3.10
Compostela,2023-06-23,26.40,23.20,29.40,84.00,11.00
Compostela,2023-06-24,25.90,23.60,30.20,86.00,4.00
Compostela,2023-06-25,25.30,22.90,30.50,86.00,18.90
Compostela,2023-06-26,26.40,23.50,31.00,83.00,6.20
Compostela,2023-06-27,26.80,23.80,31.00,84.00,7.10
Compostela,2023-06-28,26.30,23.60,31.70,85.00,10.70
Compostela,2023-06-29,26.10,23.10,31.40,84.00,12.50
Compostela,2023-06-30,26.50,23.70,30.40,83.00,7.70
Compostela,2023-07-01,26.50,23.00,30.80,87.00,13.90
Compostela,2023-07-02,27.20,23.50,31.50,83.00,1.40
Compostela,2023-07-03,25.90,24.10,29.20,88.00,31.30
Compostela,2023-07-04,25.80,23.60,29.40,89.00,42.30
Compostela,2023-07-05,26.40,22.60,30.10,83.00,2.10
Compostela,2023-07-06,26.50,23.90,31.70,86.00,6.70
Compostela,2023-07-07,26.90,23.60,31.20,85.00,1.30
Compostela,2023-07-08,26.10,23.20,30.10,87.00,43.70
Compostela,2023-07-09,25.60,22.70,30.00,85.00,8.30
Compostela,2023-07-10,26.30,23.00,30.90,83.00,9.20
Compostela,2023-07-11,26.80,24.00,30.90,82.00,8.10
Compostela,2023-07-12,26.80,23.60,29.90,81.00,1.40
Compostela,2023-07-13,27.00,23.80,31.20,79.00,2.60
Compostela,2023-07-14,27.60,23.50,31.70,74.00,0.00
Compostela,2023-07-15,27.90,24.20,31.90,73.00,0.00
Compostela,2023-07-16,27.30,23.60,31.00,76.00,0.30
Compostela,2023-07-17,26.90,24.00,29.40,76.00,19.00
Compostela,2023-07-18,25.00,23.50,26.20,87.00,15.40
Compostela,2023-07-19,25.50,23.00,29.20,83.00,2.40
Compostela,2023-07-20,26.50,23.50,31.20,80.00,1.40
Compostela,2023-07-21,26.90,23.00,31.20,80.00,0.70
Compostela,2023-07-22,26.50,23.20,30.80,82.00,3.10
Compostela,2023-07-23,27.40,24.00,31.00,73.00,1.80
Compostela,2023-07-24,27.10,24.30,31.00,76.00,0.60
Compostela,2023-07-25,27.50,23.70,31.70,76.00,0.30
Compostela,2023-07-26,27.00,23.40,31.50,76.00,0.00
Compostela,2023-07-27,27.20,24.20,31.10,77.00,0.50
Compostela,2023-07-28,26.50,24.10,30.10,83.00,6.30
Compostela,2023-07-29,26.70,24.10,31.00,81.00,0.90
Compostela,2023-07-30,27.20,23.40,32.00,78.00,0.90
Compostela,2023-07-31,27.20,23.40,32.50,75.00,0.00
Compostela,2023-08-01,27.40,23.10,32.20,75.00,0.00
Compostela,2023-08-02,27.70,22.50,32.20,73.00,0.00
Compostela,2023-08-03,27.70,23.10,33.00,75.00,0.00
Compostela,2023-08-04,28.10,23.60,33.30,76.00,0.30
Compostela,2023-08-05,28.00,24.20,33.60,77.00,0.70
Compostela,2023-08-06,27.40,24.00,32.50,78.00,4.70
Compostela,2023-08-07,27.60,24.10,32.80,74.00,1.40
Compostela,2023-08-08,28.30,24.40,33.10,71.00,1.20
Compostela,2023-08-09,26.70,23.50,32.70,79.00,18.50
Compostela,2023-08-10,26.40,24.40,30.90,81.00,8.00
Compostela,2023-08-11,26.80,23.60,30.00,80.00,6.90
Compostela,2023-08-12,26.00,22.80,30.60,83.00,9.50
Compostela,2023-08-13,26.50,24.10,31.20,80.00,21.50
Compostela,2023-08-14,26.20,23.10,29.90,83.00,3.20
Compostela,2023-08-15,26.20,23.80,30.10,85.00,3.10
Compostela,2023-08-16,25.80,23.20,30.30,86.00,19.60
Compostela,2023-08-17,26.00,23.40,29.90,84.00,3.50
Compostela,2023-08-18,26.40,23.30,31.80,78.00,14.80
Compostela,2023-08-19,25.80,23.20,30.20,86.00,35.40
Compostela,2023-08-20,25.70,22.80,30.40,84.00,23.50
Compostela,2023-08-21,25.60,22.50,28.90,85.00,10.60
Compostela,2023-08-22,25.80,23.50,29.80,85.00,22.00
Compostela,2023-08-23,26.10,23.40,29.40,85.00,2.30
Compostela,2023-08-24,26.40,22.70,31.90,84.00,4.70
Compostela,2023-08-25,26.40,22.30,31.00,81.00,1.60
Compostela,2023-08-26,26.80,23.20,31.80,78.00,9.30
Compostela,2023-08-27,26.90,23.10,31.80,78.00,2.40
Compostela,2023-08-28,27.30,23.20,31.50,77.00,0.10
Compostela,2023-08-29,27.70,24.20,32.30,76.00,0.20
Compostela,2023-08-30,27.60,23.40,32.70,74.00,0.00
Compostela,2023-08-31,28.00,23.40,32.80,73.00,0.00
Compostela,2023-09-01,27.90,23.50,32.80,75.00,0.10
Compostela,2023-09-02,28.10,23.90,32.70,73.00,0.70
Compostela,2023-09-03,28.10,24.20,32.70,74.00,0.90
Compostela,2023-09-04,27.50,23.80,33.20,78.00,2.70
Compostela,2023-09-05,26.80,22.80,33.10,83.00,5.50
Compostela,2023-09-06,26.70,24.10,31.00,83.00,2.60
Compostela,2023-09-07,26.20,23.10,31.40,84.00,17.00
Compostela,2023-09-08,26.20,22.80,32.00,83.00,6.10
Compostela,2023-09-09,26.20,22.90,30.80,82.00,15.20
Compostela,2023-09-10,26.00,23.40,30.50,83.00,17.60
Compostela,2023-09-11,26.60,23.00,32.30,80.00,30.70
Compostela,2023-09-12,26.30,23.40,31.20,82.00,13.00
Compostela,2023-09-13,26.30,23.90,30.60,83.00,14.80
Compostela,2023-09-14,26.70,23.00,31.20,80.00,1.20
Compostela,2023-09-15,25.70,23.00,29.50,87.00,10.10
Compostela,2023-09-16,25.80,23.00,30.00,84.00,17.00
Compostela,2023-09-17,25.70,23.10,30.30,88.00,35.70
Compostela,2023-09-18,25.00,21.90,28.50,89.00,34.80
Compostela,2023-09-19,26.30,23.00,30.00,82.00,29.80
Compostela,2023-09-20,26.20,24.10,29.90,82.00,1.20
Compostela,2023-09-21,25.70,23.10,29.30,87.00,5.60
Compostela,2023-09-22,26.60,23.20,31.50,82.00,1.00
Compostela,2023-09-23,27.20,23.30,31.50,77.00,1.10
Compostela,2023-09-24,26.80,22.90,31.30,77.00,8.20
Compostela,2023-09-25,26.50,23.50,30.50,77.00,27.10
Compostela,2023-09-26,25.30,22.30,29.80,85.00,38.20
Compostela,2023-09-27,26.60,23.10,31.00,78.00,7.10
Compostela,2023-09-28,27.30,23.60,31.40,77.00,6.40
Compostela,2023-09-29,26.90,23.50,30.60,82.00,1.90
Compostela,2023-09-30,27.40,23.50,31.80,77.00,0.60
Compostela,2023-10-01,28.40,25.60,31.80,73.00,0.00
Compostela,2023-10-02,28.10,24.30,32.60,75.00,0.00
Compostela,2023-10-03,27.00,24.00,32.20,81.00,8.70
Compostela,2023-10-04,27.50,24.50,33.40,77.00,5.20
Compostela,2023-10-05,27.30,23.10,33.00,77.00,0.40
Compostela,2023-10-06,27.10,24.40,32.50,80.00,5.00
Compostela,2023-10-07,26.80,23.80,30.20,82.00,2.10
Compostela,2023-10-08,26.50,22.90,30.80,83.00,3.40
Compostela,2023-10-09,25.50,23.50,28.80,90.00,16.00
Compostela,2023-10-10,25.40,23.80,27.20,88.00,13.00
Compostela,2023-10-11,26.00,23.50,30.00,83.00,3.80
Compostela,2023-10-12,27.00,24.20,31.60,80.00,11.20
Compostela,2023-10-13,26.50,24.10,29.50,82.00,0.90
Compostela,2023-10-14,26.70,24.00,30.60,82.00,6.90
Compostela,2023-10-15,27.20,24.20,31.10,80.00,0.60
Compostela,2023-10-16,26.50,22.80,31.60,82.00,2.40
Compostela,2023-10-17,26.80,23.60,30.50,80.00,2.80
Compostela,2023-10-18,26.30,23.00,31.80,85.00,23.20
Compostela,2023-10-19,25.90,22.60,31.50,85.00,21.10
Compostela,2023-10-20,26.20,23.00,30.40,84.00,5.50
Compostela,2023-10-21,26.60,23.80,31.60,81.00,4.00
Compostela,2023-10-22,25.90,22.50,31.50,87.00,15.80
Compostela,2023-10-23,25.60,21.20,31.30,86.00,5.80
Compostela,2023-10-24,26.10,22.60,31.40,86.00,7.10
Compostela,2023-10-25,25.90,22.90,31.00,87.00,5.20
Compostela,2023-10-26,25.60,22.90,28.10,86.00,4.70
Compostela,2023-10-27,26.30,23.00,30.20,83.00,7.40
Compostela,2023-10-28,27.30,23.10,32.20,77.00,2.00
Compostela,2023-10-29,25.90,23.20,30.50,87.00,10.60
Compostela,2023-10-30,25.20,22.00,29.30,90.00,8.10
Compostela,2023-10-31,27.30,23.40,32.00,78.00,0.10
Compostela,2023-11-01,26.80,23.80,31.70,83.00,11.20
Compostela,2023-11-02,26.60,22.30,31.60,85.00,1.50
Compostela,2023-11-03,25.90,22.70,30.60,85.00,5.40
Compostela,2023-11-04,25.80,22.60,31.00,88.00,21.70
Compostela,2023-11-05,26.20,23.50,30.80,87.00,15.20
Compostela,2023-11-06,26.90,21.90,33.10,82.00,1.30
Compostela,2023-11-07,26.40,23.90,30.40,86.00,9.30
Compostela,2023-11-08,26.50,24.00,30.80,86.00,7.50
Compostela,2023-11-09,27.00,23.20,31.20,83.00,1.10
Compostela,2023-11-10,26.10,22.10,30.40,86.00,13.10
Compostela,2023-11-11,26.50,23.00,31.50,84.00,0.60
Compostela,2023-11-12,26.10,21.40,31.30,85.00,0.40
Compostela,2023-11-13,26.60,22.00,32.50,82.00,1.10
Compostela,2023-11-14,26.60,20.80,32.20,80.00,1.30
Compostela,2023-11-15,26.90,23.20,32.30,79.00,1.30
Compostela,2023-11-16,25.70,23.50,27.90,88.00,18.70
Compostela,2023-11-17,25.70,23.50,28.90,89.00,16.60
Compostela,2023-11-18,26.80,24.20,30.80,82.00,4.30
Compostela,2023-11-19,26.60,24.00,29.90,83.00,3.10
Compostela,2023-11-20,26.90,24.20,32.20,81.00,1.60
Compostela,2023-11-21,26.40,23.80,29.50,87.00,5.70
Compostela,2023-11-22,26.40,22.80,31.40,86.00,7.80
Compostela,2023-11-23,26.60,23.50,30.60,85.00,3.50
Compostela,2023-11-24,26.50,23.60,30.70,83.00,2.30
Compostela,2023-11-25,25.90,22.80,31.00,86.00,6.30
Compostela,2023-11-26,26.40,21.80,31.20,82.00,0.80
Compostela,2023-11-27,26.50,23.00,31.40,84.00,4.30
Compostela,2023-11-28,26.50,23.10,30.80,83.00,7.30
Compostela,2023-11-29,26.20,23.30,30.10,86.00,4.90
Compostela,2023-11-30,26.90,23.80,32.30,80.00,1.90
Compostela,2023-12-01,27.10,23.80,31.50,81.00,0.90
Compostela,2023-12-02,26.30,23.50,30.80,86.00,3.40
Compostela,2023-12-03,26.50,23.00,31.00,83.00,1.90
Compostela,2023-12-04,26.70,22.60,31.50,83.00,1.70
Compostela,2023-12-05,26.50,23.50,31.50,86.00,20.70
Compostela,2023-12-06,25.90,24.00,28.30,87.00,6.90
Compostela,2023-12-07,26.50,23.50,30.50,85.00,1.20
Compostela,2023-12-08,26.70,23.90,30.20,84.00,3.30
Compostela,2023-12-09,26.10,22.80,30.50,84.00,2.70
Compostela,2023-12-10,26.50,22.80,32.00,80.00,0.30
Compostela,2023-12-11,26.50,22.70,31.80,80.00,0.70
Compostela,2023-12-12,26.40,21.90,31.90,82.00,0.80
Compostela,2023-12-13,26.00,22.70,29.10,83.00,1.30
Compostela,2023-12-14,26.70,23.50,31.30,80.00,1.10
Compostela,2023-12-15,26.40,22.60,31.80,80.00,1.60
Compostela,2023-12-16,26.90,23.10,31.40,76.00,1.10
Compostela,2023-12-17,25.50,23.20,27.60,84.00,7.40
Compostela,2023-12-18,24.40,23.10,25.80,95.00,73.10
Compostela,2023-12-19,25.20,23.20,28.30,91.00,7.30
Compostela,2023-12-20,26.70,23.40,33.10,81.00,0.30
Compostela,2023-12-21,26.30,21.40,32.00,80.00,3.20
Compostela,2023-12-22,25.50,22.50,29.30,88.00,6.00
Compostela,2023-12-23,26.40,22.60,31.60,80.00,0.70
Compostela,2023-12-24,26.40,22.40,31.10,81.00,1.70
Compostela,2023-12-25,25.50,23.80,28.40,88.00,9.30
Compostela,2023-12-26,26.60,23.40,31.50,84.00,1.70
Compostela,2023-12-27,26.30,23.00,30.50,84.00,1.00
Compostela,2023-12-28,26.50,23.00,31.50,80.00,0.70
Compostela,2023-12-29,26.40,22.40,31.40,83.00,11.90
Compostela,2023-12-30,25.80,24.00,29.50,90.00,26.30
Compostela,2023-12-31,27.00,22.70,32.00,83.00,0.40
Compostela,2024-01-01,26.20,24.10,29.20,87.00,7.20
Compostela,2024-01-02,25.40,24.00,27.90,92.00,122.80
Compostela,2024-01-03,25.50,22.90,28.80,89.00,18.20
Compostela,2024-01-04,26.10,21.50,31.50,82.00,0.50
Compostela,2024-01-05,26.20,20.90,32.80,79.00,0.00
Compostela,2024-01-06,26.10,23.50,29.50,83.00,1.60
Compostela,2024-01-07,26.80,22.90,32.00,81.00,0.90
Compostela,2024-01-08,26.60,23.20,30.90,82.00,3.40
Compostela,2024-01-09,26.40,23.50,30.90,84.00,2.20
Compostela,2024-01-10,26.80,22.90,32.70,81.00,0.60
Compostela,2024-01-11,26.70,22.00,32.20,79.00,0.10
Compostela,2024-01-12,26.60,23.90,31.10,80.00,0.70
Compostela,2024-01-13,25.90,22.80,30.50,82.00,0.80
Compostela,2024-01-14,26.20,23.60,30.80,80.00,3.40
Compostela,2024-01-15,25.80,23.80,29.20,86.00,21.50
Compostela,2024-01-16,25.30,24.00,27.30,86.00,42.80
Compostela,2024-01-17,25.20,23.30,28.00,87.00,8.50
Compostela,2024-01-18,25.00,23.50,27.60,91.00,11.70
Compostela,2024-01-19,25.70,22.90,30.20,84.00,0.90
Compostela,2024-01-20,25.80,22.00,30.50,82.00,1.00
Compostela,2024-01-21,26.00,21.50,31.40,80.00,0.30
Compostela,2024-01-22,26.30,23.40,30.60,80.00,0.50
Compostela,2024-01-23,25.80,22.40,30.30,81.00,0.40
Compostela,2024-01-24,25.80,21.90,30.40,81.00,1.30
Compostela,2024-01-25,25.60,22.10,30.20,80.00,1.50
Compostela,2024-01-26,25.10,22.50,28.40,83.00,4.60
Compostela,2024-01-27,24.70,21.40,28.90,77.00,0.60
Compostela,2024-01-28,24.80,22.90,27.40,81.00,0.20
Compostela,2024-01-29,24.50,23.10,26.40,90.00,27.00
Compostela,2024-01-30,25.20,23.10,28.70,88.00,78.20
Compostela,2024-01-31,24.50,23.60,25.80,93.00,44.80
Compostela,2024-02-01,24.90,23.40,27.30,92.00,27.20
Compostela,2024-02-02,26.40,23.30,30.10,84.00,0.30
Compostela,2024-02-03,25.80,21.40,30.00,83.00,0.80
Compostela,2024-02-04,25.80,22.80,28.70,85.00,2.10
Compostela,2024-02-05,25.70,21.20,30.60,80.00,1.40
Compostela,2024-02-06,25.10,21.90,27.70,86.00,3.50
Compostela,2024-02-07,25.10,23.00,27.80,87.00,72.10
Compostela,2024-02-08,24.80,23.10,27.00,90.00,6.40
Compostela,2024-02-09,24.90,20.80,29.40,82.00,0.90
Compostela,2024-02-10,25.70,21.10,30.40,78.00,0.40
Compostela,2024-02-11,24.70,23.00,27.30,85.00,18.00
Compostela,2024-02-12,25.60,22.00,30.20,78.00,1.00
Compostela,2024-02-13,26.20,21.70,30.90,77.00,1.30
Compostela,2024-02-14,26.00,22.50,31.00,77.00,0.80
Compostela,2024-02-15,25.90,20.30,32.70,75.00,0.30
Compostela,2024-02-16,25.70,22.30,30.10,83.00,1.40
Compostela,2024-02-17,26.20,22.00,31.40,79.00,0.40
Compostela,2024-02-18,26.50,22.90,30.80,80.00,1.50
Compostela,2024-02-19,25.50,20.40,31.30,80.00,0.40
Compostela,2024-02-20,25.70,20.90,32.30,76.00,0.10
Compostela,2024-02-21,25.10,19.90,30.80,84.00,1.40
Compostela,2024-02-22,26.30,23.50,30.10,87.00,1.70
Compostela,2024-02-23,26.00,23.60,29.60,87.00,6.40
Compostela,2024-02-24,26.10,22.60,31.40,82.00,0.90
Compostela,2024-02-25,25.90,20.80,31.40,79.00,1.10
Compostela,2024-02-26,25.70,21.90,29.80,81.00,2.00
Compostela,2024-02-27,25.60,23.50,29.60,81.00,11.60
Compostela,2024-02-28,24.60,22.50,27.30,88.00,9.80
Compostela,2024-02-29,25.80,23.50,29.20,86.00,5.20
Compostela,2024-03-01,26.30,23.40,30.60,82.00,0.80
Compostela,2024-03-02,25.80,22.00,30.80,80.00,0.70
Compostela,2024-03-03,25.50,21.40,31.40,77.00,0.00
Compostela,2024-03-04,25.40,20.40,31.10,77.00,0.00
Compostela,2024-03-05,26.10,21.50,31.30,80.00,0.70
Compostela,2024-03-06,26.60,21.80,32.70,79.00,0.00
Compostela,2024-03-07,26.10,21.50,31.50,77.00,0.00
Compostela,2024-03-08,25.20,19.80,31.10,81.00,0.70
Compostela,2024-03-09,25.90,21.50,31.40,78.00,0.30
Compostela,2024-03-10,25.60,21.10,31.40,77.00,0.30
Compostela,2024-03-11,25.60,20.30,31.60,76.00,0.20
Compostela,2024-03-12,26.20,23.10,30.20,84.00,5.20
Compostela,2024-03-13,26.10,22.80,30.20,81.00,0.60
Compostela,2024-03-14,26.10,22.50,31.50,78.00,1.20
Compostela,2024-03-15,26.00,22.00,31.60,77.00,0.10
Compostela,2024-03-16,26.10,21.00,31.90,78.00,0.50
Compostela,2024-03-17,26.20,22.10,31.90,76.00,0.30
Compostela,2024-03-18,26.10,21.50,32.00,75.00,0.00
Compostela,2024-03-19,26.10,21.10,31.50,78.00,0.60
Compostela,2024-03-20,26.70,22.20,32.00,77.00,0.60
Compostela,2024-03-21,26.40,23.60,31.00,81.00,3.30
Compostela,2024-03-22,26.60,23.20,31.50,75.00,2.30
Compostela,2024-03-23,26.40,21.40,32.20,74.00,0.10
Compostela,2024-03-24,26.80,23.30,31.50,75.00,0.50
Compostela,2024-03-25,27.70,22.50,32.90,76.00,0.40
Compostela,2024-03-26,28.50,24.60,34.20,76.00,0.10
Compostela,2024-03-27,27.70,23.00,33.20,77.00,0.60
Compostela,2024-03-28,27.20,23.10,32.20,78.00,0.60
Compostela,2024-03-29,26.60,23.40,31.00,80.00,1.00
Compostela,2024-03-30,27.20,21.20,33.90,74.00,1.40
Compostela,2024-03-31,27.30,23.30,32.80,75.00,0.30
Compostela,2024-04-01,26.80,21.20,33.70,72.00,0.00
Compostela,2024-04-02,27.00,22.00,33.10,74.00,0.20
Compostela,2024-04-03,27.40,21.50,33.60,73.00,0.00
Compostela,2024-04-04,27.90,23.80,33.20,72.00,0.10
Compostela,2024-04-05,27.90,23.90,32.20,73.00,0.00
Compostela,2024-04-06,27.60,24.90,31.90,74.00,0.80
Compostela,2024-04-07,27.10,22.10,32.70,74.00,0.00
Compostela,2024-04-08,25.50,19.10,31.50,78.00,1.20
Compostela,2024-04-09,27.20,21.30,34.00,74.00,1.30
Compostela,2024-04-10,27.20,23.50,32.80,77.00,3.30
Compostela,2024-04-11,27.50,21.10,34.50,74.00,0.30
Compostela,2024-04-12,27.40,22.00,34.30,74.00,0.00
Compostela,2024-04-13,27.30,21.90,34.00,75.00,0.30
Compostela,2024-04-14,27.30,21.10,34.30,75.00,0.00
Compostela,2024-04-15,27.90,22.50,34.40,73.00,0.10
Compostela,2024-04-16,28.40,23.60,33.90,73.00,0.40
Compostela,2024-04-17,28.30,23.50,34.70,71.00,0.70
Compostela,2024-04-18,28.70,23.00,36.50,69.00,0.00
Compostela,2024-04-19,27.90,23.10,34.50,72.00,0.40
Compostela,2024-04-20,27.70,21.00,34.30,70.00,0.00
Compostela,2024-04-21,28.00,25.50,32.00,77.00,2.10
Compostela,2024-04-22,29.10,24.00,36.00,72.00,0.50
Compostela,2024-04-23,28.70,24.30,34.20,72.00,0.40
Compostela,2024-04-24,29.10,24.80,34.70,71.00,0.10
Compostela,2024-04-25,29.40,23.20,36.80,66.00,0.00
Compostela,2024-04-26,29.60,26.30,35.00,69.00,2.20
Compostela,2024-04-27,28.20,24.70,34.30,77.00,0.60
Compostela,2024-04-28,28.60,24.00,34.80,73.00,0.10
Compostela,2024-04-29,28.30,24.80,32.70,74.00,2.20
Compostela,2024-04-30,26.70,24.00,30.70,84.00,3.50
Compostela,2024-05-01,28.00,22.50,34.20,76.00,0.50
Compostela,2024-05-02,28.20,23.20,35.00,74.00,0.20
Compostela,2024-05-03,27.70,21.30,34.60,74.00,0.30
Compostela,2024-05-04,28.20,24.70,33.20,74.00,0.90
Compostela,2024-05-05,28.50,23.50,34.30,72.00,0.10
Compostela,2024-05-06,28.30,24.80,33.10,75.00,1.50
Compostela,2024-05-07,27.70,22.60,33.80,74.00,1.50
Compostela,2024-05-08,27.70,22.10,34.20,75.00,0.30
Compostela,2024-05-09,27.00,21.70,33.80,82.00,2.50
Compostela,2024-05-10,28.30,24.00,33.50,77.00,0.00
Compostela,2024-05-11,28.80,24.40,35.30,75.00,0.10
Compostela,2024-05-12,27.50,24.80,31.00,83.00,11.60
Compostela,2024-05-13,28.50,24.50,34.30,77.00,0.10
Compostela,2024-05-14,28.90,24.00,35.30,73.00,0.50
Compostela,2024-05-15,28.90,23.90,34.30,74.00,1.20
Compostela,2024-05-16,28.70,23.80,34.80,73.00,0.80
Compostela,2024-05-17,28.90,22.90,36.50,70.00,0.00
Compostela,2024-05-18,29.60,23.50,35.80,65.00,0.00
Compostela,2024-05-19,29.50,23.00,37.20,68.00,0.20
Compostela,2024-05-20,29.10,24.50,34.20,72.00,1.90
Compostela,2024-05-21,28.10,25.00,32.50,78.00,9.90
Compostela,2024-05-22,28.80,24.00,35.00,72.00,0.50
Compostela,2024-05-23,28.40,22.60,35.20,78.00,3.70
Compostela,2024-05-24,27.90,25.30,32.00,79.00,4.50
Compostela,2024-05-25,29.20,24.50,35.00,74.00,5.50
Compostela,2024-05-26,27.40,25.20,34.80,86.00,26.20
Compostela,2024-05-27,27.50,23.80,33.80,83.00,2.90
Compostela,2024-05-28,28.00,25.40,34.20,81.00,1.90
Compostela,2024-05-29,28.10,23.60,34.50,79.00,5.50
Compostela,2024-05-30,28.30,25.20,33.40,81.00,4.60
Compostela,2024-05-31,28.40,24.10,33.90,79.00,4.10
Compostela,2024-06-01,29.00,25.10,34.40,75.00,3.30
Compostela,2024-06-02,27.70,23.60,32.70,81.00,1.20
Compostela,2024-06-03,28.10,23.90,34.20,78.00,12.30
Compostela,2024-06-04,27.40,23.50,32.20,80.00,10.40
Compostela,2024-06-05,28.30,25.00,34.20,76.00,0.60
Compostela,2024-06-06,27.50,25.00,33.00,80.00,8.20
Compostela,2024-06-07,26.80,23.60,32.00,82.00,0.90
Compostela,2024-06-08,27.00,23.10,32.80,81.00,8.80
Compostela,2024-06-09,27.50,24.20,33.20,80.00,16.80
Compostela,2024-06-10,26.50,23.90,29.20,84.00,3.80
Compostela,2024-06-11,27.20,24.00,33.00,82.00,9.40
Compostela,2024-06-12,26.90,23.10,32.70,81.00,6.10
Compostela,2024-06-13,26.10,24.50,28.10,86.00,14.00
Compostela,2024-06-14,27.10,23.50,32.50,78.00,1.90
Compostela,2024-06-15,26.90,23.90,32.50,79.00,6.70
Compostela,2024-06-16,26.20,23.50,31.60,84.00,7.00
Compostela,2024-06-17,26.70,23.20,31.10,82.00,1.80
Compostela,2024-06-18,27.30,23.70,32.80,79.00,19.50
Compostela,2024-06-19,25.70,23.90,28.50,85.00,5.60
Compostela,2024-06-20,25.20,23.50,26.70,88.00,10.10
Compostela,2024-06-21,26.70,23.50,31.00,84.00,9.40
Compostela,2024-06-22,26.00,23.50,31.00,86.00,15.60
Compostela,2024-06-23,26.50,23.00,31.90,82.00,13.40
Compostela,2024-06-24,26.10,23.00,31.00,85.00,30.90
Compostela,2024-06-25,26.80,23.60,32.40,85.00,9.80
Compostela,2024-06-26,25.00,23.60,27.30,90.00,20.60
Compostela,2024-06-27,26.30,23.30,31.20,86.00,23.70
Compostela,2024-06-28,26.80,22.80,31.30,84.00,1.00
Compostela,2024-06-29,27.40,23.60,32.40,81.00,0.30
Compostela,2024-06-30,26.30,23.80,30.10,87.00,31.10
Compostela,2024-07-01,25.80,23.60,29.90,88.00,17.20
Compostela,2024-07-02,25.80,23.20,31.20,88.00,21.70
Compostela,2024-07-03,26.30,22.90,31.10,84.00,5.00
Compostela,2024-07-04,25.20,22.50,29.70,88.00,14.30
Compostela,2024-07-05,26.30,22.50,30.20,82.00,11.60
Compostela,2024-07-06,26.40,22.50,30.50,84.00,4.50
Compostela,2024-07-07,26.50,22.20,32.00,85.00,2.70
Compostela,2024-07-08,26.00,24.10,28.10,84.00,0.90
Compostela,2024-07-09,26.70,24.00,31.10,80.00,6.50
Compostela,2024-07-10,26.70,23.80,31.10,82.00,18.10
Compostela,2024-07-11,25.60,23.20,29.60,87.00,40.10
Compostela,2024-07-12,25.50,23.00,29.90,88.00,33.40
Compostela,2024-07-13,25.50,22.90,29.70,85.00,7.80
Compostela,2024-07-14,25.60,23.60,27.20,82.00,6.50
Compostela,2024-07-15,25.20,23.50,27.90,88.00,21.90
Compostela,2024-07-16,25.30,23.20,28.70,88.00,20.40
Compostela,2024-07-17,25.80,22.60,28.60,85.00,0.30
Compostela,2024-07-18,25.90,24.00,28.50,88.00,13.40
Compostela,2024-07-19,25.80,23.40,29.40,86.00,10.40
Compostela,2024-07-20,26.80,23.60,31.10,82.00,0.20
Compostela,2024-07-21,27.20,24.00,31.90,79.00,1.40
Compostela,2024-07-22,26.90,23.90,29.60,82.00,0.10
Compostela,2024-07-23,28.00,25.00,31.90,76.00,0.00
Compostela,2024-07-24,28.10,24.60,32.10,74.00,0.40
Compostela,2024-07-25,27.80,24.90,31.10,78.00,0.00
Compostela,2024-07-26,27.60,25.00,32.70,81.00,1.50
Compostela,2024-07-27,26.00,24.00,28.50,83.00,3.00
Compostela,2024-07-28,26.20,22.40,30.90,84.00,11.30
Compostela,2024-07-29,26.00,22.60,30.80,84.00,22.00
Compostela,2024-07-30,26.30,22.50,30.60,84.00,6.80
Compostela,2024-07-31,26.70,24.30,30.20,82.00,13.10
Compostela,2024-08-01,26.20,23.30,30.00,83.00,2.60
Compostela,2024-08-02,26.70,22.90,31.50,81.00,3.00
Compostela,2024-08-03,27.10,23.40,32.00,77.00,0.20
Compostela,2024-08-04,27.40,23.40,31.80,76.00,0.60
Compostela,2024-08-05,27.70,24.50,32.00,75.00,0.00
Compostela,2024-08-06,27.20,23.60,31.20,79.00,4.00
Compostela,2024-08-07,27.50,24.00,31.70,80.00,1.20
Compostela,2024-08-08,26.60,23.70,30.60,84.00,13.20
Compostela,2024-08-09,25.80,22.80,30.20,85.00,14.90
Compostela,2024-08-10,27.30,23.20,32.50,78.00,3.90
Compostela,2024-08-11,27.30,23.90,31.40,79.00,2.90
Compostela,2024-08-12,26.90,23.60,32.00,82.00,2.60
Compostela,2024-08-13,26.60,23.00,31.30,82.00,14.00
Compostela,2024-08-14,26.70,22.60,31.50,83.00,1.00
Compostela,2024-08-15,27.20,23.80,31.80,82.00,1.00
Compostela,2024-08-16,26.80,24.40,31.20,84.00,5.00
Compostela,2024-08-17,26.80,24.20,31.50,84.00,16.20
Compostela,2024-08-18,26.70,22.70,32.30,84.00,5.10
Compostela,2024-08-19,27.30,23.50,32.00,79.00,2.00
Compostela,2024-08-20,26.60,23.80,30.60,82.00,1.40
Compostela,2024-08-21,27.30,23.10,31.80,81.00,3.40
Compostela,2024-08-22,26.40,22.90,31.40,87.00,22.40
Compostela,2024-08-23,26.70,23.50,31.50,83.00,3.50
Compostela,2024-08-24,25.70,23.50,27.80,83.00,3.80
Compostela,2024-08-25,27.10,23.20,32.50,79.00,4.60
Compostela,2024-08-26,27.60,24.40,32.40,78.00,6.10
Compostela,2024-08-27,27.60,24.10,32.70,76.00,2.50
Compostela,2024-08-28,27.60,23.20,32.20,77.00,0.00
Compostela,2024-08-29,25.80,24.60,27.00,87.00,8.70
Compostela,2024-08-30,26.90,23.70,31.00,78.00,1.20
Compostela,2024-08-31,25.40,24.40,27.00,85.00,8.00
Compostela,2024-09-01,27.00,24.00,31.20,79.00,0.10
Compostela,2024-09-02,27.90,23.50,32.50,72.00,0.00
Compostela,2024-09-03,28.00,23.50,32.90,77.00,0.00
Compostela,2024-09-04,27.90,23.90,33.50,76.00,0.70
Compostela,2024-09-05,27.30,23.80,33.50,76.00,8.80
Compostela,2024-09-06,27.50,23.10,32.00,78.00,5.30
Compostela,2024-09-07,28.00,25.00,32.70,80.00,6.70
Compostela,2024-09-08,27.20,24.10,32.20,82.00,7.00
Compostela,2024-09-09,26.80,23.20,32.50,82.00,17.80
Compostela,2024-09-10,26.40,23.30,30.80,82.00,1.90
Compostela,2024-09-11,26.90,24.10,31.20,80.00,3.90
Compostela,2024-09-12,26.50,24.90,29.00,79.00,1.90
Compostela,2024-09-13,26.90,23.80,31.10,78.00,2.20
Compostela,2024-09-14,27.40,24.00,32.00,75.00,0.10
Compostela,2024-09-15,27.10,24.00,31.20,76.00,0.50
Compostela,2024-09-16,27.70,24.30,31.80,74.00,0.40
Compostela,2024-09-17,28.00,24.70,32.20,74.00,0.10
Compostela,2024-09-18,28.30,24.50,33.00,71.00,0.10
Compostela,2024-09-19,27.20,24.20,30.90,81.00,0.80
Compostela,2024-09-20,26.90,24.30,32.20,84.00,12.50
Compostela,2024-09-21,26.70,23.20,31.40,86.00,13.60
Compostela,2024-09-22,26.50,23.90,30.50,83.00,3.00
Compostela,2024-09-23,26.60,23.60,30.50,83.00,8.90
Compostela,2024-09-24,25.30,22.40,30.10,90.00,21.40
Compostela,2024-09-25,26.20,22.80,30.90,84.00,0.00
Compostela,2024-09-26,26.50,22.50,32.20,82.00,7.60
Compostela,2024-09-27,27.00,23.70,33.00,80.00,9.70
Compostela,2024-09-28,27.80,23.80,32.50,75.00,0.10
Compostela,2024-09-29,27.50,23.40,32.30,79.00,0.20
Compostela,2024-09-30,26.80,23.90,30.50,82.00,23.80
Compostela,2024-10-01,26.20,23.50,31.10,85.00,17.20
Compostela,2024-10-02,27.30,23.20,32.80,82.00,6.10
Compostela,2024-10-03,25.50,23.10,27.90,87.00,1.70
Compostela,2024-10-04,27.10,23.30,32.30,80.00,0.10
Compostela,2024-10-05,27.30,23.70,32.60,78.00,1.00
Compostela,2024-10-06,27.70,23.90,32.40,75.00,0.10
Compostela,2024-10-07,28.20,24.80,32.70,74.00,1.30
Compostela,2024-10-08,27.50,23.30,33.00,78.00,3.40
Compostela,2024-10-09,27.60,24.00,32.50,77.00,9.10
Compostela,2024-10-10,27.90,25.00,33.10,76.00,2.50
Compostela,2024-10-11,27.00,23.80,33.00,81.00,22.30
Compostela,2024-10-12,26.30,23.50,30.50,84.00,14.00
Compostela,2024-10-13,26.90,22.20,31.90,83.00,1.90
Compostela,2024-10-14,26.70,23.40,31.20,84.00,10.40
Compostela,2024-10-15,25.80,22.60,30.70,86.00,2.80
Compostela,2024-10-16,26.20,22.70,30.60,83.00,6.50
Compostela,2024-10-17,26.70,23.80,31.00,81.00,8.00
Compostela,2024-10-18,27.10,22.90,32.20,81.00,4.00
Compostela,2024-10-19,27.10,23.00,32.70,80.00,4.20
Compostela,2024-10-20,26.90,23.40,32.50,79.00,12.00
Compostela,2024-10-21,27.20,23.70,31.10,75.00,2.10
Compostela,2024-10-22,27.60,25.20,30.50,71.00,0.10
Compostela,2024-10-23,27.80,23.30,32.50,72.00,0.70
Compostela,2024-10-24,28.20,23.50,33.20,71.00,0.00
Compostela,2024-10-25,28.00,23.70,33.20,72.00,0.90
Compostela,2024-10-26,26.70,24.20,29.80,78.00,2.70
Compostela,2024-10-27,27.20,23.50,31.50,69.00,0.00
Compostela,2024-10-28,28.10,23.50,32.80,68.00,16.90
Compostela,2024-10-29,28.10,24.20,32.90,68.00,0.10
Compostela,2024-10-30,27.80,23.60,33.80,71.00,5.60
Compostela,2024-10-31,27.30,24.00,33.20,79.00,11.60
Compostela,2024-11-01,27.20,23.80,32.60,79.00,2.70
Compostela,2024-11-02,26.10,22.80,31.10,84.00,9.60
Compostela,2024-11-03,25.70,21.90,31.60,87.00,5.80
Compostela,2024-11-04,25.50,22.80,30.40,86.00,4.20
Compostela,2024-11-05,26.10,23.80,30.00,82.00,3.40
Compostela,2024-11-06,27.40,23.80,32.20,77.00,5.80
Compostela,2024-11-07,26.50,24.00,31.10,85.00,6.40
Compostela,2024-11-08,26.90,22.10,32.70,82.00,1.00
Compostela,2024-11-09,26.80,22.00,32.80,82.00,1.10
Compostela,2024-11-10,27.20,23.50,32.20,80.00,4.80
Compostela,2024-11-11,27.20,23.60,32.50,79.00,4.40
Compostela,2024-11-12,26.80,23.50,32.20,80.00,2.70
Compostela,2024-11-13,28.60,24.40,34.90,68.00,0.80
Compostela,2024-11-14,28.60,22.90,36.30,72.00,0.00
Compostela,2024-11-15,27.40,22.80,34.50,77.00,5.70
Compostela,2024-11-16,27.70,25.10,33.10,75.00,2.70
Compostela,2024-11-17,28.00,24.00,34.50,75.00,1.80
Compostela,2024-11-18,27.00,23.10,32.70,78.00,2.10
Compostela,2024-11-19,27.30,23.90,33.10,77.00,1.20
Compostela,2024-11-20,27.80,24.10,32.80,74.00,0.70
Compostela,2024-11-21,28.00,22.80,34.80,71.00,0.00
Compostela,2024-11-22,27.60,24.00,33.80,79.00,8.50
Compostela,2024-11-23,26.30,23.90,30.80,85.00,2.90
Compostela,2024-11-24,26.40,23.60,30.60,85.00,9.30
Compostela,2024-11-25,26.50,23.60,30.90,83.00,2.10
Compostela,2024-11-26,27.40,23.10,33.50,78.00,1.70
Compostela,2024-11-27,26.60,24.00,31.00,84.00,2.70
Compostela,2024-11-28,25.80,23.70,29.10,91.00,9.90
Compostela,2024-11-29,25.90,24.20,29.20,90.00,15.30
Compostela,2024-11-30,25.60,23.40,30.10,88.00,19.00
Compostela,2024-12-01,25.50,23.70,29.30,91.00,16.70
Compostela,2024-12-02,26.10,23.20,31.50,87.00,5.40
Compostela,2024-12-03,26.60,23.50,31.00,85.00,1.00
Compostela,2024-12-04,26.60,22.30,32.60,80.00,0.90
Compostela,2024-12-05,26.90,21.60,32.80,78.00,0.40
Compostela,2024-12-06,27.30,22.90,33.00,78.00,0.50
Compostela,2024-12-07,25.80,23.10,30.10,89.00,27.80
Compostela,2024-12-08,25.30,23.90,27.30,93.00,26.90
Compostela,2024-12-09,26.00,23.90,29.80,92.00,9.70
Compostela,2024-12-10,25.70,24.10,27.60,93.00,18.00
Compostela,2024-12-11,26.00,23.70,30.40,90.00,16.40
Compostela,2024-12-12,25.30,23.40,27.10,94.00,8.20
Compostela,2024-12-13,25.50,22.40,30.50,87.00,1.50
Compostela,2024-12-14,25.70,22.20,30.50,84.00,2.60
Compostela,2024-12-15,25.50,22.10,29.50,85.00,3.70
Compostela,2024-12-16,24.70,23.40,27.00,93.00,32.10
Compostela,2024-12-17,24.30,23.20,26.20,96.00,28.50
Compostela,2024-12-18,25.50,23.20,28.80,89.00,12.20
Compostela,2024-12-19,25.60,23.40,29.10,89.00,12.60
Compostela,2024-12-20,25.50,23.40,29.80,92.00,33.10
Compostela,2024-12-21,25.70,23.10,29.30,91.00,12.40
Compostela,2024-12-22,25.90,23.50,29.20,91.00,11.70
Compostela,2024-12-23,26.20,23.50,30.50,88.00,3.50
Compostela,2024-12-24,25.70,24.10,27.90,92.00,9.30
Compostela,2024-12-25,25.60,24.10,28.20,91.00,16.70
Compostela,2024-12-26,25.10,23.50,27.80,94.00,11.90
Compostela,2024-12-27,24.80,23.40,27.00,94.00,17.70
Compostela,2024-12-28,25.40,22.90,29.90,89.00,14.90
Compostela,2024-12-29,25.90,23.20,31.00,88.00,26.20
Compostela,2024-12-30,25.60,23.00,29.40,91.00,27.10
Compostela,2024-12-31,25.50,23.90,28.10,93.00,12.70
Compostela,2025-01-01,25.30,23.30,28.00,89.00,4.00
Compostela,2025-01-02,25.70,23.40,30.10,89.00,6.10
Compostela,2025-01-03,25.80,22.90,28.90,86.00,2.10
Compostela,2025-01-04,25.70,23.40,30.10,90.00,54.10
Compostela,2025-01-05,25.50,23.00,29.10,89.00,31.00
Compostela,2025-01-06,25.90,23.00,29.40,86.00,0.90
Compostela,2025-01-07,25.70,23.00,30.00,90.00,9.10
Compostela,2025-01-08,25.60,23.60,29.90,90.00,11.50
Compostela,2025-01-09,24.90,23.00,27.50,93.00,36.10
Compostela,2025-01-10,24.90,22.60,28.40,90.00,18.60
Compostela,2025-01-11,25.70,22.50,30.00,85.00,3.80
Compostela,2025-01-12,25.10,22.80,28.80,89.00,13.80
Compostela,2025-01-13,25.90,22.80,30.40,85.00,2.30
Compostela,2025-01-14,25.70,22.70,30.00,86.00,1.60
Compostela,2025-01-15,24.90,22.90,27.60,90.00,5.60
Compostela,2025-01-16,26.00,22.50,30.40,85.00,1.00
Compostela,2025-01-17,26.30,22.50,31.60,81.00,0.00
Compostela,2025-01-18,25.40,20.60,31.20,78.00,0.10
Compostela,2025-01-19,25.80,23.00,29.00,84.00,2.50
Compostela,2025-01-20,25.40,23.20,29.20,92.00,18.50
Compostela,2025-01-21,25.90,22.50,30.40,88.00,1.40
Compostela,2025-01-22,26.20,22.50,31.40,84.00,1.10
Compostela,2025-01-23,25.70,22.60,30.90,87.00,15.30
Compostela,2025-01-24,26.30,22.80,30.60,84.00,1.80
Compostela,2025-01-25,25.80,23.70,29.10,88.00,24.40
Compostela,2025-01-26,25.60,22.90,29.00,88.00,2.20
Compostela,2025-01-27,25.30,23.10,29.00,90.00,11.10
Compostela,2025-01-28,25.90,22.70,30.80,82.00,0.50
Compostela,2025-01-29,24.60,23.00,27.00,91.00,10.30
Compostela,2025-01-30,25.60,22.80,30.80,85.00,1.20
Compostela,2025-01-31,26.00,22.50,31.00,81.00,0.40
Compostela,2025-02-01,25.50,21.10,30.80,84.00,2.40
Compostela,2025-02-02,25.50,23.00,28.50,87.00,3.30
Compostela,2025-02-03,25.50,22.40,30.00,85.00,1.50
Compostela,2025-02-04,25.50,23.00,29.40,86.00,2.10
Compostela,2025-02-05,24.60,23.50,26.40,93.00,29.90
Compostela,2025-02-06,24.50,23.10,27.10,91.00,18.50
Compostela,2025-02-07,24.90,23.20,27.90,91.00,35.00
Compostela,2025-02-08,25.70,23.20,29.30,89.00,4.50
Compostela,2025-02-09,25.80,22.60,30.70,88.00,27.00
Compostela,2025-02-10,25.00,23.40,27.60,93.00,8.80
Compostela,2025-02-11,25.70,22.80,30.10,84.00,0.30
Compostela,2025-02-12,24.80,23.60,27.20,91.00,12.30
Compostela,2025-02-13,24.80,22.90,27.70,91.00,33.40
Compostela,2025-02-14,25.30,22.70,28.20,89.00,4.90
Compostela,2025-02-15,25.90,23.00,31.00,86.00,1.30
Compostela,2025-02-16,24.80,21.30,29.10,89.00,17.40
Compostela,2025-02-17,24.70,20.60,30.00,89.00,34.50
Compostela,2025-02-18,25.40,22.40,30.50,86.00,0.60
Compostela,2025-02-19,24.90,21.50,29.10,88.00,14.50
Compostela,2025-02-20,25.70,22.60,31.20,86.00,2.50
Compostela,2025-02-21,24.30,22.70,27.00,95.00,13.20
Compostela,2025-02-22,25.40,22.50,30.70,85.00,0.80
Compostela,2025-02-23,25.30,20.40,30.50,81.00,0.70
Compostela,2025-02-24,25.10,21.60,28.90,86.00,3.40
Compostela,2025-02-25,24.60,23.00,27.50,92.00,8.80
Compostela,2025-02-26,25.50,22.00,29.60,85.00,1.70
Compostela,2025-02-27,24.70,22.70,27.80,90.00,14.40
Compostela,2025-02-28,24.80,22.90,27.20,92.00,6.40
Compostela,2025-03-01,26.10,22.20,31.00,85.00,2.60
Compostela,2025-03-02,26.40,22.80,31.50,82.00,2.00
Compostela,2025-03-03,25.80,23.50,29.50,90.00,8.20
Compostela,2025-03-04,25.50,23.30,29.10,92.00,43.30
Compostela,2025-03-05,25.30,23.50,29.60,92.00,29.10
Compostela,2025-03-06,25.30,22.60,28.90,91.00,15.60
Compostela,2025-03-07,26.10,22.50,30.60,84.00,1.10
Compostela,2025-03-08,26.50,22.30,31.80,79.00,0.40
Compostela,2025-03-09,25.90,22.80,30.80,82.00,1.20
Compostela,2025-03-10,25.80,22.90,30.10,85.00,2.00
Compostela,2025-03-11,26.30,22.50,31.70,81.00,3.10
Compostela,2025-03-12,26.50,22.10,32.00,80.00,0.60
Compostela,2025-03-13,26.20,22.00,31.90,81.00,0.30
Compostela,2025-03-14,26.60,22.60,31.70,81.00,0.80
Compostela,2025-03-15,27.20,24.10,31.50,83.00,0.70
Compostela,2025-03-16,26.10,23.50,30.20,90.00,15.60
Compostela,2025-03-17,25.50,22.20,28.90,90.00,17.80
Compostela,2025-03-18,26.20,23.00,31.10,84.00,2.50
Compostela,2025-03-19,26.60,23.60,31.30,85.00,10.10
Compostela,2025-03-20,27.10,23.80,32.80,81.00,0.10
Compostela,2025-03-21,26.00,23.50,29.50,87.00,6.60
Compostela,2025-03-22,26.90,23.90,31.80,80.00,10.70
Compostela,2025-03-23,25.60,23.60,28.10,90.00,6.00
Compostela,2025-03-24,26.20,23.00,29.90,85.00,2.20
Compostela,2025-03-25,26.20,22.40,31.20,84.00,3.00
Compostela,2025-03-26,25.80,23.10,30.60,89.00,13.30
Compostela,2025-03-27,26.40,23.80,31.10,86.00,2.20
Compostela,2025-03-28,26.10,23.20,30.90,86.00,26.80
Compostela,2025-03-29,25.60,22.80,29.50,91.00,15.30
Compostela,2025-03-30,25.80,23.50,30.10,89.00,12.30
Compostela,2025-03-31,26.40,22.90,32.00,84.00,3.00
Compostela,2025-04-01,26.10,20.90,32.70,81.00,0.90
Compostela,2025-04-02,26.60,21.50,33.00,79.00,0.20
Compostela,2025-04-03,26.40,21.60,31.60,82.00,1.90
Compostela,2025-04-04,26.40,22.90,31.10,82.00,5.60
Compostela,2025-04-05,25.10,21.20,28.60,88.00,16.40
Compostela,2025-04-06,25.70,23.50,29.80,89.00,17.00
Compostela,2025-04-07,25.30,22.40,28.90,89.00,7.00
Compostela,2025-04-08,26.30,23.50,31.30,87.00,2.40
Compostela,2025-04-09,26.80,23.00,32.80,81.00,0.80
Compostela,2025-04-10,26.40,21.90,31.60,84.00,10.60
Compostela,2025-04-11,26.40,23.80,30.70,89.00,15.70
Compostela,2025-04-12,26.00,23.90,29.90,89.00,10.90
Compostela,2025-04-13,26.50,23.50,30.90,86.00,2.90
Compostela,2025-04-14,25.80,23.20,31.00,90.00,4.90
Compostela,2025-04-15,26.00,22.90,30.30,90.00,25.10
Compostela,2025-04-16,26.40,22.40,32.50,81.00,0.20
Compostela,2025-04-17,26.40,20.60,33.20,81.00,1.00
Compostela,2025-04-18,27.30,23.50,32.80,77.00,0.00
Compostela,2025-04-19,26.80,23.00,31.90,81.00,0.60
Compostela,2025-04-20,27.10,23.00,32.80,81.00,1.40
Compostela,2025-04-21,27.60,24.10,32.80,77.00,1.00
Compostela,2025-04-22,27.40,23.30,32.30,77.00,0.70
Compostela,2025-04-23,27.30,22.40,33.30,77.00,0.80
Compostela,2025-04-24,27.50,23.60,33.20,76.00,1.10
Compostela,2025-04-25,27.00,22.50,31.70,81.00,2.30
Compostela,2025-04-26,25.60,23.20,28.30,89.00,12.00
Compostela,2025-04-27,25.70,23.50,30.20,89.00,30.70
Compostela,2025-04-28,26.00,23.00,31.30,86.00,10.00
Compostela,2025-04-29,26.00,23.90,30.10,89.00,27.10
Compostela,2025-04-30,25.90,23.50,30.10,90.00,12.30
Compostela,2025-05-01,26.00,23.20,31.30,89.00,24.50
Compostela,2025-05-02,25.60,24.10,28.20,90.00,21.60
Compostela,2025-05-03,25.80,23.60,30.50,87.00,12.90
Compostela,2025-05-04,26.10,23.00,30.70,88.00,9.10
Compostela,2025-05-05,26.50,24.00,29.70,84.00,7.90
Compostela,2025-05-06,25.80,23.50,29.60,88.00,8.00
Compostela,2025-05-07,25.80,23.30,29.00,88.00,21.20
Compostela,2025-05-08,26.40,23.90,30.70,87.00,0.70
Compostela,2025-05-09,26.40,23.80,30.20,87.00,2.90
Compostela,2025-05-10,26.40,22.50,31.90,88.00,3.40
Compostela,2025-05-11,26.20,22.90,31.60,87.00,11.10
Compostela,2025-05-12,26.30,21.80,32.00,86.00,4.50
Compostela,2025-05-13,26.20,23.90,30.20,88.00,24.20
Compostela,2025-05-14,26.20,23.40,30.30,88.00,4.50
Compostela,2025-05-15,25.80,23.60,29.80,90.00,11.90
Compostela,2025-05-16,26.70,23.50,31.20,85.00,4.70
Compostela,2025-05-17,25.80,24.00,28.90,92.00,10.80
Compostela,2025-05-18,25.20,23.30,28.00,92.00,20.20
Compostela,2025-05-19,25.70,22.40,31.50,90.00,20.30
Compostela,2025-05-20,25.60,23.00,28.80,91.00,11.60
Compostela,2025-05-21,25.50,23.80,29.00,92.00,26.40
Compostela,2025-05-22,25.60,23.50,30.00,91.00,22.60
Compostela,2025-05-23,25.20,23.20,29.00,93.00,34.80
Compostela,2025-05-24,25.50,23.40,29.20,90.00,31.30
Compostela,2025-05-25,25.70,22.90,30.40,89.00,7.60
Compostela,2025-05-26,26.40,22.80,30.60,87.00,4.40
Compostela,2025-05-27,26.10,23.80,30.00,91.00,20.20
Compostela,2025-05-28,25.70,23.90,28.10,90.00,6.50
Compostela,2025-05-29,26.00,23.20,30.40,88.00,1.80
Compostela,2025-05-30,26.60,23.00,31.20,86.00,0.50
Compostela,2025-05-31,26.30,23.40,30.50,88.00,33.00
Compostela,2025-06-01,25.90,24.10,29.80,89.00,21.30
Compostela,2025-06-02,26.00,23.50,30.00,90.00,14.70
Compostela,2025-06-03,26.10,23.40,30.60,87.00,6.90
Compostela,2025-06-04,26.30,23.50,30.10,86.00,8.30
Compostela,2025-06-05,25.70,23.60,29.20,90.00,37.40
Compostela,2025-06-06,25.70,23.50,30.90,88.00,6.10
Compostela,2025-06-07,26.00,24.00,29.50,85.00,1.60
Compostela,2025-06-08,27.00,24.40,30.80,80.00,0.10
Compostela,2025-06-09,27.40,24.80,31.00,76.00,0.20
Compostela,2025-06-10,27.60,24.60,31.70,79.00,1.90
Compostela,2025-06-11,27.10,25.30,30.10,80.00,2.30
Compostela,2025-06-12,26.30,24.00,31.00,86.00,14.30
Compostela,2025-06-13,25.80,22.30,30.40,89.00,6.60
Compostela,2025-06-14,26.10,23.90,30.00,88.00,2.80
Compostela,2025-06-15,25.00,23.60,27.10,91.00,12.30
Compostela,2025-06-16,26.00,23.00,30.50,85.00,0.80
Compostela,2025-06-17,26.00,23.50,30.00,87.00,15.70
Compostela,2025-06-18,26.40,23.00,30.80,85.00,2.10
Compostela,2025-06-19,25.20,23.20,28.50,90.00,16.60
Compostela,2025-06-20,25.30,23.30,28.40,89.00,18.60
Compostela,2025-06-21,25.10,23.20,28.50,91.00,31.40
Compostela,2025-06-22,26.20,23.40,30.70,85.00,2.10
Compostela,2025-06-23,24.80,23.50,26.80,87.00,12.50
Compostela,2025-06-24,25.70,23.10,29.90,85.00,11.70
Compostela,2025-06-25,25.80,22.80,30.40,86.00,5.30
Compostela,2025-06-26,26.30,23.60,29.50,83.00,0.30
Compostela,2025-06-27,26.20,23.90,30.80,83.00,0.90
Compostela,2025-06-28,26.30,23.00,31.40,84.00,17.80
Compostela,2025-06-29,25.30,22.80,30.50,90.00,17.90
Compostela,2025-06-30,25.40,23.40,29.00,88.00,11.80
Compostela,2025-07-01,26.30,23.90,30.00,83.00,2.00
Compostela,2025-07-02,26.90,24.10,31.80,83.00,1.30
Compostela,2025-07-03,26.80,23.60,31.40,80.00,0.00
Compostela,2025-07-04,26.70,24.60,30.90,81.00,5.30
Compostela,2025-07-05,26.90,23.70,31.20,85.00,6.80
Compostela,2025-07-06,25.60,23.40,28.80,89.00,8.10
Compostela,2025-07-07,26.40,23.30,32.00,83.00,21.10
Compostela,2025-07-08,26.30,23.60,30.50,81.00,2.10
Compostela,2025-07-09,26.10,23.70,30.60,81.00,1.10
Compostela,2025-07-10,26.10,23.80,31.10,81.00,18.20
Compostela,2025-07-11,26.30,24.10,30.10,81.00,5.30
Compostela,2025-07-12,26.20,23.30,30.10,84.00,1.40
Compostela,2025-07-13,26.90,24.40,30.40,79.00,1.60
Compostela,2025-07-14,26.50,23.80,30.30,82.00,8.40
Compostela,2025-07-15,26.50,24.50,31.40,82.00,2.80
Compostela,2025-07-16,26.90,24.60,30.50,78.00,1.80
Compostela,2025-07-17,26.70,24.00,30.20,76.00,2.90
Compostela,2025-07-18,26.90,23.90,31.00,76.00,0.60
Compostela,2025-07-19,27.30,25.30,30.20,71.00,0.10
Compostela,2025-07-20,27.30,24.10,31.00,75.00,0.00
Compostela,2025-07-21,27.60,24.90,31.90,75.00,0.10
Compostela,2025-07-22,27.00,24.60,31.00,77.00,4.10
Compostela,2025-07-23,28.20,25.00,32.60,66.00,0.40
Compostela,2025-07-24,28.20,24.10,33.00,72.00,0.00
Compostela,2025-07-25,28.20,23.80,33.20,71.00,0.00
Compostela,2025-07-26,28.20,24.00,33.20,73.00,0.10
Compostela,2025-07-27,28.00,23.90,33.00,72.00,0.00
Compostela,2025-07-28,28.40,23.80,33.80,67.00,0.00
Compostela,2025-07-29,28.60,24.30,34.00,68.00,0.00
Compostela,2025-07-30,28.60,24.50,34.20,67.00,0.00
Compostela,2025-07-31,28.90,24.00,34.80,69.00,0.00
Compostela,2025-08-01,28.30,24.50,33.80,72.00,14.60
Compostela,2025-08-02,28.00,22.90,34.00,76.00,0.50
Compostela,2025-08-03,27.90,24.50,33.50,79.00,14.70
Compostela,2025-08-04,28.00,23.40,34.20,76.00,2.50
Compostela,2025-08-05,27.70,23.50,34.00,75.00,1.60
Compostela,2025-08-06,27.00,24.00,33.30,76.00,3.10
Compostela,2025-08-07,27.00,23.60,33.10,77.00,7.10
Compostela,2025-08-08,26.70,24.20,30.20,79.00,1.70
Compostela,2025-08-09,27.00,23.20,33.60,81.00,13.30
Compostela,2025-08-10,26.20,23.50,31.90,84.00,11.50
Compostela,2025-08-11,25.80,23.40,30.80,83.00,9.40
Compostela,2025-08-12,25.30,22.80,29.60,87.00,15.80
Compostela,2025-08-13,25.60,22.60,30.50,86.00,26.60
Compostela,2025-08-14,25.70,23.80,30.90,87.00,15.70
Compostela,2025-08-15,25.60,22.90,30.10,86.00,6.50
Compostela,2025-08-16,25.70,22.00,31.00,83.00,6.90
Compostela,2025-08-17,25.80,23.00,29.70,86.00,16.80
Compostela,2025-08-18,25.80,22.50,30.30,88.00,13.10
Compostela,2025-08-19,24.80,23.30,27.80,90.00,53.70
Compostela,2025-08-20,25.70,22.60,30.40,83.00,0.50
Compostela,2025-08-21,25.60,23.10,30.60,85.00,10.50
Compostela,2025-08-22,25.20,23.00,30.10,87.00,12.40
Compostela,2025-08-23,25.80,23.00,29.90,83.00,2.60
Compostela,2025-08-24,25.60,23.10,28.50,82.00,1.50
Compostela,2025-08-25,25.50,23.10,28.60,83.00,3.70
Compostela,2025-08-26,26.00,23.00,30.90,79.00,18.00
Compostela,2025-08-27,26.30,23.60,30.40,78.00,4.00
Compostela,2025-08-28,26.90,24.40,30.60,76.00,2.80
Compostela,2025-08-29,26.60,24.70,30.00,76.00,0.00
Compostela,2025-08-30,24.80,24.20,26.50,89.00,11.80
Compostela,2025-08-31,25.70,23.50,29.10,77.00,1.60
Compostela,2025-09-01,27.50,23.90,32.00,69.00,0.30
Compostela,2025-09-02,27.30,23.60,33.00,77.00,5.10
Compostela,2025-09-03,26.50,23.10,31.40,79.00,0.10
Compostela,2025-09-04,26.50,24.10,32.20,79.00,8.40
Compostela,2025-09-05,26.30,23.40,31.00,84.00,4.70
Compostela,2025-09-06,26.40,23.30,31.00,84.00,12.40
Compostela,2025-09-07,26.10,23.50,30.60,87.00,16.30
Compostela,2025-09-08,25.00,23.00,27.50,90.00,12.60
Compostela,2025-09-09,25.90,21.60,30.90,86.00,19.20
Compostela,2025-09-10,25.70,22.00,31.20,88.00,18.40
Compostela,2025-09-11,25.80,22.90,31.00,86.00,10.40
Compostela,2025-09-12,26.00,24.10,28.90,83.00,3.10
Compostela,2025-09-13,26.40,24.00,31.40,85.00,3.90
Compostela,2025-09-14,25.80,23.30,30.60,87.00,15.70
Compostela,2025-09-15,25.30,23.00,29.60,88.00,20.10
Compostela,2025-09-16,26.10,23.40,29.90,85.00,3.10
Compostela,2025-09-17,25.80,23.70,30.90,85.00,27.80
Compostela,2025-09-18,25.80,22.40,30.00,84.00,0.90
Compostela,2025-09-19,26.40,23.70,30.50,82.00,1.10
Compostela,2025-09-20,27.10,24.50,31.60,77.00,0.00
Compostela,2025-09-21,27.80,23.90,32.70,74.00,0.20
Compostela,2025-09-22,28.10,24.40,32.70,72.00,1.90
Compostela,2025-09-23,27.80,25.20,31.10,70.00,0.30
Compostela,2025-09-24,28.70,25.10,33.50,61.00,0.00
Compostela,2025-09-25,27.80,23.60,32.20,62.00,0.10
Compostela,2025-09-26,28.80,24.10,33.80,60.00,0.10
Compostela,2025-09-27,27.80,23.90,33.50,71.00,0.80
Compostela,2025-09-28,26.60,22.20,33.30,81.00,17.00
Compostela,2025-09-29,26.10,22.90,31.00,84.00,11.00
Compostela,2025-09-30,26.10,22.70,30.90,83.00,6.90
Compostela,2025-10-01,26.50,22.60,32.30,78.00,0.40
Compostela,2025-10-02,27.20,23.50,35.30,74.00,5.00
Compostela,2025-10-03,26.40,22.90,33.70,78.00,6.00
Compostela,2025-10-04,26.70,22.70,33.00,79.00,4.90
Compostela,2025-10-05,26.90,22.60,31.90,79.00,2.20
Compostela,2025-10-06,26.60,23.10,33.00,81.00,15.70
Compostela,2025-10-07,25.90,23.00,30.50,84.00,4.90
Compostela,2025-10-08,26.50,23.60,31.20,80.00,6.50
Compostela,2025-10-09,27.60,24.00,31.80,69.00,2.10
Compostela,2025-10-10,26.80,24.20,30.90,73.00,3.80
Compostela,2025-10-11,26.50,23.90,31.50,80.00,2.90
Compostela,2025-10-12,27.40,23.90,33.20,80.00,9.30
Compostela,2025-10-13,26.10,23.70,31.00,85.00,12.60
Compostela,2025-10-14,26.60,22.30,33.30,81.00,5.40
Compostela,2025-10-15,26.80,23.40,33.00,81.00,8.70
Compostela,2025-10-16,27.50,23.50,33.00,80.00,0.60
Compostela,2025-10-17,26.70,24.10,31.10,84.00,3.90
Compostela,2025-10-18,27.60,23.50,33.00,72.00,0.00
Compostela,2025-10-19,28.10,24.00,34.00,71.00,0.00
Compostela,2025-10-20,28.50,23.50,34.50,72.00,0.90
Compostela,2025-10-21,27.30,24.60,32.80,81.00,5.80
Compostela,2025-10-22,26.50,24.00,32.10,84.00,7.60
Compostela,2025-10-23,26.80,22.60,32.40,83.00,2.80
Compostela,2025-10-24,26.90,23.70,32.30,82.00,12.80
Compostela,2025-10-25,25.90,22.20,30.50,87.00,27.50
Compostela,2025-10-26,25.10,23.90,27.80,92.00,18.90
Compostela,2025-10-27,26.20,23.10,30.60,83.00,1.60
Compostela,2025-10-28,26.40,23.50,30.60,80.00,0.10
Compostela,2025-10-29,25.60,23.30,29.70,85.00,4.00
Compostela,2025-10-30,25.80,23.90,28.80,87.00,8.00
Compostela,2025-10-31,26.80,23.80,30.10,82.00,0.70
Compostela,2025-11-01,25.90,23.00,30.90,87.00,14.00
Compostela,2025-11-02,26.20,22.10,32.20,84.00,7.10
Compostela,2025-11-03,25.70,23.40,30.40,82.00,11.70
Compostela,2025-11-04,26.80,23.20,31.50,77.00,0.40
Compostela,2025-11-05,27.80,23.60,32.50,73.00,0.20
Compostela,2025-11-06,27.00,23.70,32.80,82.00,11.80
Compostela,2025-11-07,27.20,23.20,32.20,78.00,0.20
Compostela,2025-11-08,26.60,23.00,30.80,80.00,1.80
Compostela,2025-11-09,27.60,24.20,32.30,75.00,1.00
Compostela,2025-11-10,27.80,23.40,32.70,71.00,0.20
Compostela,2025-11-11,27.90,24.00,33.80,71.00,0.20
Compostela,2025-11-12,27.10,23.10,32.80,80.00,1.90
Compostela,2025-11-13,26.00,23.70,30.80,88.00,15.70
Compostela,2025-11-14,25.20,23.60,28.60,91.00,34.60
Compostela,2025-11-15,26.20,23.20,30.50,87.00,7.90
Compostela,2025-11-16,25.50,23.50,29.30,91.00,19.90
Compostela,2025-11-17,25.80,22.20,31.10,86.00,5.00
Compostela,2025-11-18,25.80,22.90,30.10,86.00,4.30
Compostela,2025-11-19,25.70,23.80,30.10,89.00,9.20
Compostela,2025-11-20,26.50,22.70,32.00,78.00,0.40
Compostela,2025-11-21,26.70,23.20,31.70,79.00,3.20
Compostela,2025-11-22,27.30,23.00,32.90,77.00,4.80
Compostela,2025-11-23,25.90,24.10,29.00,89.00,8.60
Compostela,2025-11-24,25.40,24.10,27.40,88.00,7.50
Compostela,2025-11-25,27.20,23.80,31.50,77.00,0.20
Compostela,2025-11-26,27.70,24.20,32.50,79.00,1.60
Compostela,2025-11-27,26.90,24.10,32.20,84.00,11.00
Compostela,2025-11-28,26.40,23.60,32.40,86.00,6.20
Compostela,2025-11-29,26.10,23.00,31.70,86.00,5.50
Compostela,2025-11-30,26.60,22.00,31.50,80.00,0.50
Compostela,2025-12-01,25.00,23.90,27.70,91.00,27.80
Compostela,2025-12-02,26.10,22.90,31.20,82.00,0.00
Compostela,2025-12-03,26.60,22.90,31.10,80.00,0.20
Compostela,2025-12-04,26.50,22.60,31.60,80.00,1.60
Compostela,2025-12-05,25.90,22.90,31.10,86.00,5.70
Compostela,2025-12-06,26.20,23.40,32.20,84.00,5.10
Compostela,2025-12-07,26.30,23.50,30.80,86.00,15.30
Compostela,2025-12-08,26.70,23.50,31.10,83.00,1.40
Compostela,2025-12-09,26.60,22.40,32.30,81.00,0.60
Compostela,2025-12-10,26.50,21.80,31.20,81.00,1.50
Compostela,2025-12-11,27.00,23.50,32.40,81.00,0.90
Compostela,2025-12-12,26.60,22.70,32.80,77.00,0.40
Compostela,2025-12-13,26.50,21.50,32.30,76.00,0.20
Compostela,2025-12-14,26.80,23.40,31.30,79.00,0.90
Compostela,2025-12-15,25.80,23.00,29.60,87.00,8.80
Compostela,2025-12-16,26.40,22.60,32.00,81.00,1.30
Compostela,2025-12-17,25.30,22.70,29.40,88.00,11.90
Compostela,2025-12-18,25.00,23.00,28.20,91.00,5.00
Compostela,2025-12-19,25.10,23.00,27.70,90.00,8.50
Compostela,2025-12-20,26.00,23.00,30.20,83.00,7.30
Compostela,2025-12-21,26.00,23.40,30.50,86.00,4.70
Compostela,2025-12-22,25.80,23.80,29.10,89.00,4.00
Compostela,2025-12-23,25.10,22.90,28.50,91.00,18.40
Compostela,2025-12-24,25.90,22.80,30.20,89.00,18.30
Compostela,2025-12-25,26.10,22.90,31.90,87.00,4.10
Compostela,2025-12-26,26.30,22.00,32.00,83.00,0.80
Compostela,2025-12-27,26.30,23.40,31.00,86.00,10.80
Compostela,2025-12-28,25.70,23.50,29.10,88.00,1.40
Compostela,2025-12-29,25.80,22.40,30.30,87.00,18.00
Compostela,2025-12-30,26.10,23.90,30.50,87.00,13.10
Compostela,2025-12-31,25.80,23.50,30.80,88.00,19.10
Compostela,2026-01-01,25.90,22.90,30.20,87.00,5.40
Compostela,2026-01-02,25.20,23.00,29.10,90.00,26.80
Compostela,2026-01-03,25.60,22.20,29.80,87.00,20.10
Compostela,2026-01-04,25.10,23.30,28.00,93.00,31.70
Compostela,2026-01-05,26.00,22.60,30.00,83.00,0.20
Compostela,2026-01-06,26.70,23.50,31.20,79.00,0.80
Compostela,2026-01-07,26.60,23.30,31.60,85.00,1.70
Compostela,2026-01-08,26.50,23.20,31.50,82.00,0.10
Compostela,2026-01-09,26.30,22.60,32.30,84.00,0.90
Compostela,2026-01-10,25.50,22.50,29.90,88.00,17.60
Compostela,2026-01-11,25.80,23.20,30.00,84.00,1.00
Compostela,2026-01-12,26.10,22.60,31.00,82.00,2.00
Compostela,2026-01-13,25.00,22.90,29.20,88.00,5.60
Compostela,2026-01-14,25.20,23.50,29.10,86.00,4.20
Compostela,2026-01-15,25.70,23.10,28.80,82.00,0.90
Compostela,2026-01-16,25.70,22.50,30.80,82.00,22.60
Compostela,2026-01-17,27.10,22.60,31.90,71.00,0.20
Compostela,2026-01-18,27.10,22.70,32.60,73.00,0.10
Compostela,2026-01-19,26.40,22.90,32.30,82.00,6.00
Compostela,2026-01-20,26.50,23.00,30.90,77.00,0.30
Compostela,2026-01-21,26.20,22.60,31.00,75.00,0.00
Compostela,2026-01-22,25.00,20.70,29.90,79.00,1.20
Compostela,2026-01-23,25.60,21.80,29.80,74.00,0.30
Compostela,2026-01-24,24.90,22.10,29.50,81.00,27.90
Compostela,2026-01-25,24.50,23.00,26.80,85.00,23.40
Compostela,2026-01-26,25.70,23.10,29.90,81.00,0.10
Compostela,2026-01-27,26.20,22.40,31.20,80.00,0.20
Compostela,2026-01-28,25.50,22.30,29.00,82.00,0.80
Compostela,2026-01-29,25.20,21.20,29.80,76.00,0.50
Compostela,2026-01-30,24.30,20.00,29.40,80.00,0.00
Compostela,2026-01-31,25.60,21.10,31.40,79.00,1.50
Compostela,2026-02-01,26.00,21.60,32.80,80.00,0.10
Compostela,2026-02-02,25.90,20.80,30.80,82.00,3.90
Compostela,2026-02-03,25.30,23.50,29.30,88.00,11.10
Compostela,2026-02-04,25.10,22.70,27.90,84.00,0.70
Compostela,2026-02-05,23.90,23.30,24.50,93.00,45.20
Compostela,2026-02-06,26.70,23.20,31.00,79.00,1.20
Compostela,2026-02-07,26.80,23.20,31.50,77.00,2.00
Compostela,2026-02-08,26.00,23.40,29.50,83.00,2.60
Compostela,2026-02-09,25.80,21.80,30.60,85.00,15.60
Compostela,2026-02-10,25.90,23.10,30.30,85.00,7.60
Compostela,2026-02-11,26.30,22.80,30.60,84.00,1.00
Compostela,2026-02-12,25.70,22.50,29.40,85.00,41.80
Compostela,2026-02-13,25.50,22.30,30.00,85.00,23.50
Compostela,2026-02-14,25.40,20.90,31.50,82.00,1.20
Compostela,2026-02-15,25.60,20.50,31.60,79.00,0.60
Compostela,2026-02-16,26.10,22.20,30.80,80.00,1.40
Compostela,2026-02-17,25.90,22.10,30.70,82.00,1.60
Compostela,2026-02-18,24.70,23.30,26.80,92.00,13.80
Compostela,2026-02-19,24.10,22.60,26.90,95.00,31.70
Compostela,2026-02-20,23.10,22.40,24.00,95.00,122.20
Compostela,2026-02-21,24.80,22.60,28.50,91.00,23.80
Compostela,2026-02-22,24.10,23.00,25.80,94.00,33.30
Compostela,2026-02-23,25.10,22.50,28.60,90.00,22.00
Compostela,2026-02-24,25.30,23.00,29.50,91.00,15.10
Compostela,2026-02-25,24.90,21.10,29.40,90.00,38.80
Compostela,2026-02-26,24.70,22.60,27.70,91.00,11.50
Compostela,2026-02-27,25.70,21.60,30.50,82.00,0.20
Compostela,2026-02-28,25.20,22.60,29.50,86.00,2.50
Compostela,2026-03-01,25.60,21.50,31.00,84.00,2.00
Compostela,2026-03-02,25.80,22.00,31.60,84.00,1.00
Compostela,2026-03-03,25.30,21.90,28.80,85.00,1.10
Compostela,2026-03-04,25.90,22.80,29.90,82.00,2.70
Compostela,2026-03-05,26.10,22.90,29.90,82.00,1.60
Compostela,2026-03-06,25.90,21.00,31.10,81.00,0.00
Compostela,2026-03-07,25.70,21.70,30.60,83.00,1.20
Compostela,2026-03-08,25.70,22.50,30.60,86.00,27.60
Compostela,2026-03-09,24.60,23.10,27.50,93.00,37.70
Compostela,2026-03-10,25.00,22.70,28.50,87.00,10.30
Compostela,2026-03-11,24.90,21.80,28.10,86.00,4.80
Compostela,2026-03-12,24.30,20.00,28.90,85.00,1.30
Compostela,2026-03-13,24.80,21.20,28.30,79.00,1.10
Compostela,2026-03-14,24.20,21.10,28.30,75.00,0.20
Compostela,2026-03-15,23.50,18.70,28.90,77.00,0.00
Compostela,2026-03-16,23.70,18.50,29.40,80.00,0.00
Compostela,2026-03-17,24.70,19.50,30.50,79.00,0.30
Compostela,2026-03-18,25.30,19.50,31.10,80.00,0.60
Compostela,2026-03-19,25.80,22.40,30.20,80.00,0.80
Compostela,2026-03-20,25.20,19.40,30.80,81.00,1.40
Compostela,2026-03-21,25.00,22.90,28.40,87.00,10.10
Compostela,2026-03-22,25.40,22.00,30.60,80.00,0.80
Compostela,2026-03-23,25.40,19.50,31.20,76.00,0.50
Compostela,2026-03-24,26.20,20.80,32.20,77.00,0.20
Compostela,2026-03-25,27.10,22.00,33.20,76.00,1.70
Compostela,2026-03-26,24.20,22.00,25.80,95.00,41.70
Compostela,2026-03-27,25.40,19.60,30.80,84.00,0.50
Compostela,2026-03-28,25.80,20.70,31.20,77.00,0.00
Compostela,2026-03-29,24.90,18.50,32.50,76.00,0.00
Compostela,2026-03-30,25.20,20.20,31.20,78.00,0.20
Compostela,2026-03-31,25.30,19.80,31.70,81.00,1.00
Compostela,2026-04-01,25.80,21.20,30.60,81.00,0.80
Compostela,2026-04-02,26.30,21.30,32.50,78.00,0.30
Compostela,2026-04-03,26.20,21.50,31.90,76.00,1.60
Compostela,2026-04-04,26.00,22.80,30.50,85.00,14.20
Compostela,2026-04-05,26.30,21.80,32.50,81.00,0.10
Compostela,2026-04-06,26.30,20.60,32.60,77.00,0.30
Compostela,2026-04-07,26.10,23.00,31.00,86.00,4.40
Compostela,2026-04-08,26.40,22.50,31.80,84.00,1.70
Compostela,2026-04-09,26.50,21.80,32.90,76.00,0.00
Compostela,2026-04-10,26.40,21.30,32.20,79.00,6.60
Compostela,2026-04-11,26.40,21.60,32.30,76.00,0.40
Compostela,2026-04-12,26.40,21.40,32.00,73.00,0.00
Compostela,2026-04-13,26.00,18.80,32.80,73.00,0.00
Compostela,2026-04-14,26.80,20.50,32.90,73.00,0.10
Compostela,2026-04-15,27.10,22.40,32.50,73.00,0.10
Compostela,2026-04-16,26.80,20.20,33.90,72.00,0.10
Compostela,2026-04-17,27.30,22.10,33.80,70.00,0.20
Compostela,2026-04-18,27.60,21.50,33.90,68.00,0.00
Compostela,2026-04-19,28.20,23.60,34.80,66.00,0.00
Compostela,2026-04-20,27.30,20.20,34.50,67.00,0.10
Compostela,2026-04-21,27.70,22.10,33.80,70.00,0.10
Compostela,2026-04-22,28.40,22.80,34.40,69.00,1.10
Compostela,2026-04-23,28.60,23.80,34.00,69.00,0.10
Compostela,2026-04-24,28.50,23.50,35.80,68.00,0.00
Compostela,2026-04-25,28.10,22.60,33.80,70.00,0.10
Compostela,2026-04-26,27.30,24.20,35.30,82.00,27.50
Compostela,2026-04-27,28.30,23.60,35.20,73.00,0.50
Compostela,2026-04-28,28.40,23.30,35.50,67.00,0.00
Compostela,2026-04-29,28.10,21.80,34.80,64.00,0.60
Compostela,2026-04-30,28.10,24.40,33.20,75.00,5.50
Compostela,2026-05-01,26.80,24.40,32.50,84.00,20.10
Compostela,2026-05-02,25.90,24.00,29.90,91.00,22.40
Compostela,2026-05-03,26.20,23.50,31.80,88.00,14.00
Compostela,2026-05-04,26.30,23.10,32.20,88.00,15.60
Compostela,2026-05-05,27.00,21.40,33.60,82.00,2.60
Compostela,2026-05-06,26.90,22.50,32.20,84.00,12.80
Compostela,2026-05-07,26.60,24.30,30.40,88.00,11.10
Compostela,2026-05-08,27.00,24.10,31.00,88.00,19.20
Compostela,2026-05-09,27.20,24.00,32.30,83.00,6.70
Compostela,2026-05-10,26.30,22.30,30.00,88.00,16.30
Compostela,2026-05-11,28.30,24.10,33.20,80.00,0.50
Compostela,2026-05-12,28.20,24.90,33.80,82.00,5.20
Compostela,2026-05-13,27.90,25.00,31.90,84.00,1.70
Compostela,2026-05-14,27.50,24.60,33.50,85.00,7.50
Compostela,2026-05-15,27.00,23.40,32.90,87.00,27.40
Compostela,2026-05-16,26.90,24.60,31.50,88.00,19.00
Compostela,2026-05-17,28.40,25.10,32.60,79.00,4.90
Compostela,2026-05-18,26.90,24.20,31.60,88.00,16.80
Compostela,2026-05-19,26.50,23.70,32.20,89.00,43.70
Compostela,2026-05-20,26.90,22.70,32.50,87.00,5.10
Compostela,2026-05-21,27.60,23.70,33.30,83.00,10.30
Compostela,2026-05-22,26.60,24.00,30.60,89.00,35.10
Compostela,2026-05-23,25.60,24.00,27.90,93.00,49.20
Compostela,2026-05-24,26.40,24.00,30.80,90.00,25.80
Compostela,2026-05-25,27.00,24.20,32.00,87.00,12.90
Compostela,2026-05-26,26.60,24.20,31.00,87.00,12.30
Compostela,2026-05-27,26.80,24.50,31.80,85.00,5.30
Compostela,2026-05-28,27.10,24.00,32.50,83.00,3.40
Compostela,2026-05-29,26.90,24.80,31.20,85.00,4.90
Compostela,2026-05-30,28.10,25.40,31.80,75.00,0.30
Compostela,2026-05-31,27.30,25.10,31.50,79.00,7.00
Mawab,2023-01-01,23.40,21.60,25.20,95.00,18.90
Mawab,2023-01-02,23.60,22.40,25.20,95.00,83.70
Mawab,2023-01-03,23.90,21.90,27.00,93.00,42.50
Mawab,2023-01-04,24.10,22.20,26.00,95.00,13.00
Mawab,2023-01-05,24.60,22.30,29.40,91.00,15.40
Mawab,2023-01-06,25.20,22.00,31.00,85.00,1.70
Mawab,2023-01-07,23.50,22.30,24.70,96.00,28.50
Mawab,2023-01-08,23.20,21.80,25.10,93.00,14.70
Mawab,2023-01-09,23.90,22.40,26.00,93.00,7.20
Mawab,2023-01-10,24.30,22.50,26.40,89.00,10.80
Mawab,2023-01-11,24.60,22.00,27.90,88.00,12.10
Mawab,2023-01-12,24.10,22.10,26.10,92.00,7.60
Mawab,2023-01-13,24.90,22.60,28.00,90.00,10.40
Mawab,2023-01-14,24.30,22.80,26.60,94.00,11.10
Mawab,2023-01-15,25.20,22.80,29.10,87.00,1.10
Mawab,2023-01-16,24.90,21.90,29.30,88.00,14.00
Mawab,2023-01-17,24.90,22.20,29.50,87.00,12.60
Mawab,2023-01-18,24.70,21.20,30.20,87.00,8.60
Mawab,2023-01-19,25.70,20.80,30.90,83.00,1.10
Mawab,2023-01-20,25.40,21.80,29.50,83.00,0.70
Mawab,2023-01-21,24.30,21.50,27.70,90.00,12.00
Mawab,2023-01-22,23.10,22.00,24.50,96.00,46.30
Mawab,2023-01-23,23.80,22.00,26.90,93.00,36.10
Mawab,2023-01-24,24.10,21.70,27.80,92.00,19.30
Mawab,2023-01-25,24.00,22.10,27.10,86.00,9.70
Mawab,2023-01-26,23.90,22.30,26.10,88.00,26.00
Mawab,2023-01-27,24.70,22.10,29.00,88.00,7.70
Mawab,2023-01-28,25.60,21.60,31.00,82.00,0.10
Mawab,2023-01-29,23.90,22.40,26.10,93.00,17.00
Mawab,2023-01-30,24.30,22.40,28.50,93.00,15.60
Mawab,2023-01-31,24.90,21.80,28.80,90.00,2.00
Mawab,2023-02-01,25.40,21.00,31.30,83.00,0.70
Mawab,2023-02-02,25.60,22.50,30.00,83.00,2.90
Mawab,2023-02-03,25.70,22.50,30.30,79.00,0.20
Mawab,2023-02-04,24.30,21.90,27.30,88.00,17.80
Mawab,2023-02-05,23.90,21.10,28.50,92.00,49.60
Mawab,2023-02-06,24.50,21.60,29.60,88.00,2.70
Mawab,2023-02-07,24.60,21.80,29.80,88.00,3.10
Mawab,2023-02-08,24.00,20.90,27.90,88.00,6.80
Mawab,2023-02-09,24.50,20.80,28.80,87.00,1.20
Mawab,2023-02-10,25.20,21.40,31.20,83.00,1.00
Mawab,2023-02-11,25.30,21.40,29.40,84.00,0.70
Mawab,2023-02-12,25.40,22.10,30.90,81.00,1.70
Mawab,2023-02-13,23.80,22.50,24.80,92.00,12.00
Mawab,2023-02-14,23.80,22.00,25.80,92.00,41.80
Mawab,2023-02-15,24.60,22.20,28.90,88.00,45.30
Mawab,2023-02-16,24.70,22.00,29.30,87.00,5.00
Mawab,2023-02-17,23.50,22.30,24.60,91.00,15.10
Mawab,2023-02-18,25.10,23.00,29.20,85.00,28.60
Mawab,2023-02-19,26.10,21.00,30.50,78.00,0.20
Mawab,2023-02-20,25.50,22.40,30.00,85.00,21.40
Mawab,2023-02-21,25.20,22.40,30.50,89.00,22.40
Mawab,2023-02-22,24.80,21.80,30.10,91.00,7.50
Mawab,2023-02-23,26.10,22.10,31.40,81.00,0.70
Mawab,2023-02-24,25.50,21.40,30.20,84.00,1.70
Mawab,2023-02-25,25.80,22.00,31.40,82.00,0.20
Mawab,2023-02-26,25.50,22.40,29.70,84.00,1.20
Mawab,2023-02-27,26.10,22.50,31.40,80.00,1.10
Mawab,2023-02-28,25.70,22.10,30.60,84.00,1.00
Mawab,2023-03-01,25.50,21.60,31.00,85.00,4.90
Mawab,2023-03-02,24.70,21.80,28.90,85.00,1.80
Mawab,2023-03-03,25.10,21.10,29.50,75.00,0.70
Mawab,2023-03-04,24.10,22.40,26.00,88.00,10.90
Mawab,2023-03-05,25.40,21.50,30.20,82.00,2.80
Mawab,2023-03-06,24.80,20.60,28.90,82.00,3.50
Mawab,2023-03-07,24.30,22.20,27.00,90.00,7.80
Mawab,2023-03-08,25.90,22.10,31.50,82.00,0.60
Mawab,2023-03-09,25.50,22.00,30.00,85.00,1.90
Mawab,2023-03-10,26.00,20.80,31.50,78.00,0.30
Mawab,2023-03-11,25.60,20.70,31.40,81.00,1.50
Mawab,2023-03-12,25.20,22.00,28.90,85.00,5.80
Mawab,2023-03-13,24.50,22.20,28.40,88.00,30.70
Mawab,2023-03-14,23.60,22.20,25.50,90.00,16.60
Mawab,2023-03-15,25.60,21.00,31.50,78.00,4.60
Mawab,2023-03-16,25.20,21.40,30.40,86.00,18.00
Mawab,2023-03-17,25.30,22.40,30.10,88.00,5.30
Mawab,2023-03-18,24.90,22.10,29.20,89.00,2.30
Mawab,2023-03-19,25.70,22.20,31.10,86.00,2.50
Mawab,2023-03-20,26.20,22.40,31.10,79.00,0.10
Mawab,2023-03-21,25.80,20.10,32.20,76.00,0.10
Mawab,2023-03-22,25.70,20.80,30.50,79.00,0.50
Mawab,2023-03-23,25.00,21.20,29.90,85.00,12.50
Mawab,2023-03-24,25.50,21.60,30.10,87.00,17.00
Mawab,2023-03-25,26.50,22.90,31.10,82.00,0.30
Mawab,2023-03-26,26.80,22.30,31.70,78.00,0.40
Mawab,2023-03-27,26.00,22.70,30.70,83.00,2.40
Mawab,2023-03-28,25.20,22.80,28.80,88.00,20.40
Mawab,2023-03-29,24.50,21.50,29.10,91.00,9.60
Mawab,2023-03-30,25.20,22.00,29.60,89.00,27.90
Mawab,2023-03-31,24.50,22.00,28.20,92.00,23.20
Mawab,2023-04-01,24.50,22.20,28.50,91.00,13.00
Mawab,2023-04-02,25.10,22.50,29.40,89.00,5.90
Mawab,2023-04-03,25.40,22.00,30.20,86.00,4.80
Mawab,2023-04-04,25.60,20.40,31.10,77.00,0.20
Mawab,2023-04-05,25.20,22.20,29.10,86.00,7.50
Mawab,2023-04-06,26.40,22.00,30.60,76.00,0.40
Mawab,2023-04-07,26.10,21.10,31.00,77.00,0.50
Mawab,2023-04-08,26.10,22.90,30.50,80.00,2.60
Mawab,2023-04-09,25.30,22.40,30.00,87.00,2.10
Mawab,2023-04-10,25.20,21.60,28.10,81.00,1.60
Mawab,2023-04-11,26.20,21.90,31.20,78.00,1.20
Mawab,2023-04-12,27.10,22.00,32.30,75.00,0.00
Mawab,2023-04-13,26.70,22.80,31.60,82.00,1.90
Mawab,2023-04-14,26.10,23.00,29.90,87.00,6.90
Mawab,2023-04-15,25.80,23.10,31.10,87.00,11.60
Mawab,2023-04-16,25.80,21.50,31.00,84.00,0.70
Mawab,2023-04-17,25.70,22.20,31.10,86.00,11.10
Mawab,2023-04-18,26.30,21.40,31.40,81.00,0.10
Mawab,2023-04-19,26.40,21.20,31.60,81.00,1.30
Mawab,2023-04-20,26.40,23.20,30.40,85.00,3.20
Mawab,2023-04-21,25.80,23.30,30.60,86.00,7.80
Mawab,2023-04-22,26.00,22.80,31.80,85.00,5.80
Mawab,2023-04-23,25.90,22.00,30.40,86.00,1.10
Mawab,2023-04-24,27.00,22.90,31.90,81.00,0.20
Mawab,2023-04-25,26.70,20.50,32.90,73.00,0.00
Mawab,2023-04-26,26.50,20.70,32.00,75.00,0.40
Mawab,2023-04-27,26.40,20.80,31.60,78.00,1.60
Mawab,2023-04-28,27.80,23.00,33.30,73.00,0.20
Mawab,2023-04-29,26.40,23.60,31.10,85.00,21.50
Mawab,2023-04-30,25.60,23.50,30.80,90.00,14.80
Mawab,2023-05-01,26.30,22.90,30.80,84.00,4.80
Mawab,2023-05-02,25.40,23.70,29.00,92.00,29.00
Mawab,2023-05-03,26.30,22.40,30.50,85.00,7.10
Mawab,2023-05-04,26.10,22.60,30.50,87.00,1.80
Mawab,2023-05-05,26.10,24.00,31.50,89.00,4.60
Mawab,2023-05-06,25.90,22.50,31.20,87.00,10.10
Mawab,2023-05-07,27.40,23.10,31.60,80.00,1.50
Mawab,2023-05-08,27.80,23.50,32.60,79.00,0.30
Mawab,2023-05-09,27.50,23.00,32.50,80.00,0.30
Mawab,2023-05-10,27.10,23.20,31.50,80.00,1.70
Mawab,2023-05-11,27.10,23.20,32.00,81.00,0.40
Mawab,2023-05-12,26.90,23.00,32.50,81.00,1.70
Mawab,2023-05-13,27.40,22.80,32.30,81.00,2.40
Mawab,2023-05-14,26.50,23.60,32.20,85.00,10.90
Mawab,2023-05-15,26.30,23.80,31.50,84.00,0.10
Mawab,2023-05-16,26.20,22.70,31.90,81.00,6.50
Mawab,2023-05-17,26.80,22.60,32.20,84.00,5.10
Mawab,2023-05-18,26.70,22.40,32.90,81.00,7.60
Mawab,2023-05-19,25.60,23.30,29.80,90.00,12.70
Mawab,2023-05-20,25.80,22.50,30.80,86.00,3.10
Mawab,2023-05-21,26.40,23.90,31.10,86.00,36.50
Mawab,2023-05-22,26.40,23.40,31.70,86.00,11.30
Mawab,2023-05-23,26.40,22.50,31.00,84.00,20.70
Mawab,2023-05-24,26.00,23.20,30.20,87.00,9.00
Mawab,2023-05-25,26.30,22.70,30.50,84.00,9.50
Mawab,2023-05-26,26.40,22.90,31.90,84.00,7.20
Mawab,2023-05-27,27.00,24.10,31.50,77.00,7.40
Mawab,2023-05-28,27.50,23.60,31.20,74.00,0.10
Mawab,2023-05-29,28.30,24.50,33.20,72.00,0.00
Mawab,2023-05-30,28.50,24.50,32.80,72.00,0.00
Mawab,2023-05-31,28.40,24.60,32.60,72.00,0.00
Mawab,2023-06-01,28.20,23.90,32.80,73.00,0.50
Mawab,2023-06-02,27.90,23.80,33.00,73.00,9.70
Mawab,2023-06-03,26.50,23.00,32.50,83.00,4.70
Mawab,2023-06-04,26.50,23.90,31.60,82.00,23.50
Mawab,2023-06-05,26.30,23.60,30.80,87.00,8.40
Mawab,2023-06-06,25.90,23.10,30.60,88.00,22.40
Mawab,2023-06-07,26.50,23.60,30.50,86.00,10.30
Mawab,2023-06-08,26.60,22.80,31.50,83.00,3.20
Mawab,2023-06-09,27.00,22.60,31.80,82.00,1.30
Mawab,2023-06-10,27.60,23.90,31.80,77.00,0.40
Mawab,2023-06-11,27.10,23.10,31.60,81.00,3.00
Mawab,2023-06-12,26.80,22.40,31.40,81.00,8.10
Mawab,2023-06-13,26.50,23.10,32.00,83.00,3.80
Mawab,2023-06-14,25.90,23.20,30.80,84.00,15.00
Mawab,2023-06-15,26.00,23.40,28.50,85.00,12.40
Mawab,2023-06-16,25.30,23.00,29.10,89.00,22.30
Mawab,2023-06-17,25.20,22.40,29.00,89.00,34.60
Mawab,2023-06-18,25.50,22.10,29.80,87.00,8.00
Mawab,2023-06-19,25.50,23.20,30.00,86.00,11.40
Mawab,2023-06-20,25.50,22.20,29.80,87.00,24.40
Mawab,2023-06-21,25.30,22.40,29.60,88.00,4.90
Mawab,2023-06-22,25.40,23.00,27.70,89.00,8.30
Mawab,2023-06-23,25.60,22.40,28.50,84.00,4.00
Mawab,2023-06-24,25.60,21.80,30.70,86.00,27.50
Mawab,2023-06-25,25.40,22.40,30.60,88.00,9.30
Mawab,2023-06-26,26.40,22.50,31.20,84.00,1.60
Mawab,2023-06-27,26.70,22.40,31.00,81.00,9.20
Mawab,2023-06-28,26.20,22.70,31.00,88.00,23.60
Mawab,2023-06-29,25.80,22.80,30.30,87.00,7.10
Mawab,2023-06-30,26.40,24.00,30.40,86.00,5.20
Mawab,2023-07-01,26.40,23.90,29.80,85.00,7.90
Mawab,2023-07-02,26.20,23.00,30.00,87.00,2.20
Mawab,2023-07-03,25.20,23.90,28.00,91.00,10.90
Mawab,2023-07-04,25.40,23.40,29.00,89.00,25.10
Mawab,2023-07-05,26.60,23.40,29.50,83.00,0.60
Mawab,2023-07-06,26.90,24.50,31.20,84.00,5.20
Mawab,2023-07-07,26.90,24.00,31.40,83.00,1.20
Mawab,2023-07-08,25.70,23.10,29.20,89.00,19.40
Mawab,2023-07-09,25.70,22.50,30.60,87.00,18.40
Mawab,2023-07-10,25.80,21.90,30.60,84.00,5.20
Mawab,2023-07-11,26.70,22.40,31.50,84.00,13.10
Mawab,2023-07-12,26.50,23.80,29.60,84.00,1.90
Mawab,2023-07-13,26.90,23.30,31.60,79.00,1.60
Mawab,2023-07-14,27.40,22.70,32.40,75.00,0.20
Mawab,2023-07-15,27.80,23.50,32.20,74.00,0.00
Mawab,2023-07-16,27.10,22.80,31.50,77.00,2.20
Mawab,2023-07-17,26.90,24.00,30.50,78.00,27.90
Mawab,2023-07-18,24.80,23.40,26.20,91.00,12.90
Mawab,2023-07-19,25.30,22.20,29.50,84.00,2.70
Mawab,2023-07-20,26.40,22.80,31.40,83.00,4.00
Mawab,2023-07-21,27.10,22.60,31.70,81.00,0.60
Mawab,2023-07-22,26.90,23.00,31.40,80.00,4.60
Mawab,2023-07-23,27.70,24.50,31.40,71.00,0.10
Mawab,2023-07-24,27.70,24.50,31.50,72.00,0.20
Mawab,2023-07-25,28.20,25.60,32.00,71.00,0.10
Mawab,2023-07-26,27.10,22.40,32.10,76.00,0.00
Mawab,2023-07-27,27.20,23.00,31.80,76.00,0.20
Mawab,2023-07-28,27.10,24.50,31.10,80.00,3.00
Mawab,2023-07-29,27.20,24.00,31.50,78.00,0.90
Mawab,2023-07-30,27.20,22.90,32.40,76.00,0.00
Mawab,2023-07-31,27.00,21.10,32.80,75.00,0.00
Mawab,2023-08-01,27.20,21.90,32.80,72.00,0.00
Mawab,2023-08-02,27.10,22.00,32.50,71.00,0.20
Mawab,2023-08-03,27.70,22.20,33.10,72.00,0.00
Mawab,2023-08-04,28.00,22.40,33.40,75.00,0.10
Mawab,2023-08-05,28.20,23.90,33.70,79.00,0.10
Mawab,2023-08-06,27.70,23.60,32.70,78.00,2.30
Mawab,2023-08-07,27.60,22.80,33.20,73.00,0.90
Mawab,2023-08-08,28.30,23.20,33.50,69.00,3.90
Mawab,2023-08-09,26.90,22.90,33.20,81.00,7.40
Mawab,2023-08-10,26.70,23.60,31.90,85.00,10.10
Mawab,2023-08-11,26.90,23.50,30.60,81.00,5.90
Mawab,2023-08-12,26.40,22.60,30.90,82.00,7.00
Mawab,2023-08-13,26.60,23.50,31.60,82.00,5.40
Mawab,2023-08-14,26.50,23.80,30.40,86.00,4.80
Mawab,2023-08-15,26.30,23.50,30.10,86.00,4.50
Mawab,2023-08-16,26.20,23.40,30.60,86.00,10.20
Mawab,2023-08-17,26.40,23.00,30.80,84.00,4.00
Mawab,2023-08-18,26.20,22.60,31.50,84.00,16.30
Mawab,2023-08-19,26.10,23.10,30.80,86.00,23.20
Mawab,2023-08-20,25.90,22.80,31.10,87.00,41.50
Mawab,2023-08-21,25.60,23.30,30.00,89.00,23.10
Mawab,2023-08-22,25.90,23.00,30.10,87.00,15.60
Mawab,2023-08-23,26.40,23.00,29.90,85.00,0.80
Mawab,2023-08-24,26.60,21.80,32.20,82.00,3.40
Mawab,2023-08-25,26.20,22.30,31.00,86.00,5.50
Mawab,2023-08-26,26.40,22.00,31.90,81.00,5.90
Mawab,2023-08-27,26.90,22.10,32.50,77.00,0.10
Mawab,2023-08-28,27.90,24.00,31.90,72.00,0.40
Mawab,2023-08-29,27.90,24.60,32.70,73.00,1.30
Mawab,2023-08-30,27.60,22.60,32.80,73.00,0.00
Mawab,2023-08-31,27.80,22.60,33.00,73.00,0.00
Mawab,2023-09-01,28.00,23.00,33.50,73.00,0.20
Mawab,2023-09-02,28.10,23.20,33.10,71.00,0.20
Mawab,2023-09-03,28.10,23.40,32.80,72.00,3.90
Mawab,2023-09-04,27.60,22.90,33.20,78.00,1.40
Mawab,2023-09-05,26.90,22.00,32.20,82.00,3.20
Mawab,2023-09-06,26.40,24.10,30.10,85.00,33.20
Mawab,2023-09-07,26.10,23.50,30.80,84.00,5.30
Mawab,2023-09-08,26.20,22.50,31.20,85.00,9.50
Mawab,2023-09-09,26.20,22.50,31.00,84.00,0.50
Mawab,2023-09-10,26.10,23.10,30.50,86.00,8.70
Mawab,2023-09-11,26.30,22.40,32.30,81.00,18.30
Mawab,2023-09-12,26.40,22.90,31.60,86.00,22.30
Mawab,2023-09-13,26.30,23.10,31.20,84.00,12.70
Mawab,2023-09-14,26.90,23.80,31.50,82.00,5.80
Mawab,2023-09-15,25.50,23.40,29.50,91.00,32.00
Mawab,2023-09-16,25.30,22.10,29.60,87.00,8.80
Mawab,2023-09-17,25.20,22.60,30.00,90.00,30.10
Mawab,2023-09-18,25.00,22.00,27.30,88.00,9.50
Mawab,2023-09-19,26.00,23.40,29.20,84.00,7.50
Mawab,2023-09-20,25.80,22.80,29.80,84.00,3.40
Mawab,2023-09-21,25.90,23.00,29.50,88.00,12.10
Mawab,2023-09-22,27.00,22.80,31.60,80.00,0.20
Mawab,2023-09-23,27.10,22.10,31.90,78.00,0.50
Mawab,2023-09-24,26.70,23.00,32.20,81.00,7.20
Mawab,2023-09-25,26.30,22.50,31.90,83.00,6.30
Mawab,2023-09-26,25.50,22.40,30.70,87.00,34.80
Mawab,2023-09-27,26.50,22.00,31.40,81.00,7.00
Mawab,2023-09-28,27.20,23.00,31.90,79.00,6.90
Mawab,2023-09-29,27.00,23.50,31.00,84.00,1.50
Mawab,2023-09-30,27.50,23.30,32.00,75.00,0.70
Mawab,2023-10-01,28.10,24.20,32.20,73.00,0.00
Mawab,2023-10-02,28.10,23.40,33.20,74.00,0.00
Mawab,2023-10-03,26.70,22.80,32.00,82.00,14.40
Mawab,2023-10-04,26.90,22.80,32.70,82.00,1.60
Mawab,2023-10-05,26.70,21.90,32.30,82.00,6.80
Mawab,2023-10-06,26.60,22.40,32.20,83.00,5.80
Mawab,2023-10-07,26.80,23.10,30.40,81.00,3.40
Mawab,2023-10-08,26.30,22.30,31.30,83.00,2.90
Mawab,2023-10-09,25.70,23.50,28.70,88.00,7.20
Mawab,2023-10-10,25.40,23.10,27.70,88.00,11.00
Mawab,2023-10-11,26.10,22.60,30.70,86.00,8.80
Mawab,2023-10-12,26.60,23.10,32.30,83.00,6.40
Mawab,2023-10-13,26.60,24.00,29.70,85.00,1.20
Mawab,2023-10-14,27.20,23.50,30.90,82.00,0.60
Mawab,2023-10-15,26.60,22.40,31.20,83.00,11.20
Mawab,2023-10-16,25.80,21.80,31.10,85.00,3.40
Mawab,2023-10-17,25.90,22.30,30.00,83.00,2.70
Mawab,2023-10-18,26.00,21.60,30.50,84.00,3.20
Mawab,2023-10-19,25.60,21.90,30.80,87.00,16.80
Mawab,2023-10-20,25.60,22.10,30.60,87.00,30.40
Mawab,2023-10-21,26.10,22.60,30.60,83.00,1.10
Mawab,2023-10-22,25.40,21.40,30.60,85.00,8.80
Mawab,2023-10-23,25.50,21.00,30.60,86.00,3.60
Mawab,2023-10-24,26.10,21.50,31.30,83.00,0.30
Mawab,2023-10-25,25.90,22.90,32.00,88.00,4.90
Mawab,2023-10-26,25.50,23.00,28.00,86.00,8.80
Mawab,2023-10-27,26.10,22.10,30.90,81.00,1.90
Mawab,2023-10-28,26.90,22.40,31.40,79.00,0.70
Mawab,2023-10-29,25.80,23.50,29.60,87.00,1.20
Mawab,2023-10-30,25.50,21.80,30.00,88.00,5.40
Mawab,2023-10-31,27.20,21.60,32.20,76.00,0.40
Mawab,2023-11-01,26.30,22.40,30.40,83.00,1.80
Mawab,2023-11-02,26.50,21.80,31.40,83.00,0.40
Mawab,2023-11-03,25.80,22.00,30.50,83.00,5.60
Mawab,2023-11-04,25.70,22.60,30.20,86.00,14.00
Mawab,2023-11-05,26.00,23.10,30.10,86.00,2.70
Mawab,2023-11-06,26.80,22.00,32.50,81.00,0.70
Mawab,2023-11-07,25.90,23.90,29.50,87.00,33.10
Mawab,2023-11-08,25.60,23.40,30.40,90.00,11.90
Mawab,2023-11-09,26.20,23.20,30.70,86.00,2.40
Mawab,2023-11-10,25.70,21.90,30.00,88.00,5.10
Mawab,2023-11-11,26.20,22.50,30.70,85.00,0.20
Mawab,2023-11-12,25.60,21.20,31.00,84.00,1.00
Mawab,2023-11-13,26.50,22.00,32.20,79.00,1.50
Mawab,2023-11-14,26.30,20.50,31.90,79.00,0.60
Mawab,2023-11-15,26.70,22.90,32.50,76.00,0.80
Mawab,2023-11-16,25.10,23.00,27.20,91.00,18.80
Mawab,2023-11-17,25.50,23.60,27.90,88.00,9.50
Mawab,2023-11-18,26.50,23.60,31.00,83.00,5.70
Mawab,2023-11-19,26.30,23.50,29.70,85.00,5.20
Mawab,2023-11-20,26.40,23.40,31.50,86.00,7.60
Mawab,2023-11-21,26.40,23.60,30.40,89.00,8.90
Mawab,2023-11-22,25.90,22.40,30.50,87.00,4.90
Mawab,2023-11-23,26.10,23.80,29.20,87.00,6.90
Mawab,2023-11-24,26.20,23.10,30.80,86.00,3.20
Mawab,2023-11-25,25.30,22.30,30.80,89.00,23.30
Mawab,2023-11-26,26.50,22.10,31.20,82.00,0.30
Mawab,2023-11-27,26.20,23.80,30.50,86.00,1.90
Mawab,2023-11-28,25.50,22.20,29.40,88.00,2.50
Mawab,2023-11-29,25.90,23.10,29.20,88.00,6.20
Mawab,2023-11-30,26.30,23.20,30.80,85.00,2.30
Mawab,2023-12-01,26.50,22.80,31.20,84.00,0.20
Mawab,2023-12-02,25.60,22.70,31.00,89.00,6.50
Mawab,2023-12-03,25.70,23.10,29.70,88.00,2.20
Mawab,2023-12-04,25.90,22.40,30.80,87.00,11.50
Mawab,2023-12-05,25.70,22.50,29.60,90.00,14.10
Mawab,2023-12-06,25.40,23.40,28.00,90.00,4.00
Mawab,2023-12-07,26.00,23.40,29.80,88.00,3.50
Mawab,2023-12-08,26.00,23.80,29.00,88.00,5.60
Mawab,2023-12-09,25.60,22.60,30.30,87.00,1.00
Mawab,2023-12-10,25.80,21.20,31.80,79.00,0.20
Mawab,2023-12-11,25.90,21.40,31.70,78.00,0.60
Mawab,2023-12-12,25.60,20.20,31.50,79.00,0.50
Mawab,2023-12-13,25.80,22.00,29.30,82.00,0.30
Mawab,2023-12-14,26.40,22.40,31.30,79.00,0.40
Mawab,2023-12-15,26.50,22.30,32.00,78.00,0.20
Mawab,2023-12-16,26.20,21.50,31.60,76.00,1.70
Mawab,2023-12-17,25.00,22.90,27.50,86.00,4.90
Mawab,2023-12-18,24.10,23.20,25.60,95.00,23.30
Mawab,2023-12-19,24.60,22.80,27.30,92.00,13.20
Mawab,2023-12-20,26.50,22.80,32.00,81.00,0.10
Mawab,2023-12-21,25.70,20.50,30.70,82.00,0.40
Mawab,2023-12-22,25.10,22.10,28.80,89.00,5.40
Mawab,2023-12-23,26.00,21.50,31.60,80.00,0.40
Mawab,2023-12-24,25.70,21.80,30.90,83.00,1.40
Mawab,2023-12-25,25.00,22.80,27.70,91.00,6.10
Mawab,2023-12-26,26.20,22.40,30.90,86.00,1.60
Mawab,2023-12-27,26.20,23.80,29.70,86.00,5.00
Mawab,2023-12-28,26.10,22.60,31.60,80.00,0.50
Mawab,2023-12-29,25.80,22.00,31.00,84.00,23.20
Mawab,2023-12-30,25.30,23.40,28.20,91.00,7.10
Mawab,2023-12-31,25.70,21.60,30.90,87.00,1.80
Mawab,2024-01-01,25.30,22.60,28.50,89.00,5.00
Mawab,2024-01-02,24.90,23.30,27.20,93.00,35.30
Mawab,2024-01-03,25.10,23.00,27.40,91.00,2.60
Mawab,2024-01-04,26.10,21.50,31.30,82.00,0.00
Mawab,2024-01-05,25.70,20.40,31.80,78.00,0.00
Mawab,2024-01-06,25.80,23.60,29.80,83.00,4.50
Mawab,2024-01-07,26.50,22.20,32.10,80.00,0.40
Mawab,2024-01-08,26.20,22.50,30.40,83.00,3.40
Mawab,2024-01-09,25.70,22.80,30.50,88.00,1.40
Mawab,2024-01-10,26.50,23.00,32.10,83.00,1.30
Mawab,2024-01-11,26.40,21.50,32.00,77.00,0.20
Mawab,2024-01-12,26.30,23.40,31.10,80.00,0.40
Mawab,2024-01-13,25.80,21.70,31.00,81.00,0.10
Mawab,2024-01-14,25.90,23.00,30.50,80.00,2.20
Mawab,2024-01-15,25.20,23.20,30.00,89.00,46.50
Mawab,2024-01-16,24.70,23.40,27.20,88.00,76.40
Mawab,2024-01-17,24.70,22.90,27.80,90.00,9.30
Mawab,2024-01-18,24.30,22.70,26.70,95.00,13.90
Mawab,2024-01-19,25.20,21.60,30.30,86.00,1.00
Mawab,2024-01-20,25.60,21.60,30.40,81.00,0.70
Mawab,2024-01-21,25.90,21.10,31.30,78.00,0.70
Mawab,2024-01-22,26.20,22.90,30.50,79.00,0.10
Mawab,2024-01-23,25.70,21.40,30.10,80.00,0.30
Mawab,2024-01-24,24.90,19.90,30.50,81.00,3.00
Mawab,2024-01-25,25.10,21.90,30.10,80.00,1.30
Mawab,2024-01-26,24.70,21.80,29.00,84.00,16.60
Mawab,2024-01-27,24.50,21.20,28.40,77.00,1.10
Mawab,2024-01-28,24.20,22.20,26.60,83.00,1.90
Mawab,2024-01-29,23.80,22.80,25.70,94.00,20.90
Mawab,2024-01-30,24.50,22.60,27.80,92.00,60.00
Mawab,2024-01-31,23.70,22.90,24.90,96.00,36.00
Mawab,2024-02-01,24.30,22.90,26.30,94.00,33.10
Mawab,2024-02-02,25.60,22.90,30.10,88.00,0.70
Mawab,2024-02-03,25.30,21.20,29.50,85.00,0.40
Mawab,2024-02-04,25.10,22.20,27.80,90.00,11.20
Mawab,2024-02-05,25.40,20.70,30.50,81.00,0.70
Mawab,2024-02-06,24.70,21.00,27.20,82.00,2.90
Mawab,2024-02-07,24.30,21.70,27.40,89.00,22.90
Mawab,2024-02-08,24.70,22.60,26.40,91.00,2.50
Mawab,2024-02-09,25.40,21.40,29.00,82.00,0.30
Mawab,2024-02-10,25.20,20.10,30.20,77.00,0.20
Mawab,2024-02-11,24.30,23.00,26.80,86.00,9.60
Mawab,2024-02-12,25.30,22.20,29.90,79.00,1.20
Mawab,2024-02-13,25.70,21.30,30.40,77.00,1.10
Mawab,2024-02-14,25.80,21.90,30.80,76.00,0.80
Mawab,2024-02-15,25.10,19.20,32.20,76.00,0.20
Mawab,2024-02-16,25.70,22.00,29.60,82.00,1.10
Mawab,2024-02-17,25.70,20.60,31.00,81.00,0.60
Mawab,2024-02-18,26.20,22.30,31.00,81.00,0.40
Mawab,2024-02-19,25.20,20.00,31.00,81.00,0.20
Mawab,2024-02-20,25.30,20.90,32.20,77.00,0.00
Mawab,2024-02-21,24.70,19.40,31.10,84.00,1.80
Mawab,2024-02-22,25.50,23.20,29.50,90.00,4.20
Mawab,2024-02-23,25.30,23.40,28.60,90.00,6.70
Mawab,2024-02-24,25.80,21.70,31.00,83.00,0.20
Mawab,2024-02-25,25.20,19.50,31.60,78.00,0.30
Mawab,2024-02-26,25.50,21.20,29.60,81.00,2.20
Mawab,2024-02-27,25.20,23.00,29.20,83.00,6.50
Mawab,2024-02-28,24.10,22.30,27.00,89.00,4.70
Mawab,2024-02-29,25.30,22.80,28.90,89.00,3.50
Mawab,2024-03-01,26.20,23.30,31.00,82.00,1.20
Mawab,2024-03-02,25.50,21.00,30.60,79.00,0.10
Mawab,2024-03-03,24.90,20.20,30.90,75.00,0.00
Mawab,2024-03-04,24.90,20.00,30.90,76.00,0.00
Mawab,2024-03-05,25.90,20.90,31.20,79.00,0.30
Mawab,2024-03-06,26.70,22.00,32.30,79.00,0.40
Mawab,2024-03-07,25.70,20.40,31.50,76.00,0.00
Mawab,2024-03-08,24.60,18.40,31.00,79.00,0.30
Mawab,2024-03-09,25.50,20.50,31.50,77.00,0.00
Mawab,2024-03-10,25.00,19.80,31.40,75.00,0.10
Mawab,2024-03-11,24.80,19.40,31.50,70.00,0.00
Mawab,2024-03-12,25.90,23.30,31.00,82.00,3.80
Mawab,2024-03-13,25.90,22.10,30.50,81.00,0.80
Mawab,2024-03-14,25.50,20.90,31.10,78.00,0.30
Mawab,2024-03-15,25.70,21.50,31.50,76.00,0.00
Mawab,2024-03-16,25.40,19.50,31.80,72.00,0.10
Mawab,2024-03-17,25.80,20.90,32.20,75.00,0.00
Mawab,2024-03-18,25.30,19.50,31.70,72.00,0.00
Mawab,2024-03-19,25.70,20.00,31.80,72.00,1.30
Mawab,2024-03-20,26.60,21.80,32.30,73.00,0.70
Mawab,2024-03-21,26.20,22.70,31.00,79.00,2.50
Mawab,2024-03-22,26.50,22.60,32.00,74.00,1.70
Mawab,2024-03-23,26.20,20.90,32.50,73.00,0.00
Mawab,2024-03-24,26.30,21.80,32.20,77.00,0.10
Mawab,2024-03-25,27.10,21.80,33.50,77.00,0.90
Mawab,2024-03-26,27.70,23.50,33.20,80.00,0.80
Mawab,2024-03-27,27.40,22.40,33.00,78.00,0.80
Mawab,2024-03-28,27.30,22.60,32.50,78.00,0.60
Mawab,2024-03-29,26.50,23.00,30.40,82.00,3.30
Mawab,2024-03-30,27.00,21.10,33.70,74.00,0.30
Mawab,2024-03-31,27.40,23.10,33.20,74.00,0.20
Mawab,2024-04-01,26.50,20.90,34.00,69.00,0.00
Mawab,2024-04-02,26.50,21.30,33.10,72.00,0.10
Mawab,2024-04-03,27.10,20.20,34.20,72.00,0.00
Mawab,2024-04-04,27.40,22.50,33.30,73.00,0.00
Mawab,2024-04-05,28.20,23.80,33.00,70.00,0.00
Mawab,2024-04-06,27.50,24.90,31.10,74.00,2.30
Mawab,2024-04-07,27.20,22.20,32.80,74.00,0.00
Mawab,2024-04-08,25.30,19.20,31.70,79.00,0.70
Mawab,2024-04-09,26.90,20.60,34.40,73.00,0.00
Mawab,2024-04-10,27.30,23.00,33.50,74.00,0.80
Mawab,2024-04-11,27.10,20.20,34.50,69.00,0.00
Mawab,2024-04-12,27.30,21.50,35.00,72.00,0.00
Mawab,2024-04-13,27.50,21.10,34.20,68.00,0.20
Mawab,2024-04-14,27.70,21.20,35.00,70.00,0.00
Mawab,2024-04-15,28.30,22.70,35.50,70.00,0.00
Mawab,2024-04-16,28.60,22.60,34.80,69.00,0.10
Mawab,2024-04-17,28.60,23.80,35.50,69.00,0.00
Mawab,2024-04-18,28.60,22.20,36.50,64.00,0.00
Mawab,2024-04-19,28.20,22.40,35.00,68.00,0.30
Mawab,2024-04-20,27.40,20.40,34.80,63.00,0.00
Mawab,2024-04-21,27.10,25.50,30.40,81.00,5.60
Mawab,2024-04-22,28.80,23.60,35.60,75.00,0.70
Mawab,2024-04-23,28.50,24.80,34.30,74.00,0.60
Mawab,2024-04-24,29.00,24.80,35.20,72.00,0.50
Mawab,2024-04-25,29.30,22.30,36.50,68.00,0.00
Mawab,2024-04-26,28.60,24.30,34.20,75.00,3.60
Mawab,2024-04-27,27.40,25.00,32.30,82.00,12.70
Mawab,2024-04-28,28.20,23.60,35.20,74.00,0.10
Mawab,2024-04-29,27.90,24.00,33.20,75.00,1.90
Mawab,2024-04-30,26.00,24.10,31.20,88.00,18.40
Mawab,2024-05-01,27.30,23.50,33.50,82.00,2.00
Mawab,2024-05-02,27.80,22.50,34.50,74.00,0.00
Mawab,2024-05-03,27.10,20.40,34.30,70.00,0.00
Mawab,2024-05-04,27.30,24.00,31.50,78.00,1.20
Mawab,2024-05-05,28.20,22.30,34.90,72.00,0.00
Mawab,2024-05-06,28.30,24.20,33.50,73.00,0.40
Mawab,2024-05-07,27.70,21.20,33.90,69.00,0.90
Mawab,2024-05-08,27.80,22.00,34.20,73.00,0.70
Mawab,2024-05-09,27.20,22.40,34.30,78.00,6.40
Mawab,2024-05-10,27.60,22.80,33.20,78.00,1.10
Mawab,2024-05-11,28.10,23.00,35.00,75.00,1.10
Mawab,2024-05-12,27.10,24.80,31.10,83.00,7.50
Mawab,2024-05-13,28.50,24.60,35.00,77.00,0.70
Mawab,2024-05-14,28.70,23.00,35.50,74.00,0.10
Mawab,2024-05-15,28.60,23.90,35.10,74.00,0.80
Mawab,2024-05-16,28.60,24.00,35.40,73.00,0.80
Mawab,2024-05-17,29.10,22.50,36.50,67.00,0.00
Mawab,2024-05-18,30.00,23.50,36.70,61.00,0.00
Mawab,2024-05-19,29.30,23.80,35.40,69.00,0.30
Mawab,2024-05-20,28.80,24.10,34.20,74.00,2.20
Mawab,2024-05-21,27.50,24.70,32.00,81.00,11.90
Mawab,2024-05-22,28.50,23.60,34.90,74.00,0.10
Mawab,2024-05-23,28.30,22.60,36.20,77.00,9.40
Mawab,2024-05-24,27.90,25.50,32.50,79.00,5.70
Mawab,2024-05-25,29.10,24.20,34.20,75.00,7.00
Mawab,2024-05-26,27.00,25.30,32.40,87.00,14.20
Mawab,2024-05-27,27.40,24.30,32.20,82.00,1.50
Mawab,2024-05-28,27.70,25.40,32.10,82.00,3.30
Mawab,2024-05-29,27.50,23.00,33.30,80.00,1.00
Mawab,2024-05-30,27.40,23.90,31.20,82.00,11.60
Mawab,2024-05-31,27.50,23.10,33.00,82.00,5.40
Mawab,2024-06-01,27.80,24.70,33.00,83.00,3.40
Mawab,2024-06-02,27.10,23.80,31.90,84.00,4.20
Mawab,2024-06-03,27.80,24.40,33.20,81.00,9.70
Mawab,2024-06-04,27.30,23.20,31.90,82.00,6.40
Mawab,2024-06-05,27.90,24.50,33.50,78.00,1.40
Mawab,2024-06-06,27.00,23.50,32.00,84.00,11.60
Mawab,2024-06-07,26.40,23.90,30.80,86.00,19.30
Mawab,2024-06-08,26.50,23.50,31.50,85.00,17.80
Mawab,2024-06-09,26.90,22.60,31.80,83.00,6.20
Mawab,2024-06-10,26.30,24.20,29.20,85.00,3.60
Mawab,2024-06-11,27.00,23.60,32.40,82.00,7.20
Mawab,2024-06-12,26.90,24.00,32.10,81.00,1.60
Mawab,2024-06-13,25.80,23.80,27.40,89.00,9.40
Mawab,2024-06-14,27.20,24.20,32.00,80.00,7.70
Mawab,2024-06-15,26.40,22.20,32.30,82.00,1.90
Mawab,2024-06-16,26.10,23.40,31.50,87.00,10.30
Mawab,2024-06-17,26.40,23.20,30.80,86.00,31.00
Mawab,2024-06-18,26.80,22.80,31.50,81.00,8.10
Mawab,2024-06-19,25.50,23.60,28.50,89.00,4.30
Mawab,2024-06-20,25.50,23.50,26.90,91.00,12.50
Mawab,2024-06-21,26.70,23.40,30.80,85.00,4.70
Mawab,2024-06-22,25.90,23.00,29.10,86.00,4.40
Mawab,2024-06-23,26.30,22.90,30.80,82.00,5.70
Mawab,2024-06-24,25.80,22.60,29.50,86.00,7.70
Mawab,2024-06-25,26.30,23.60,30.90,86.00,9.10
Mawab,2024-06-26,24.80,23.50,26.50,92.00,15.80
Mawab,2024-06-27,25.90,22.70,30.90,87.00,11.70
Mawab,2024-06-28,26.60,21.90,30.90,84.00,0.70
Mawab,2024-06-29,27.10,23.50,31.80,83.00,0.10
Mawab,2024-06-30,25.90,23.10,29.60,87.00,27.20
Mawab,2024-07-01,25.80,23.80,30.00,89.00,16.80
Mawab,2024-07-02,25.50,23.40,29.10,88.00,8.40
Mawab,2024-07-03,26.30,22.90,30.50,83.00,5.30
Mawab,2024-07-04,25.20,22.00,29.50,86.00,3.70
Mawab,2024-07-05,25.50,21.30,29.50,85.00,4.90
Mawab,2024-07-06,26.00,22.00,30.50,85.00,14.90
Mawab,2024-07-07,26.10,21.50,30.50,83.00,7.20
Mawab,2024-07-08,25.70,23.10,28.50,86.00,3.10
Mawab,2024-07-09,25.80,22.00,30.90,83.00,9.30
Mawab,2024-07-10,26.20,22.20,31.00,83.00,3.80
Mawab,2024-07-11,25.60,23.00,29.80,88.00,14.50
Mawab,2024-07-12,25.20,23.40,27.90,89.00,17.10
Mawab,2024-07-13,26.00,22.90,30.90,86.00,4.80
Mawab,2024-07-14,25.20,22.60,27.60,88.00,13.00
Mawab,2024-07-15,25.10,23.50,28.00,91.00,22.20
Mawab,2024-07-16,25.30,23.50,29.30,89.00,41.70
Mawab,2024-07-17,26.10,22.60,29.60,86.00,0.10
Mawab,2024-07-18,26.20,23.60,29.00,86.00,1.60
Mawab,2024-07-19,26.20,22.90,29.90,86.00,5.00
Mawab,2024-07-20,27.40,24.00,31.40,78.00,0.30
Mawab,2024-07-21,27.50,22.80,32.30,79.00,0.20
Mawab,2024-07-22,27.30,24.40,30.20,79.00,0.30
Mawab,2024-07-23,28.00,24.60,32.00,75.00,0.00
Mawab,2024-07-24,28.30,24.40,32.70,73.00,0.00
Mawab,2024-07-25,27.80,23.80,32.00,78.00,0.00
Mawab,2024-07-26,27.50,24.50,32.10,83.00,11.30
Mawab,2024-07-27,25.80,23.80,28.90,85.00,7.60
Mawab,2024-07-28,26.20,22.10,31.00,84.00,10.50
Mawab,2024-07-29,25.70,23.00,30.50,89.00,21.10
Mawab,2024-07-30,26.20,23.00,30.50,86.00,6.00
Mawab,2024-07-31,26.40,22.50,29.50,83.00,12.10
Mawab,2024-08-01,25.90,21.90,30.10,86.00,16.30
Mawab,2024-08-02,26.50,21.60,31.80,84.00,1.30
Mawab,2024-08-03,27.00,22.00,32.30,79.00,0.10
Mawab,2024-08-04,27.10,22.60,32.40,76.00,0.20
Mawab,2024-08-05,27.30,23.50,32.00,76.00,0.00
Mawab,2024-08-06,26.90,22.50,31.60,81.00,8.60
Mawab,2024-08-07,27.00,22.40,30.80,82.00,0.60
Mawab,2024-08-08,26.30,23.10,31.00,85.00,4.70
Mawab,2024-08-09,25.70,23.00,30.40,89.00,13.00
Mawab,2024-08-10,27.30,22.50,32.50,78.00,0.10
Mawab,2024-08-11,27.00,23.60,31.20,82.00,2.30
Mawab,2024-08-12,26.50,22.40,31.50,85.00,11.50
Mawab,2024-08-13,26.00,22.00,30.70,86.00,8.20
Mawab,2024-08-14,26.60,22.60,31.50,84.00,2.90
Mawab,2024-08-15,26.90,22.40,31.40,83.00,2.00
Mawab,2024-08-16,26.20,23.00,30.10,85.00,4.40
Mawab,2024-08-17,26.30,23.50,30.00,83.00,2.70
Mawab,2024-08-18,26.20,21.90,31.90,83.00,6.20
Mawab,2024-08-19,26.70,23.40,30.90,82.00,2.60
Mawab,2024-08-20,26.20,23.50,29.20,84.00,6.90
Mawab,2024-08-21,26.40,22.60,30.10,85.00,4.20
Mawab,2024-08-22,26.20,23.60,30.20,86.00,5.80
Mawab,2024-08-23,26.80,23.10,31.00,84.00,12.90
Mawab,2024-08-24,25.50,22.20,28.00,90.00,2.80
Mawab,2024-08-25,26.70,22.10,32.20,83.00,8.20
Mawab,2024-08-26,27.40,22.70,32.00,83.00,0.50
Mawab,2024-08-27,27.10,24.00,32.20,80.00,4.40
Mawab,2024-08-28,27.20,22.00,32.50,80.00,0.10
Mawab,2024-08-29,25.50,23.50,27.00,91.00,10.10
Mawab,2024-08-30,26.50,22.90,31.20,86.00,5.90
Mawab,2024-08-31,25.60,24.10,27.10,88.00,5.80
Mawab,2024-09-01,27.00,23.60,31.20,80.00,0.20
Mawab,2024-09-02,27.70,22.40,32.80,73.00,0.00
Mawab,2024-09-03,27.70,22.80,33.10,77.00,0.00
Mawab,2024-09-04,27.70,22.90,33.30,78.00,0.30
Mawab,2024-09-05,27.00,21.80,33.60,80.00,6.70
Mawab,2024-09-06,26.80,23.80,31.00,87.00,14.60
Mawab,2024-09-07,27.60,24.60,31.70,80.00,3.80
Mawab,2024-09-08,26.80,22.50,32.20,82.00,5.10
Mawab,2024-09-09,26.90,22.70,32.80,83.00,8.40
Mawab,2024-09-10,26.40,22.20,31.20,86.00,7.50
Mawab,2024-09-11,26.90,22.40,31.60,83.00,3.20
Mawab,2024-09-12,26.90,24.50,29.10,77.00,3.50
Mawab,2024-09-13,27.00,23.20,31.00,76.00,0.40
Mawab,2024-09-14,28.10,25.00,31.90,68.00,0.00
Mawab,2024-09-15,27.40,24.00,31.20,72.00,0.30
Mawab,2024-09-16,27.70,23.60,32.20,73.00,0.00
Mawab,2024-09-17,28.20,24.40,32.50,72.00,0.00
Mawab,2024-09-18,28.30,23.80,33.30,69.00,0.00
Mawab,2024-09-19,27.30,23.80,31.80,80.00,1.00
Mawab,2024-09-20,26.90,24.20,32.10,87.00,2.00
Mawab,2024-09-21,26.60,23.50,30.80,83.00,14.40
Mawab,2024-09-22,25.90,22.90,29.50,84.00,1.40
Mawab,2024-09-23,25.90,22.10,29.20,84.00,1.60
Mawab,2024-09-24,25.10,22.10,28.80,88.00,17.10
Mawab,2024-09-25,26.10,22.30,30.50,85.00,1.90
Mawab,2024-09-26,26.40,22.40,31.80,85.00,8.40
Mawab,2024-09-27,26.30,21.70,32.70,82.00,10.00
Mawab,2024-09-28,27.30,21.50,32.50,76.00,0.10
Mawab,2024-09-29,27.40,22.50,32.70,77.00,1.20
Mawab,2024-09-30,26.00,22.50,30.50,84.00,6.50
Mawab,2024-10-01,25.90,23.50,30.00,83.00,9.50
Mawab,2024-10-02,26.50,23.00,31.60,84.00,0.90
Mawab,2024-10-03,25.60,22.50,28.60,88.00,3.50
Mawab,2024-10-04,27.40,23.90,32.30,80.00,0.60
Mawab,2024-10-05,27.20,22.20,32.70,80.00,0.10
Mawab,2024-10-06,27.60,23.00,32.90,77.00,0.00
Mawab,2024-10-07,27.60,22.60,32.70,75.00,1.20
Mawab,2024-10-08,27.20,22.60,32.40,78.00,1.40
Mawab,2024-10-09,27.10,22.10,32.20,80.00,6.70
Mawab,2024-10-10,26.90,22.50,32.10,80.00,2.20
Mawab,2024-10-11,26.70,22.50,32.60,80.00,7.90
Mawab,2024-10-12,26.10,22.90,30.40,84.00,28.60
Mawab,2024-10-13,27.10,22.00,30.70,79.00,0.00
Mawab,2024-10-14,26.40,23.20,30.50,82.00,5.50
Mawab,2024-10-15,25.90,22.50,31.20,86.00,3.10
Mawab,2024-10-16,26.30,23.00,31.00,83.00,2.50
Mawab,2024-10-17,26.60,22.00,30.80,82.00,0.40
Mawab,2024-10-18,26.80,22.50,31.50,83.00,1.60
Mawab,2024-10-19,26.90,22.50,32.50,83.00,2.20
Mawab,2024-10-20,26.80,22.90,32.80,83.00,8.00
Mawab,2024-10-21,27.70,24.80,31.50,72.00,1.20
Mawab,2024-10-22,27.70,24.20,30.80,71.00,0.00
Mawab,2024-10-23,28.40,23.80,32.30,68.00,0.40
Mawab,2024-10-24,28.40,22.90,33.40,69.00,0.00
Mawab,2024-10-25,28.10,23.00,33.80,71.00,1.10
Mawab,2024-10-26,27.30,24.70,30.90,78.00,1.10
Mawab,2024-10-27,27.90,24.30,31.40,65.00,0.00
Mawab,2024-10-28,28.30,23.60,33.00,68.00,2.00
Mawab,2024-10-29,28.20,24.20,33.20,66.00,0.20
Mawab,2024-10-30,27.40,22.20,34.50,73.00,3.50
Mawab,2024-10-31,27.10,23.90,34.00,78.00,8.50
Mawab,2024-11-01,26.60,21.70,32.30,77.00,0.50
Mawab,2024-11-02,26.20,22.50,31.00,83.00,4.40
Mawab,2024-11-03,25.60,21.50,31.50,84.00,4.60
Mawab,2024-11-04,25.80,23.10,31.00,84.00,13.50
Mawab,2024-11-05,25.70,22.20,29.40,85.00,0.80
Mawab,2024-11-06,26.40,22.00,32.70,79.00,1.10
Mawab,2024-11-07,26.20,22.50,30.80,81.00,7.30
Mawab,2024-11-08,27.00,22.10,32.60,77.00,0.20
Mawab,2024-11-09,27.00,21.50,32.50,77.00,1.50
Mawab,2024-11-10,27.30,23.30,32.80,79.00,0.50
Mawab,2024-11-11,27.20,23.60,32.50,80.00,11.40
Mawab,2024-11-12,26.70,22.50,32.90,82.00,1.00
Mawab,2024-11-13,27.60,22.20,34.20,75.00,0.40
Mawab,2024-11-14,28.50,22.10,35.70,70.00,0.10
Mawab,2024-11-15,27.50,22.80,34.80,76.00,1.60
Mawab,2024-11-16,27.50,23.20,34.40,76.00,0.30
Mawab,2024-11-17,27.30,22.50,34.20,76.00,3.40
Mawab,2024-11-18,26.80,23.00,32.50,81.00,2.10
Mawab,2024-11-19,26.80,23.50,32.70,80.00,0.50
Mawab,2024-11-20,27.70,23.50,33.70,73.00,0.10
Mawab,2024-11-21,28.10,22.30,35.10,69.00,0.10
Mawab,2024-11-22,26.70,23.70,32.90,83.00,9.30
Mawab,2024-11-23,25.80,23.00,30.60,88.00,2.40
Mawab,2024-11-24,25.90,23.00,30.20,88.00,13.50
Mawab,2024-11-25,26.10,23.20,30.30,86.00,2.20
Mawab,2024-11-26,26.80,22.60,32.80,80.00,5.20
Mawab,2024-11-27,26.00,23.50,30.40,89.00,3.50
Mawab,2024-11-28,25.30,23.30,28.10,94.00,8.10
Mawab,2024-11-29,25.20,23.90,28.00,94.00,34.00
Mawab,2024-11-30,25.30,23.40,29.10,91.00,26.70
Mawab,2024-12-01,25.30,23.90,28.00,93.00,7.80
Mawab,2024-12-02,25.90,23.40,30.10,89.00,5.70
Mawab,2024-12-03,26.20,22.90,29.60,88.00,0.40
Mawab,2024-12-04,26.00,22.10,31.60,82.00,0.10
Mawab,2024-12-05,26.30,21.50,31.70,78.00,0.10
Mawab,2024-12-06,26.80,23.30,31.40,79.00,0.20
Mawab,2024-12-07,25.40,23.40,28.70,91.00,7.60
Mawab,2024-12-08,24.60,23.40,26.40,95.00,14.10
Mawab,2024-12-09,25.40,24.00,28.60,92.00,18.70
Mawab,2024-12-10,25.20,23.90,27.10,95.00,13.10
Mawab,2024-12-11,25.30,23.20,29.20,92.00,18.40
Mawab,2024-12-12,24.90,23.60,26.90,97.00,7.20
Mawab,2024-12-13,25.10,21.50,29.50,89.00,1.30
Mawab,2024-12-14,25.20,21.70,30.10,84.00,4.90
Mawab,2024-12-15,24.90,22.00,28.60,87.00,1.50
Mawab,2024-12-16,24.10,22.40,26.30,95.00,25.10
Mawab,2024-12-17,23.70,22.80,25.20,98.00,18.40
Mawab,2024-12-18,25.00,22.70,27.70,91.00,7.70
Mawab,2024-12-19,25.30,23.20,28.90,91.00,7.10
Mawab,2024-12-20,25.30,23.60,28.80,93.00,12.30
Mawab,2024-12-21,25.60,23.60,28.20,91.00,2.10
Mawab,2024-12-22,25.60,23.40,29.80,92.00,6.00
Mawab,2024-12-23,25.90,23.10,30.50,86.00,2.00
Mawab,2024-12-24,25.50,24.00,27.60,91.00,7.10
Mawab,2024-12-25,24.90,23.60,27.10,95.00,39.50
Mawab,2024-12-26,24.70,23.30,26.60,96.00,24.10
Mawab,2024-12-27,24.40,23.00,25.90,95.00,16.30
Mawab,2024-12-28,25.30,23.20,28.60,90.00,3.60
Mawab,2024-12-29,25.60,23.50,29.40,88.00,17.10
Mawab,2024-12-30,25.30,23.30,28.30,92.00,12.90
Mawab,2024-12-31,25.10,23.40,27.60,93.00,9.60
Mawab,2025-01-01,25.20,23.10,27.20,89.00,2.50
Mawab,2025-01-02,25.20,23.20,29.70,91.00,6.90
Mawab,2025-01-03,25.50,22.50,28.90,87.00,1.10
Mawab,2025-01-04,25.00,22.80,28.40,91.00,4.90
Mawab,2025-01-05,24.60,22.20,28.00,93.00,13.00
Mawab,2025-01-06,25.50,22.50,29.60,87.00,1.70
Mawab,2025-01-07,25.40,23.00,29.50,89.00,3.00
Mawab,2025-01-08,25.30,23.00,29.20,89.00,1.00
Mawab,2025-01-09,24.70,22.90,27.20,93.00,13.80
Mawab,2025-01-10,24.50,22.20,27.80,92.00,13.00
Mawab,2025-01-11,24.90,22.00,28.20,89.00,0.40
Mawab,2025-01-12,24.70,22.60,27.50,91.00,8.40
Mawab,2025-01-13,25.40,22.60,29.90,88.00,1.50
Mawab,2025-01-14,25.30,22.10,30.00,87.00,1.90
Mawab,2025-01-15,24.40,22.40,26.80,94.00,4.10
Mawab,2025-01-16,25.50,22.50,29.80,88.00,0.90
Mawab,2025-01-17,25.80,22.20,30.90,82.00,0.10
Mawab,2025-01-18,25.00,20.50,30.90,79.00,0.10
Mawab,2025-01-19,25.20,22.50,28.00,86.00,3.30
Mawab,2025-01-20,24.90,22.80,27.80,92.00,1.90
Mawab,2025-01-21,25.10,22.10,29.30,89.00,8.60
Mawab,2025-01-22,25.70,22.40,30.40,88.00,0.90
Mawab,2025-01-23,24.90,22.50,28.90,91.00,20.20
Mawab,2025-01-24,25.40,22.40,29.40,91.00,3.10
Mawab,2025-01-25,25.30,23.80,28.50,92.00,15.40
Mawab,2025-01-26,25.00,22.50,28.20,91.00,6.60
Mawab,2025-01-27,24.60,22.10,28.20,93.00,23.60
Mawab,2025-01-28,25.30,22.00,30.00,84.00,0.70
Mawab,2025-01-29,24.00,22.90,25.90,93.00,17.30
Mawab,2025-01-30,25.20,22.40,30.00,88.00,1.20
Mawab,2025-01-31,25.70,22.40,30.60,82.00,0.40
Mawab,2025-02-01,24.80,21.00,29.60,89.00,15.40
Mawab,2025-02-02,24.70,22.90,27.00,94.00,5.80
Mawab,2025-02-03,25.20,22.00,29.50,85.00,0.20
Mawab,2025-02-04,24.90,23.00,28.80,88.00,3.90
Mawab,2025-02-05,24.20,23.10,25.60,93.00,18.30
Mawab,2025-02-06,24.20,22.80,26.80,93.00,12.20
Mawab,2025-02-07,24.60,22.90,27.00,92.00,4.70
Mawab,2025-02-08,25.10,22.50,28.20,91.00,2.80
Mawab,2025-02-09,25.00,22.40,29.30,90.00,13.80
Mawab,2025-02-10,24.40,22.80,26.80,95.00,12.10
Mawab,2025-02-11,25.40,22.10,29.40,85.00,0.30
Mawab,2025-02-12,24.20,23.00,25.40,93.00,14.10
Mawab,2025-02-13,24.50,22.60,27.20,92.00,17.50
Mawab,2025-02-14,24.80,22.70,27.50,88.00,9.60
Mawab,2025-02-15,25.30,22.90,29.40,90.00,4.40
Mawab,2025-02-16,24.30,20.60,28.10,91.00,6.50
Mawab,2025-02-17,24.40,21.40,28.10,90.00,28.20
Mawab,2025-02-18,24.90,22.00,29.90,89.00,5.20
Mawab,2025-02-19,24.50,21.80,28.50,91.00,16.50
Mawab,2025-02-20,24.90,22.20,30.40,91.00,4.80
Mawab,2025-02-21,23.80,22.00,26.10,94.00,15.10
Mawab,2025-02-22,24.90,22.00,30.40,87.00,0.40
Mawab,2025-02-23,24.80,19.90,30.20,80.00,0.30
Mawab,2025-02-24,24.80,21.50,28.90,86.00,2.90
Mawab,2025-02-25,24.00,22.20,26.70,93.00,6.80
Mawab,2025-02-26,24.80,21.50,29.30,89.00,2.80
Mawab,2025-02-27,24.20,21.90,27.10,92.00,7.20
Mawab,2025-02-28,24.20,22.50,26.30,95.00,12.60
Mawab,2025-03-01,25.10,21.80,29.50,91.00,10.90
Mawab,2025-03-02,25.80,22.40,31.00,85.00,0.50
Mawab,2025-03-03,25.10,23.10,28.40,91.00,10.70
Mawab,2025-03-04,24.90,23.20,28.00,95.00,36.00
Mawab,2025-03-05,24.70,23.00,27.20,92.00,15.40
Mawab,2025-03-06,24.70,22.20,27.60,93.00,6.10
Mawab,2025-03-07,25.50,22.40,29.60,91.00,7.10
Mawab,2025-03-08,26.00,22.20,31.80,82.00,0.50
Mawab,2025-03-09,25.60,22.50,29.50,84.00,1.00
Mawab,2025-03-10,25.30,22.50,29.30,90.00,2.30
Mawab,2025-03-11,25.80,22.20,31.40,83.00,1.50
Mawab,2025-03-12,25.60,20.90,31.70,80.00,0.10
Mawab,2025-03-13,25.50,20.60,31.10,80.00,0.10
Mawab,2025-03-14,26.00,22.10,31.10,82.00,0.20
Mawab,2025-03-15,26.30,23.20,30.90,87.00,3.40
Mawab,2025-03-16,25.20,23.60,28.90,93.00,11.30
Mawab,2025-03-17,25.10,22.50,28.00,93.00,45.90
Mawab,2025-03-18,25.70,22.40,30.20,88.00,1.60
Mawab,2025-03-19,25.60,23.20,29.90,91.00,16.30
Mawab,2025-03-20,26.40,23.30,32.00,84.00,0.40
Mawab,2025-03-21,25.10,22.80,27.60,91.00,4.60
Mawab,2025-03-22,26.30,23.20,31.30,84.00,3.10
Mawab,2025-03-23,25.20,23.30,27.70,89.00,5.40
Mawab,2025-03-24,25.40,22.40,29.20,87.00,1.50
Mawab,2025-03-25,25.20,21.20,29.70,86.00,1.50
Mawab,2025-03-26,25.40,23.00,29.60,90.00,7.40
Mawab,2025-03-27,25.80,23.00,30.50,89.00,4.40
Mawab,2025-03-28,25.70,23.30,30.00,87.00,12.30
Mawab,2025-03-29,25.30,23.40,28.40,90.00,11.70
Mawab,2025-03-30,25.20,23.20,28.90,91.00,19.70
Mawab,2025-03-31,25.70,22.60,31.00,88.00,7.10
Mawab,2025-04-01,25.80,21.00,31.70,81.00,0.00
Mawab,2025-04-02,26.20,21.40,31.00,83.00,0.20
Mawab,2025-04-03,25.90,21.10,30.40,85.00,0.40
Mawab,2025-04-04,25.90,22.70,30.40,84.00,4.80
Mawab,2025-04-05,24.50,21.50,27.90,90.00,1.10
Mawab,2025-04-06,24.90,23.00,27.80,93.00,16.40
Mawab,2025-04-07,24.90,22.40,28.50,92.00,15.30
Mawab,2025-04-08,25.60,22.60,31.00,90.00,1.80
Mawab,2025-04-09,26.10,22.00,31.90,81.00,0.40
Mawab,2025-04-10,25.50,21.50,29.90,84.00,7.40
Mawab,2025-04-11,25.50,23.00,29.50,91.00,11.30
Mawab,2025-04-12,25.70,24.00,29.20,90.00,7.40
Mawab,2025-04-13,25.70,22.80,30.10,90.00,6.10
Mawab,2025-04-14,25.20,22.60,29.90,92.00,6.50
Mawab,2025-04-15,25.30,22.20,29.30,91.00,17.30
Mawab,2025-04-16,26.40,22.60,32.10,80.00,0.60
Mawab,2025-04-17,25.50,19.80,31.90,84.00,3.10
Mawab,2025-04-18,26.80,23.10,32.20,80.00,0.00
Mawab,2025-04-19,25.80,22.20,30.70,84.00,1.60
Mawab,2025-04-20,26.20,22.50,31.30,86.00,0.60
Mawab,2025-04-21,26.10,23.40,30.00,87.00,4.00
Mawab,2025-04-22,26.90,23.10,31.90,78.00,0.30
Mawab,2025-04-23,26.80,22.30,32.00,76.00,0.40
Mawab,2025-04-24,27.10,23.30,32.20,77.00,0.40
Mawab,2025-04-25,26.60,22.80,31.00,82.00,0.70
Mawab,2025-04-26,25.20,23.20,27.60,91.00,7.60
Mawab,2025-04-27,25.30,23.40,29.10,91.00,40.30
Mawab,2025-04-28,25.50,22.00,30.10,86.00,12.10
Mawab,2025-04-29,25.30,23.50,28.20,91.00,9.90
Mawab,2025-04-30,25.10,23.20,29.20,93.00,42.70
Mawab,2025-05-01,25.90,23.00,29.50,88.00,6.70
Mawab,2025-05-02,25.20,23.70,28.00,92.00,22.30
Mawab,2025-05-03,25.40,22.50,30.60,92.00,22.70
Mawab,2025-05-04,25.70,22.60,30.50,91.00,24.50
Mawab,2025-05-05,25.90,22.80,29.60,89.00,15.70
Mawab,2025-05-06,25.40,23.40,28.00,94.00,18.00
Mawab,2025-05-07,25.60,23.60,29.10,90.00,6.50
Mawab,2025-05-08,25.70,22.90,29.40,85.00,1.30
Mawab,2025-05-09,25.80,23.50,29.50,90.00,9.10
Mawab,2025-05-10,25.80,22.50,30.80,90.00,2.60
Mawab,2025-05-11,26.10,22.90,30.30,86.00,2.80
Mawab,2025-05-12,25.80,20.50,30.90,85.00,2.20
Mawab,2025-05-13,25.60,22.90,29.60,88.00,11.10
Mawab,2025-05-14,25.40,23.10,29.60,92.00,16.20
Mawab,2025-05-15,25.30,23.00,28.20,92.00,8.10
Mawab,2025-05-16,25.70,23.00,30.00,90.00,11.50
Mawab,2025-05-17,25.10,23.20,28.40,95.00,34.10
Mawab,2025-05-18,24.80,23.50,26.90,92.00,20.70
Mawab,2025-05-19,25.40,22.70,30.00,90.00,14.70
Mawab,2025-05-20,25.00,22.90,28.00,93.00,20.20
Mawab,2025-05-21,24.70,23.30,27.50,96.00,12.60
Mawab,2025-05-22,24.90,23.00,29.40,94.00,16.50
Mawab,2025-05-23,24.80,23.10,27.40,94.00,9.40
Mawab,2025-05-24,25.00,22.70,28.10,92.00,3.00
Mawab,2025-05-25,25.50,23.10,29.10,89.00,1.10
Mawab,2025-05-26,26.10,22.90,30.40,89.00,10.90
Mawab,2025-05-27,25.80,23.60,28.80,90.00,1.70
Mawab,2025-05-28,25.40,24.00,27.60,87.00,2.40
Mawab,2025-05-29,25.80,23.20,29.80,87.00,3.70
Mawab,2025-05-30,26.60,22.90,30.80,85.00,0.50
Mawab,2025-05-31,25.90,23.00,30.00,88.00,28.50
Mawab,2025-06-01,25.80,23.00,29.10,86.00,0.70
Mawab,2025-06-02,25.90,23.40,30.00,87.00,9.00
Mawab,2025-06-03,26.00,23.30,29.50,88.00,3.90
Mawab,2025-06-04,26.30,23.40,30.00,88.00,3.90
Mawab,2025-06-05,25.40,23.10,29.30,88.00,13.30
Mawab,2025-06-06,25.70,23.00,31.00,90.00,11.30
Mawab,2025-06-07,26.10,23.50,30.20,88.00,7.20
Mawab,2025-06-08,27.20,24.60,31.70,81.00,3.20
Mawab,2025-06-09,26.90,22.80,31.60,81.00,2.60
Mawab,2025-06-10,27.50,22.80,32.20,80.00,0.20
Mawab,2025-06-11,26.60,23.20,30.20,84.00,2.30
Mawab,2025-06-12,26.20,24.20,30.80,86.00,4.20
Mawab,2025-06-13,25.60,23.10,30.30,89.00,8.70
Mawab,2025-06-14,25.30,22.90,29.10,91.00,14.10
Mawab,2025-06-15,24.70,23.10,27.40,95.00,13.90
Mawab,2025-06-16,26.30,23.00,30.90,84.00,1.90
Mawab,2025-06-17,25.60,23.10,29.70,89.00,11.30
Mawab,2025-06-18,25.60,23.00,29.00,88.00,0.70
Mawab,2025-06-19,24.90,22.70,27.50,90.00,3.10
Mawab,2025-06-20,25.00,23.10,27.00,90.00,6.10
Mawab,2025-06-21,25.00,22.80,28.40,91.00,20.10
Mawab,2025-06-22,25.70,22.40,30.80,84.00,9.50
Mawab,2025-06-23,24.80,23.20,27.40,92.00,12.90
Mawab,2025-06-24,25.20,22.50,29.80,87.00,9.70
Mawab,2025-06-25,25.50,22.40,29.80,90.00,11.60
Mawab,2025-06-26,26.10,22.90,30.00,84.00,0.00
Mawab,2025-06-27,26.00,22.90,30.60,84.00,0.50
Mawab,2025-06-28,26.00,22.70,31.70,85.00,32.40
Mawab,2025-06-29,25.50,23.00,30.20,91.00,37.40
Mawab,2025-06-30,25.50,22.90,29.40,92.00,24.10
Mawab,2025-07-01,26.20,22.80,30.70,86.00,3.30
Mawab,2025-07-02,26.50,23.20,31.30,84.00,10.40
Mawab,2025-07-03,26.80,22.20,31.70,83.00,0.30
Mawab,2025-07-04,26.10,22.20,30.60,82.00,2.30
Mawab,2025-07-05,26.90,23.10,31.50,83.00,11.80
Mawab,2025-07-06,25.40,22.90,28.80,90.00,10.60
Mawab,2025-07-07,25.90,21.60,31.20,83.00,18.70
Mawab,2025-07-08,26.30,23.20,31.10,82.00,0.80
Mawab,2025-07-09,25.80,22.20,29.90,86.00,14.50
Mawab,2025-07-10,26.00,22.50,31.10,85.00,6.90
Mawab,2025-07-11,26.00,23.20,30.50,85.00,9.30
Mawab,2025-07-12,26.00,23.00,30.00,88.00,9.00
Mawab,2025-07-13,26.30,22.40,31.00,86.00,10.20
Mawab,2025-07-14,26.40,23.40,31.00,85.00,15.30
Mawab,2025-07-15,26.20,23.00,31.30,88.00,5.10
Mawab,2025-07-16,27.00,23.40,31.00,78.00,3.90
Mawab,2025-07-17,27.20,24.90,30.20,74.00,1.90
Mawab,2025-07-18,27.20,23.50,31.10,73.00,0.50
Mawab,2025-07-19,27.60,24.50,30.40,71.00,0.20
Mawab,2025-07-20,27.00,23.10,31.80,74.00,0.00
Mawab,2025-07-21,27.20,23.70,32.20,74.00,0.40
Mawab,2025-07-22,27.00,23.80,31.50,78.00,1.10
Mawab,2025-07-23,28.20,23.00,33.50,67.00,0.00
Mawab,2025-07-24,28.90,24.90,33.70,65.00,0.00
Mawab,2025-07-25,28.60,23.50,34.00,65.00,0.00
Mawab,2025-07-26,28.60,23.10,34.30,65.00,0.00
Mawab,2025-07-27,28.50,23.10,34.10,65.00,0.10
Mawab,2025-07-28,28.70,23.00,34.50,61.00,0.00
Mawab,2025-07-29,29.00,23.40,35.00,61.00,0.00
Mawab,2025-07-30,28.70,23.00,35.30,63.00,0.00
Mawab,2025-07-31,29.30,23.20,35.80,63.00,0.00
Mawab,2025-08-01,28.50,24.00,34.20,68.00,5.80
Mawab,2025-08-02,28.00,23.20,33.70,75.00,0.00
Mawab,2025-08-03,27.60,23.70,32.90,78.00,2.40
Mawab,2025-08-04,27.70,23.00,33.00,77.00,0.90
Mawab,2025-08-05,27.50,23.00,33.70,75.00,7.20
Mawab,2025-08-06,27.10,23.50,33.20,78.00,1.40
Mawab,2025-08-07,26.90,23.00,33.20,80.00,5.20
Mawab,2025-08-08,26.40,23.80,30.80,84.00,3.70
Mawab,2025-08-09,26.40,23.20,32.90,83.00,17.50
Mawab,2025-08-10,26.10,22.70,31.60,82.00,3.50
Mawab,2025-08-11,25.60,22.60,31.00,84.00,14.00
Mawab,2025-08-12,25.30,22.50,29.20,85.00,1.30
Mawab,2025-08-13,25.80,22.50,30.50,83.00,14.80
Mawab,2025-08-14,25.60,23.40,30.20,88.00,11.90
Mawab,2025-08-15,25.20,22.50,29.90,90.00,33.70
Mawab,2025-08-16,25.60,22.00,30.40,84.00,0.80
Mawab,2025-08-17,25.40,22.00,29.20,86.00,8.00
Mawab,2025-08-18,25.40,22.60,29.50,87.00,11.80
Mawab,2025-08-19,24.60,23.00,27.00,90.00,9.20
Mawab,2025-08-20,25.40,22.20,30.50,86.00,5.80
Mawab,2025-08-21,25.50,22.60,31.40,87.00,9.40
Mawab,2025-08-22,25.10,22.50,30.00,88.00,19.20
Mawab,2025-08-23,25.50,22.10,29.90,82.00,1.60
Mawab,2025-08-24,25.30,22.50,28.20,83.00,0.70
Mawab,2025-08-25,25.60,22.10,28.90,81.00,0.90
Mawab,2025-08-26,26.10,22.30,31.30,78.00,28.90
Mawab,2025-08-27,26.40,23.30,31.10,79.00,6.30
Mawab,2025-08-28,27.30,24.00,31.80,71.00,0.40
Mawab,2025-08-29,26.60,23.10,31.30,75.00,0.00
Mawab,2025-08-30,24.90,23.50,27.00,89.00,13.30
Mawab,2025-08-31,26.10,22.20,29.60,78.00,0.50
Mawab,2025-09-01,27.90,23.00,33.20,66.00,0.10
Mawab,2025-09-02,28.00,22.60,34.70,69.00,5.70
Mawab,2025-09-03,26.50,23.00,31.70,83.00,0.50
Mawab,2025-09-04,26.20,23.50,31.40,79.00,4.70
Mawab,2025-09-05,26.00,22.60,30.50,79.00,1.40
Mawab,2025-09-06,26.60,23.20,31.00,78.00,20.00
Mawab,2025-09-07,26.10,23.40,30.90,83.00,2.50
Mawab,2025-09-08,25.00,22.90,28.10,90.00,8.90
Mawab,2025-09-09,26.20,22.10,31.90,83.00,10.30
Mawab,2025-09-10,25.80,21.80,31.10,85.00,9.10
Mawab,2025-09-11,26.00,22.00,32.20,83.00,7.20
Mawab,2025-09-12,25.80,22.50,29.10,84.00,8.50
Mawab,2025-09-13,26.30,23.10,31.80,85.00,9.30
Mawab,2025-09-14,25.40,22.80,31.00,90.00,21.30
Mawab,2025-09-15,25.50,22.50,31.00,88.00,5.30
Mawab,2025-09-16,26.30,23.10,31.10,84.00,1.20
Mawab,2025-09-17,25.90,22.60,32.30,82.00,9.30
Mawab,2025-09-18,25.50,22.00,29.70,89.00,8.70
Mawab,2025-09-19,26.00,22.30,30.90,84.00,9.40
Mawab,2025-09-20,26.70,22.50,31.90,81.00,0.10
Mawab,2025-09-21,27.40,22.50,32.60,73.00,0.40
Mawab,2025-09-22,27.50,23.70,33.50,77.00,1.80
Mawab,2025-09-23,27.20,23.00,32.30,73.00,0.40
Mawab,2025-09-24,28.40,24.00,33.80,59.00,0.00
Mawab,2025-09-25,27.70,23.30,32.30,62.00,0.60
Mawab,2025-09-26,28.50,24.00,34.00,61.00,0.00
Mawab,2025-09-27,27.40,22.50,34.20,71.00,3.10
Mawab,2025-09-28,26.70,23.00,33.50,79.00,2.00
Mawab,2025-09-29,25.80,22.00,30.40,83.00,7.40
Mawab,2025-09-30,26.10,22.70,31.50,81.00,10.80
Mawab,2025-10-01,26.00,22.80,31.60,81.00,2.10
Mawab,2025-10-02,26.70,22.90,34.00,79.00,4.30
Mawab,2025-10-03,25.90,21.80,32.80,78.00,4.20
Mawab,2025-10-04,26.10,21.20,32.10,79.00,1.80
Mawab,2025-10-05,26.80,22.50,32.30,77.00,3.10
Mawab,2025-10-06,26.10,23.00,31.80,83.00,10.60
Mawab,2025-10-07,25.90,22.80,30.10,86.00,13.50
Mawab,2025-10-08,26.40,23.10,30.90,81.00,6.70
Mawab,2025-10-09,27.10,23.30,31.20,74.00,2.90
Mawab,2025-10-10,26.30,23.00,31.10,78.00,5.20
Mawab,2025-10-11,26.30,22.90,31.90,81.00,3.30
Mawab,2025-10-12,27.40,23.20,32.70,77.00,3.50
Mawab,2025-10-13,26.30,23.40,30.00,83.00,4.00
Mawab,2025-10-14,26.70,23.10,33.70,79.00,4.60
Mawab,2025-10-15,26.70,22.70,33.10,79.00,13.40
Mawab,2025-10-16,27.50,22.50,33.50,76.00,0.50
Mawab,2025-10-17,26.40,23.70,31.90,87.00,21.00
Mawab,2025-10-18,27.70,22.70,33.90,71.00,0.00
Mawab,2025-10-19,27.60,22.60,34.20,69.00,0.00
Mawab,2025-10-20,28.00,23.80,34.50,78.00,1.20
Mawab,2025-10-21,26.90,24.10,32.10,82.00,1.30
Mawab,2025-10-22,26.10,23.50,32.60,87.00,8.30
Mawab,2025-10-23,26.30,23.00,31.50,85.00,3.70
Mawab,2025-10-24,26.20,23.90,30.00,86.00,20.20
Mawab,2025-10-25,25.60,22.60,29.60,89.00,18.90
Mawab,2025-10-26,24.80,23.80,27.00,94.00,15.20
Mawab,2025-10-27,25.80,22.90,29.30,84.00,6.70
Mawab,2025-10-28,26.40,23.30,30.00,79.00,0.00
Mawab,2025-10-29,25.40,22.90,29.10,86.00,8.50
Mawab,2025-10-30,25.40,23.90,28.20,91.00,44.20
Mawab,2025-10-31,26.00,23.00,29.50,84.00,0.10
Mawab,2025-11-01,25.80,22.30,30.50,83.00,1.80
Mawab,2025-11-02,26.10,21.80,31.30,80.00,1.70
Mawab,2025-11-03,25.70,23.10,30.50,83.00,9.90
Mawab,2025-11-04,26.50,22.30,32.00,79.00,1.00
Mawab,2025-11-05,27.00,21.40,33.20,79.00,0.30
Mawab,2025-11-06,26.60,23.20,32.50,82.00,52.20
Mawab,2025-11-07,26.90,23.10,31.80,80.00,1.50
Mawab,2025-11-08,26.60,23.00,31.00,79.00,1.80
Mawab,2025-11-09,27.20,23.50,31.50,77.00,0.40
Mawab,2025-11-10,26.60,21.20,32.40,80.00,0.40
Mawab,2025-11-11,26.90,23.00,32.60,78.00,3.50
Mawab,2025-11-12,26.10,21.90,31.20,84.00,2.70
Mawab,2025-11-13,25.30,23.20,30.00,89.00,9.50
Mawab,2025-11-14,24.80,23.30,27.90,93.00,11.30
Mawab,2025-11-15,25.40,23.50,29.50,91.00,19.60
Mawab,2025-11-16,25.10,23.30,28.50,92.00,1.80
Mawab,2025-11-17,25.40,22.50,30.10,89.00,5.20
Mawab,2025-11-18,25.20,22.40,28.90,90.00,3.60
Mawab,2025-11-19,25.00,23.50,28.70,92.00,19.20
Mawab,2025-11-20,25.90,22.60,31.20,82.00,0.30
Mawab,2025-11-21,26.10,22.60,30.80,82.00,1.10
Mawab,2025-11-22,26.60,22.80,31.80,79.00,7.20
Mawab,2025-11-23,25.30,23.40,28.90,90.00,19.70
Mawab,2025-11-24,25.20,23.60,27.60,89.00,8.50
Mawab,2025-11-25,26.60,22.50,31.50,80.00,0.00
Mawab,2025-11-26,27.10,23.50,31.50,81.00,1.80
Mawab,2025-11-27,26.50,23.90,32.00,86.00,3.00
Mawab,2025-11-28,26.00,23.00,32.30,88.00,4.60
Mawab,2025-11-29,26.00,23.10,31.40,86.00,6.20
Mawab,2025-11-30,26.40,22.00,31.40,80.00,0.90
Mawab,2025-12-01,24.60,23.80,26.80,93.00,34.00
Mawab,2025-12-02,25.90,22.90,30.40,81.00,0.10
Mawab,2025-12-03,26.20,22.10,30.70,80.00,0.10
Mawab,2025-12-04,25.90,21.60,31.10,79.00,7.80
Mawab,2025-12-05,25.50,22.40,30.80,86.00,24.70
Mawab,2025-12-06,26.20,23.10,31.30,83.00,1.10
Mawab,2025-12-07,26.00,23.60,29.90,84.00,6.60
Mawab,2025-12-08,26.10,22.80,30.50,85.00,0.20
Mawab,2025-12-09,26.00,21.80,31.60,82.00,0.40
Mawab,2025-12-10,26.10,21.90,30.60,80.00,0.60
Mawab,2025-12-11,26.60,23.00,32.50,81.00,0.50
Mawab,2025-12-12,26.00,21.70,32.30,75.00,0.10
Mawab,2025-12-13,25.90,20.80,32.00,74.00,0.10
Mawab,2025-12-14,26.20,22.90,30.80,81.00,0.30
Mawab,2025-12-15,25.40,22.50,30.10,89.00,19.00
Mawab,2025-12-16,25.60,22.50,30.50,85.00,1.00
Mawab,2025-12-17,24.90,23.00,28.20,90.00,13.60
Mawab,2025-12-18,24.70,22.90,27.50,92.00,8.70
Mawab,2025-12-19,24.60,22.70,26.60,92.00,12.30
Mawab,2025-12-20,25.40,23.00,29.40,87.00,13.90
Mawab,2025-12-21,25.30,23.00,29.50,91.00,15.60
Mawab,2025-12-22,25.20,22.90,28.30,91.00,3.40
Mawab,2025-12-23,24.90,23.00,28.00,92.00,6.30
Mawab,2025-12-24,25.40,23.10,29.40,90.00,16.20
Mawab,2025-12-25,25.80,22.70,30.70,85.00,0.40
Mawab,2025-12-26,25.90,21.50,31.50,79.00,0.40
Mawab,2025-12-27,25.50,22.40,30.90,87.00,14.90
Mawab,2025-12-28,25.50,23.20,29.40,87.00,0.70
Mawab,2025-12-29,25.80,22.60,30.00,86.00,5.10
Mawab,2025-12-30,26.10,23.50,30.30,85.00,10.90
Mawab,2025-12-31,25.90,23.20,30.70,85.00,24.10
Mawab,2026-01-01,25.70,22.00,30.20,85.00,2.60
Mawab,2026-01-02,25.10,22.50,30.20,88.00,15.60
Mawab,2026-01-03,25.20,22.00,29.50,88.00,2.50
Mawab,2026-01-04,24.60,23.20,27.90,94.00,25.40
Mawab,2026-01-05,25.20,22.30,28.50,86.00,0.00
Mawab,2026-01-06,26.10,22.00,30.20,80.00,0.50
Mawab,2026-01-07,26.00,22.00,30.60,86.00,0.40
Mawab,2026-01-08,26.40,22.70,31.70,78.00,0.00
Mawab,2026-01-09,25.90,22.50,31.90,79.00,0.80
Mawab,2026-01-10,25.30,22.70,30.30,85.00,10.90
Mawab,2026-01-11,25.60,22.80,30.40,84.00,1.70
Mawab,2026-01-12,25.90,22.10,31.40,81.00,1.40
Mawab,2026-01-13,24.90,22.60,28.90,85.00,8.10
Mawab,2026-01-14,25.20,23.00,29.50,82.00,6.90
Mawab,2026-01-15,25.80,23.60,29.10,77.00,4.40
Mawab,2026-01-16,26.10,22.50,32.30,76.00,2.10
Mawab,2026-01-17,27.30,20.50,33.50,68.00,0.10
Mawab,2026-01-18,27.50,20.90,33.20,65.00,0.10
Mawab,2026-01-19,26.30,22.50,32.60,80.00,3.10
Mawab,2026-01-20,26.60,22.80,31.60,73.00,0.60
Mawab,2026-01-21,26.70,22.80,31.70,70.00,2.20
Mawab,2026-01-22,25.40,21.40,31.10,75.00,2.90
Mawab,2026-01-23,26.00,21.60,30.90,69.00,0.50
Mawab,2026-01-24,25.20,21.50,30.50,78.00,11.70
Mawab,2026-01-25,24.60,22.40,27.40,82.00,25.30
Mawab,2026-01-26,26.10,23.00,30.00,77.00,1.00
Mawab,2026-01-27,26.10,21.60,31.10,79.00,0.20
Mawab,2026-01-28,25.30,22.10,30.10,81.00,3.30
Mawab,2026-01-29,25.60,21.20,30.20,69.00,0.90
Mawab,2026-01-30,25.10,20.80,30.50,72.00,0.00
Mawab,2026-01-31,26.40,21.50,32.80,70.00,2.40
Mawab,2026-02-01,26.60,21.60,33.70,75.00,0.70
Mawab,2026-02-02,25.90,21.70,31.40,78.00,0.80
Mawab,2026-02-03,24.80,22.80,30.50,90.00,12.90
Mawab,2026-02-04,25.10,22.20,28.10,83.00,1.20
Mawab,2026-02-05,23.80,23.00,24.90,92.00,36.10
Mawab,2026-02-06,26.80,23.00,31.90,82.00,0.50
Mawab,2026-02-07,26.50,21.40,32.00,79.00,2.10
Mawab,2026-02-08,25.90,23.00,29.40,82.00,2.80
Mawab,2026-02-09,25.90,22.90,29.90,80.00,2.00
Mawab,2026-02-10,25.60,22.10,30.10,84.00,2.10
Mawab,2026-02-11,25.90,22.60,30.80,86.00,1.00
Mawab,2026-02-12,25.40,22.40,29.50,86.00,30.30
Mawab,2026-02-13,25.20,22.20,28.70,86.00,12.10
Mawab,2026-02-14,24.90,19.20,31.40,80.00,0.40
Mawab,2026-02-15,25.30,20.50,31.60,75.00,0.00
Mawab,2026-02-16,25.70,21.80,31.00,78.00,0.70
Mawab,2026-02-17,25.50,21.50,30.60,78.00,0.50
Mawab,2026-02-18,24.00,23.00,25.50,95.00,16.40
Mawab,2026-02-19,23.60,22.40,26.40,98.00,31.00
Mawab,2026-02-20,22.80,22.30,23.40,96.00,87.70
Mawab,2026-02-21,24.30,22.10,28.20,93.00,15.10
Mawab,2026-02-22,23.70,22.60,24.90,95.00,18.50
Mawab,2026-02-23,24.20,22.10,27.80,94.00,21.50
Mawab,2026-02-24,24.90,22.80,29.30,90.00,7.30
Mawab,2026-02-25,24.50,21.00,28.70,91.00,22.40
Mawab,2026-02-26,24.30,22.90,26.60,93.00,11.90
Mawab,2026-02-27,25.40,22.00,29.80,82.00,0.20
Mawab,2026-02-28,24.80,22.00,28.60,86.00,4.70
Mawab,2026-03-01,25.40,21.50,30.10,81.00,1.40
Mawab,2026-03-02,25.60,21.80,30.50,82.00,0.50
Mawab,2026-03-03,24.80,21.30,28.10,81.00,0.90
Mawab,2026-03-04,25.30,21.50,29.10,85.00,4.80
Mawab,2026-03-05,25.50,22.80,29.40,84.00,1.90
Mawab,2026-03-06,25.60,21.50,30.50,79.00,0.20
Mawab,2026-03-07,25.10,20.90,30.30,83.00,2.20
Mawab,2026-03-08,25.30,22.50,29.70,85.00,22.80
Mawab,2026-03-09,24.00,22.90,25.60,95.00,41.20
Mawab,2026-03-10,24.50,22.50,28.10,89.00,8.20
Mawab,2026-03-11,24.40,21.90,27.50,87.00,11.30
Mawab,2026-03-12,24.10,20.50,28.00,83.00,3.70
Mawab,2026-03-13,24.40,21.10,27.80,80.00,2.40
Mawab,2026-03-14,23.90,20.50,27.80,77.00,0.60
Mawab,2026-03-15,23.10,18.80,28.80,77.00,0.50
Mawab,2026-03-16,23.10,17.90,28.80,80.00,0.00
Mawab,2026-03-17,24.00,18.70,29.60,78.00,0.20
Mawab,2026-03-18,24.80,19.10,30.80,77.00,0.20
Mawab,2026-03-19,25.20,21.30,30.20,80.00,1.50
Mawab,2026-03-20,24.70,19.80,30.00,81.00,2.50
Mawab,2026-03-21,24.50,22.10,27.80,88.00,10.60
Mawab,2026-03-22,25.00,21.40,30.10,81.00,0.40
Mawab,2026-03-23,24.70,18.40,30.80,76.00,0.00
Mawab,2026-03-24,25.70,20.30,31.50,75.00,0.00
Mawab,2026-03-25,26.50,21.10,32.40,75.00,0.10
Mawab,2026-03-26,24.00,22.90,25.40,96.00,27.10
Mawab,2026-03-27,25.20,19.80,30.30,84.00,0.60
Mawab,2026-03-28,25.50,21.00,30.70,76.00,0.00
Mawab,2026-03-29,24.40,18.00,31.80,71.00,0.00
Mawab,2026-03-30,24.80,19.50,31.40,72.00,0.00
Mawab,2026-03-31,25.00,19.90,30.90,78.00,0.10
Mawab,2026-04-01,25.60,20.80,30.90,80.00,1.00
Mawab,2026-04-02,26.20,21.60,32.30,75.00,0.00
Mawab,2026-04-03,26.10,20.90,32.30,72.00,0.20
Mawab,2026-04-04,25.70,22.60,29.80,80.00,0.40
Mawab,2026-04-05,26.40,21.70,33.00,78.00,0.10
Mawab,2026-04-06,26.40,19.90,33.70,74.00,0.00
Mawab,2026-04-07,26.10,23.00,30.60,82.00,6.20
Mawab,2026-04-08,26.60,22.20,32.60,81.00,2.00
Mawab,2026-04-09,26.70,20.00,33.70,70.00,0.00
Mawab,2026-04-10,26.80,21.80,33.00,72.00,16.30
Mawab,2026-04-11,27.40,21.70,33.60,67.00,2.90
Mawab,2026-04-12,27.70,22.00,33.50,59.00,0.00
Mawab,2026-04-13,27.50,20.00,34.80,59.00,0.30
Mawab,2026-04-14,27.80,21.20,34.70,63.00,0.10
Mawab,2026-04-15,27.90,22.10,34.50,62.00,0.10
Mawab,2026-04-16,27.70,20.50,34.90,63.00,0.10
Mawab,2026-04-17,28.00,21.50,35.20,64.00,0.00
Mawab,2026-04-18,28.80,23.90,35.20,60.00,0.10
Mawab,2026-04-19,28.60,22.90,35.50,62.00,0.50
Mawab,2026-04-20,28.20,21.10,35.80,63.00,0.00
Mawab,2026-04-21,28.20,22.50,35.00,64.00,0.40
Mawab,2026-04-22,28.70,22.50,35.50,65.00,1.10
Mawab,2026-04-23,29.10,24.20,34.80,67.00,0.80
Mawab,2026-04-24,29.10,23.50,36.70,66.00,0.00
Mawab,2026-04-25,28.20,22.50,35.20,67.00,1.70
Mawab,2026-04-26,27.00,23.90,34.70,80.00,17.50
Mawab,2026-04-27,27.70,23.50,34.20,77.00,0.30
Mawab,2026-04-28,28.70,23.10,36.40,66.00,0.00
Mawab,2026-04-29,28.20,21.60,35.80,60.00,0.10
Mawab,2026-04-30,27.80,24.00,33.00,74.00,3.20
Mawab,2026-05-01,25.90,23.70,31.90,89.00,18.70
Mawab,2026-05-02,25.60,23.70,29.40,89.00,7.20
Mawab,2026-05-03,25.90,23.20,30.90,87.00,12.90
Mawab,2026-05-04,25.70,23.50,30.30,88.00,1.20
Mawab,2026-05-05,26.90,21.60,33.20,78.00,0.20
Mawab,2026-05-06,27.20,22.50,33.20,79.00,4.70
Mawab,2026-05-07,26.50,24.00,31.00,86.00,4.70
Mawab,2026-05-08,26.60,24.10,30.00,87.00,4.50
Mawab,2026-05-09,26.80,23.80,32.90,85.00,8.70
Mawab,2026-05-10,26.20,22.20,31.00,84.00,7.40
Mawab,2026-05-11,28.50,24.00,33.80,75.00,0.20
Mawab,2026-05-12,28.80,24.40,34.60,77.00,1.00
Mawab,2026-05-13,28.00,24.60,32.80,82.00,2.40
Mawab,2026-05-14,27.80,24.20,35.20,81.00,8.00
Mawab,2026-05-15,27.40,23.40,33.00,85.00,9.80
Mawab,2026-05-16,27.10,24.20,32.00,86.00,8.00
Mawab,2026-05-17,28.30,24.60,33.40,78.00,3.50
Mawab,2026-05-18,27.30,24.10,32.00,85.00,6.50
Mawab,2026-05-19,26.60,23.80,32.20,86.00,16.70
Mawab,2026-05-20,26.80,22.90,32.80,85.00,5.30
Mawab,2026-05-21,27.10,23.00,33.40,84.00,4.00
Mawab,2026-05-22,26.50,24.20,31.20,89.00,16.20
Mawab,2026-05-23,25.50,23.80,28.10,94.00,42.30
Mawab,2026-05-24,26.40,24.00,30.80,87.00,13.80
Mawab,2026-05-25,26.90,24.40,32.00,86.00,4.70
Mawab,2026-05-26,26.50,23.60,31.00,87.00,6.80
Mawab,2026-05-27,26.80,24.40,31.40,85.00,3.40
Mawab,2026-05-28,26.80,22.60,33.30,85.00,7.60
Mawab,2026-05-29,27.20,24.50,32.50,88.00,3.00
Mawab,2026-05-30,28.50,25.10,33.00,72.00,0.10
Mawab,2026-05-31,27.30,23.80,33.30,78.00,9.20
Maco,2023-01-01,25.10,23.40,27.70,91.00,8.30
Maco,2023-01-02,25.00,23.90,27.00,93.00,70.70
Maco,2023-01-03,25.30,23.70,28.40,91.00,49.50
Maco,2023-01-04,25.50,24.10,27.50,92.00,14.90
Maco,2023-01-05,25.70,23.80,29.80,91.00,17.30
Maco,2023-01-06,26.60,23.60,31.40,84.00,1.00
Maco,2023-01-07,24.70,23.80,25.90,93.00,20.20
Maco,2023-01-08,24.70,23.00,26.20,91.00,11.20
Maco,2023-01-09,25.80,24.40,28.00,87.00,11.00
Maco,2023-01-10,25.80,24.20,27.90,88.00,9.10
Maco,2023-01-11,25.50,23.80,27.60,90.00,10.00
Maco,2023-01-12,25.60,23.90,27.90,89.00,11.50
Maco,2023-01-13,26.20,24.30,30.00,89.00,8.70
Maco,2023-01-14,25.50,24.00,28.10,92.00,24.90
Maco,2023-01-15,26.60,24.40,30.40,87.00,1.70
Maco,2023-01-16,26.40,24.40,29.90,90.00,3.10
Maco,2023-01-17,26.10,24.10,29.50,90.00,12.10
Maco,2023-01-18,25.90,23.80,29.40,92.00,28.60
Maco,2023-01-19,26.40,23.70,31.00,87.00,3.10
Maco,2023-01-20,26.60,23.90,30.00,84.00,0.40
Maco,2023-01-21,25.00,23.40,28.50,90.00,23.80
Maco,2023-01-22,24.40,23.50,25.50,95.00,28.50
Maco,2023-01-23,24.90,23.50,27.00,92.00,21.70
Maco,2023-01-24,25.50,23.70,29.20,90.00,13.60
Maco,2023-01-25,24.90,23.60,27.20,88.00,21.10
Maco,2023-01-26,25.40,23.90,27.90,88.00,37.20
Maco,2023-01-27,25.60,23.60,28.60,91.00,14.90
Maco,2023-01-28,26.80,23.70,31.40,86.00,1.60
Maco,2023-01-29,25.30,24.10,26.80,91.00,20.80
Maco,2023-01-30,25.60,24.20,28.70,92.00,20.60
Maco,2023-01-31,25.80,23.90,28.20,92.00,5.40
Maco,2023-02-01,26.70,23.50,30.20,86.00,0.90
Maco,2023-02-02,26.60,23.80,31.30,84.00,1.50
Maco,2023-02-03,27.00,23.60,31.60,79.00,0.10
Maco,2023-02-04,25.60,24.00,28.30,88.00,7.60
Maco,2023-02-05,25.40,23.00,30.00,89.00,36.10
Maco,2023-02-06,26.00,23.30,30.80,86.00,2.60
Maco,2023-02-07,25.80,23.70,29.60,88.00,2.60
Maco,2023-02-08,25.20,23.00,29.20,88.00,10.30
Maco,2023-02-09,25.50,23.00,29.30,89.00,4.80
Maco,2023-02-10,26.40,23.40,30.70,85.00,0.70
Maco,2023-02-11,26.40,23.40,30.40,84.00,1.20
Maco,2023-02-12,26.70,23.80,31.50,80.00,0.30
Maco,2023-02-13,25.50,24.20,27.30,89.00,14.80
Maco,2023-02-14,25.20,23.80,27.70,90.00,35.20
Maco,2023-02-15,25.60,23.80,29.40,88.00,79.20
Maco,2023-02-16,26.00,23.80,30.00,85.00,0.70
Maco,2023-02-17,25.00,23.80,26.30,87.00,4.60
Maco,2023-02-18,26.30,24.20,29.70,87.00,24.80
Maco,2023-02-19,26.40,23.20,29.20,87.00,0.00
Maco,2023-02-20,27.00,25.10,29.00,85.00,5.40
Maco,2023-02-21,25.90,23.80,29.20,91.00,19.40
Maco,2023-02-22,25.80,23.50,30.10,89.00,17.80
Maco,2023-02-23,26.90,24.00,31.40,87.00,1.40
Maco,2023-02-24,26.30,23.80,30.40,90.00,4.60
Maco,2023-02-25,26.20,23.80,30.50,89.00,12.60
Maco,2023-02-26,26.60,23.80,30.40,84.00,0.70
Maco,2023-02-27,26.50,24.10,29.20,88.00,1.70
Maco,2023-02-28,26.00,23.40,30.00,89.00,4.10
Maco,2023-03-01,25.90,23.90,29.70,90.00,17.70
Maco,2023-03-02,26.00,23.40,29.30,84.00,2.20
Maco,2023-03-03,26.70,23.70,30.10,73.00,0.00
Maco,2023-03-04,25.90,24.00,27.70,84.00,4.90
Maco,2023-03-05,26.90,23.70,31.00,81.00,1.40
Maco,2023-03-06,26.80,23.70,30.60,81.00,0.70
Maco,2023-03-07,26.10,24.60,28.20,86.00,5.60
Maco,2023-03-08,27.00,24.30,31.80,82.00,6.90
Maco,2023-03-09,26.60,24.00,30.90,85.00,4.60
Maco,2023-03-10,27.60,23.70,31.90,76.00,0.00
Maco,2023-03-11,27.50,24.00,32.10,77.00,1.70
Maco,2023-03-12,26.80,24.70,30.60,81.00,7.70
Maco,2023-03-13,26.10,24.10,29.90,84.00,18.80
Maco,2023-03-14,24.70,23.60,26.70,89.00,25.10
Maco,2023-03-15,26.50,23.20,30.50,83.00,0.00
Maco,2023-03-16,26.60,24.60,30.50,86.00,18.20
Maco,2023-03-17,26.70,24.00,31.40,88.00,3.50
Maco,2023-03-18,26.30,23.90,30.30,88.00,4.60
Maco,2023-03-19,26.30,24.30,31.20,88.00,22.60
Maco,2023-03-20,27.40,23.90,32.20,80.00,0.00
Maco,2023-03-21,27.20,23.10,32.20,82.00,0.80
Maco,2023-03-22,26.50,23.40,30.80,86.00,9.70
Maco,2023-03-23,26.60,23.40,31.00,87.00,5.60
Maco,2023-03-24,26.40,24.20,29.60,90.00,16.70
Maco,2023-03-25,27.10,24.00,31.40,87.00,3.30
Maco,2023-03-26,27.20,24.00,31.50,84.00,1.20
Maco,2023-03-27,26.40,24.30,30.40,88.00,4.60
Maco,2023-03-28,26.20,24.20,29.80,89.00,18.80
Maco,2023-03-29,25.20,23.50,29.10,92.00,35.90
Maco,2023-03-30,25.80,23.90,30.10,91.00,33.10
Maco,2023-03-31,26.10,24.40,28.90,89.00,10.90
Maco,2023-04-01,25.60,23.90,30.00,91.00,26.70
Maco,2023-04-02,26.00,24.20,29.80,91.00,18.00
Maco,2023-04-03,26.60,23.90,30.90,86.00,3.50
Maco,2023-04-04,27.20,24.20,31.40,81.00,2.30
Maco,2023-04-05,26.30,23.70,31.10,86.00,21.20
Maco,2023-04-06,27.10,24.30,31.40,81.00,2.60
Maco,2023-04-07,27.40,24.30,32.10,80.00,0.70
Maco,2023-04-08,27.30,25.00,31.50,80.00,2.40
Maco,2023-04-09,26.50,24.20,31.00,86.00,11.70
Maco,2023-04-10,26.90,23.70,29.80,81.00,0.00
Maco,2023-04-11,27.10,24.40,29.60,82.00,0.20
Maco,2023-04-12,27.10,23.90,30.10,86.00,1.30
Maco,2023-04-13,27.30,25.00,30.20,89.00,2.30
Maco,2023-04-14,26.90,24.80,29.70,89.00,4.70
Maco,2023-04-15,26.70,24.80,30.30,90.00,3.40
Maco,2023-04-16,27.00,24.60,30.00,88.00,1.80
Maco,2023-04-17,26.90,24.50,29.80,89.00,8.40
Maco,2023-04-18,27.00,24.50,30.40,88.00,11.00
Maco,2023-04-19,27.80,24.60,31.90,85.00,1.40
Maco,2023-04-20,27.50,25.30,30.40,86.00,3.70
Maco,2023-04-21,27.20,25.00,30.40,87.00,6.30
Maco,2023-04-22,26.90,24.60,30.40,89.00,8.80
Maco,2023-04-23,27.10,24.20,31.20,89.00,12.70
Maco,2023-04-24,27.30,24.90,30.30,89.00,8.70
Maco,2023-04-25,27.90,24.30,32.40,85.00,0.50
Maco,2023-04-26,27.80,24.10,31.40,85.00,2.70
Maco,2023-04-27,27.10,24.30,31.00,89.00,10.80
Maco,2023-04-28,28.20,24.70,32.40,84.00,3.00
Maco,2023-04-29,27.40,25.50,31.80,86.00,21.50
Maco,2023-04-30,26.80,24.90,30.70,89.00,24.60
Maco,2023-05-01,27.50,24.50,31.50,85.00,5.50
Maco,2023-05-02,26.60,25.00,29.80,90.00,20.60
Maco,2023-05-03,27.10,24.80,29.20,88.00,5.70
Maco,2023-05-04,27.20,24.60,30.60,89.00,8.40
Maco,2023-05-05,27.00,25.00,30.80,89.00,14.90
Maco,2023-05-06,27.10,25.10,30.30,89.00,9.10
Maco,2023-05-07,27.60,24.80,30.20,87.00,1.40
Maco,2023-05-08,28.30,25.00,32.60,87.00,2.00
Maco,2023-05-09,28.80,25.40,33.50,81.00,4.30
Maco,2023-05-10,28.40,25.20,32.60,83.00,1.20
Maco,2023-05-11,27.50,24.30,30.90,89.00,0.70
Maco,2023-05-12,27.80,25.50,30.80,89.00,2.50
Maco,2023-05-13,27.90,25.20,31.50,88.00,9.60
Maco,2023-05-14,27.20,25.10,31.00,88.00,23.30
Maco,2023-05-15,27.00,24.50,31.70,89.00,7.70
Maco,2023-05-16,27.30,24.90,31.30,88.00,7.50
Maco,2023-05-17,27.60,24.80,31.20,87.00,11.50
Maco,2023-05-18,27.40,25.00,31.00,88.00,5.30
Maco,2023-05-19,26.70,25.30,28.90,90.00,11.30
Maco,2023-05-20,27.00,24.70,29.70,86.00,1.10
Maco,2023-05-21,27.30,24.90,31.40,88.00,22.80
Maco,2023-05-22,27.20,25.10,30.30,88.00,3.90
Maco,2023-05-23,27.30,25.20,30.80,87.00,20.20
Maco,2023-05-24,27.00,25.10,29.60,89.00,2.40
Maco,2023-05-25,27.30,25.40,30.70,90.00,8.00
Maco,2023-05-26,27.60,25.50,30.40,86.00,13.70
Maco,2023-05-27,28.30,26.20,31.20,79.00,6.80
Maco,2023-05-28,28.50,25.90,30.90,81.00,0.00
Maco,2023-05-29,28.70,27.40,30.90,79.00,0.10
Maco,2023-05-30,28.70,27.10,30.50,80.00,0.50
Maco,2023-05-31,28.80,27.30,30.30,78.00,0.00
Maco,2023-06-01,28.90,27.90,30.70,79.00,0.00
Maco,2023-06-02,28.80,26.60,31.50,82.00,15.60
Maco,2023-06-03,27.60,25.20,31.30,88.00,2.10
Maco,2023-06-04,27.20,25.20,30.80,89.00,10.60
Maco,2023-06-05,27.20,25.60,30.20,89.00,9.10
Maco,2023-06-06,27.20,25.00,30.40,88.00,18.00
Maco,2023-06-07,27.60,25.50,30.60,87.00,0.70
Maco,2023-06-08,28.00,25.50,30.90,82.00,8.40
Maco,2023-06-09,28.00,25.70,31.10,83.00,1.70
Maco,2023-06-10,28.60,26.90,30.70,79.00,0.10
Maco,2023-06-11,28.00,25.60,30.30,86.00,0.00
Maco,2023-06-12,28.10,25.80,30.50,86.00,4.40
Maco,2023-06-13,26.90,24.50,30.50,88.00,13.70
Maco,2023-06-14,26.70,25.40,29.00,89.00,22.10
Maco,2023-06-15,26.80,24.90,28.80,90.00,2.80
Maco,2023-06-16,26.20,25.00,27.40,92.00,14.80
Maco,2023-06-17,26.50,24.60,29.90,91.00,25.20
Maco,2023-06-18,26.90,24.90,30.20,89.00,16.80
Maco,2023-06-19,26.50,24.80,29.90,90.00,24.00
Maco,2023-06-20,26.50,24.60,30.50,89.00,8.80
Maco,2023-06-21,26.40,24.00,30.10,88.00,15.50
Maco,2023-06-22,26.90,25.50,29.00,89.00,9.90
Maco,2023-06-23,26.70,24.60,30.00,90.00,7.10
Maco,2023-06-24,27.00,24.80,30.10,87.00,7.30
Maco,2023-06-25,27.20,24.60,30.60,85.00,0.50
Maco,2023-06-26,27.10,24.50,29.60,88.00,0.00
Maco,2023-06-27,27.50,24.90,30.50,86.00,0.80
Maco,2023-06-28,27.10,24.50,30.50,86.00,9.50
Maco,2023-06-29,26.40,24.10,29.80,88.00,3.80
Maco,2023-06-30,26.90,24.30,30.60,89.00,19.20
Maco,2023-07-01,27.10,24.00,30.20,89.00,5.40
Maco,2023-07-02,26.60,24.90,30.40,90.00,11.60
Maco,2023-07-03,25.80,24.50,28.10,93.00,50.60
Maco,2023-07-04,26.00,24.10,29.10,90.00,33.50
Maco,2023-07-05,27.20,23.50,31.70,85.00,10.50
Maco,2023-07-06,26.90,24.70,30.90,89.00,17.60
Maco,2023-07-07,26.90,24.00,30.70,87.00,16.90
Maco,2023-07-08,26.50,24.20,30.60,88.00,25.40
Maco,2023-07-09,26.40,23.40,30.20,89.00,4.50
Maco,2023-07-10,27.00,24.20,31.90,84.00,3.30
Maco,2023-07-11,27.00,24.10,30.40,85.00,4.10
Maco,2023-07-12,27.10,25.00,28.70,87.00,3.00
Maco,2023-07-13,27.60,26.10,30.30,80.00,10.00
Maco,2023-07-14,28.30,26.50,30.40,77.00,0.00
Maco,2023-07-15,28.20,25.70,31.70,79.00,0.00
Maco,2023-07-16,28.30,25.90,30.90,78.00,0.40
Maco,2023-07-17,27.80,24.90,30.50,79.00,8.10
Maco,2023-07-18,25.90,24.50,27.80,89.00,13.80
Maco,2023-07-19,26.30,24.00,30.50,82.00,1.00
Maco,2023-07-20,27.30,23.60,30.80,83.00,4.20
Maco,2023-07-21,27.60,24.20,30.60,82.00,1.20
Maco,2023-07-22,27.20,25.60,29.70,84.00,4.40
Maco,2023-07-23,28.10,25.00,30.70,76.00,0.20
Maco,2023-07-24,27.90,25.80,30.30,78.00,1.40
Maco,2023-07-25,28.00,26.40,30.00,79.00,3.10
Maco,2023-07-26,28.30,27.20,30.30,75.00,0.10
Maco,2023-07-27,28.00,26.70,29.70,78.00,0.00
Maco,2023-07-28,27.30,25.90,29.40,82.00,3.30
Maco,2023-07-29,28.00,26.50,30.40,79.00,0.40
Maco,2023-07-30,28.20,26.80,30.40,79.00,0.10
Maco,2023-07-31,28.30,26.60,30.70,77.00,0.00
Maco,2023-08-01,28.60,26.60,31.20,75.00,0.00
Maco,2023-08-02,28.50,26.60,31.10,76.00,0.00
Maco,2023-08-03,28.60,26.90,31.30,77.00,0.20
Maco,2023-08-04,28.50,25.60,31.70,78.00,6.90
Maco,2023-08-05,28.10,24.50,32.20,82.00,0.10
Maco,2023-08-06,28.50,25.90,31.40,80.00,1.10
Maco,2023-08-07,28.90,26.00,31.80,77.00,0.10
Maco,2023-08-08,28.60,25.10,32.60,76.00,7.40
Maco,2023-08-09,27.90,25.10,32.30,81.00,7.90
Maco,2023-08-10,27.70,25.50,31.70,84.00,6.40
Maco,2023-08-11,27.40,25.30,29.30,83.00,1.00
Maco,2023-08-12,27.60,25.50,30.50,81.00,8.70
Maco,2023-08-13,27.50,24.90,30.90,82.00,2.80
Maco,2023-08-14,27.30,24.80,30.20,81.00,0.50
Maco,2023-08-15,27.20,24.80,30.80,83.00,5.40
Maco,2023-08-16,26.90,24.70,29.80,84.00,1.60
Maco,2023-08-17,27.30,24.90,30.50,80.00,0.20
Maco,2023-08-18,27.60,25.50,31.30,79.00,1.90
Maco,2023-08-19,26.90,24.70,30.00,85.00,14.70
Maco,2023-08-20,26.60,24.40,30.20,87.00,10.10
Maco,2023-08-21,26.50,24.70,29.50,88.00,8.30
Maco,2023-08-22,26.70,24.50,30.10,86.00,5.30
Maco,2023-08-23,26.70,24.90,29.00,85.00,5.00
Maco,2023-08-24,27.30,24.60,31.10,82.00,8.50
Maco,2023-08-25,27.20,23.50,30.70,85.00,0.00
Maco,2023-08-26,28.10,26.10,31.10,79.00,7.20
Maco,2023-08-27,27.80,25.10,31.30,79.00,0.50
Maco,2023-08-28,28.40,26.40,30.70,75.00,0.80
Maco,2023-08-29,28.80,27.00,31.50,73.00,0.20
Maco,2023-08-30,29.10,27.10,31.70,71.00,0.00
Maco,2023-08-31,29.10,27.30,31.70,73.00,0.00
Maco,2023-09-01,29.30,27.40,32.00,72.00,0.00
Maco,2023-09-02,29.30,27.40,32.00,71.00,0.40
Maco,2023-09-03,29.00,26.90,32.10,72.00,0.00
Maco,2023-09-04,28.80,26.70,32.40,74.00,0.40
Maco,2023-09-05,28.20,25.40,31.70,78.00,7.40
Maco,2023-09-06,27.00,24.90,31.00,88.00,31.90
Maco,2023-09-07,26.80,24.50,30.30,88.00,23.70
Maco,2023-09-08,27.30,25.00,31.20,82.00,2.20
Maco,2023-09-09,26.80,23.80,30.60,86.00,8.80
Maco,2023-09-10,26.90,24.20,29.90,85.00,1.20
Maco,2023-09-11,27.60,24.20,31.90,80.00,4.00
Maco,2023-09-12,27.40,24.80,30.80,84.00,8.30
Maco,2023-09-13,27.20,25.00,31.30,84.00,11.10
Maco,2023-09-14,27.30,24.80,30.60,82.00,5.60
Maco,2023-09-15,26.40,24.30,29.30,87.00,5.60
Maco,2023-09-16,26.30,24.00,31.30,86.00,16.90
Maco,2023-09-17,25.90,23.80,30.60,89.00,45.30
Maco,2023-09-18,25.70,23.70,28.50,90.00,22.80
Maco,2023-09-19,26.60,23.90,30.00,88.00,11.90
Maco,2023-09-20,26.40,24.10,28.80,90.00,4.70
Maco,2023-09-21,26.40,23.80,29.10,87.00,2.00
Maco,2023-09-22,27.70,25.80,30.50,79.00,0.70
Maco,2023-09-23,28.60,26.00,31.60,74.00,0.70
Maco,2023-09-24,28.20,25.30,32.30,79.00,3.30
Maco,2023-09-25,27.90,24.80,31.80,82.00,1.30
Maco,2023-09-26,27.20,24.40,31.00,83.00,5.90
Maco,2023-09-27,28.00,24.90,31.00,81.00,0.40
Maco,2023-09-28,28.20,25.10,31.40,79.00,0.00
Maco,2023-09-29,28.30,25.50,31.60,79.00,0.20
Maco,2023-09-30,28.50,24.90,31.70,75.00,0.50
Maco,2023-10-01,28.80,26.90,31.20,75.00,0.00
Maco,2023-10-02,29.20,27.00,32.40,75.00,0.00
Maco,2023-10-03,28.40,25.80,32.00,79.00,4.70
Maco,2023-10-04,27.60,23.80,32.50,84.00,5.90
Maco,2023-10-05,27.70,24.20,32.90,81.00,8.10
Maco,2023-10-06,27.60,24.30,31.40,82.00,2.00
Maco,2023-10-07,27.20,25.00,31.60,85.00,14.40
Maco,2023-10-08,27.20,24.30,32.30,85.00,26.60
Maco,2023-10-09,26.30,23.90,30.20,90.00,22.40
Maco,2023-10-10,26.20,24.70,28.80,88.00,16.40
Maco,2023-10-11,27.20,24.60,30.60,84.00,0.70
Maco,2023-10-12,27.60,24.80,31.90,84.00,1.20
Maco,2023-10-13,26.60,24.80,28.40,88.00,10.60
Maco,2023-10-14,27.80,25.40,30.50,81.00,0.70
Maco,2023-10-15,27.70,24.30,31.80,79.00,9.40
Maco,2023-10-16,26.70,23.60,31.80,85.00,4.70
Maco,2023-10-17,26.90,24.00,31.70,83.00,15.90
Maco,2023-10-18,26.60,23.30,31.70,86.00,8.80
Maco,2023-10-19,26.50,23.50,30.20,86.00,7.70
Maco,2023-10-20,27.10,24.30,30.80,87.00,2.60
Maco,2023-10-21,27.00,24.20,32.00,87.00,10.80
Maco,2023-10-22,26.40,23.30,31.40,86.00,11.30
Maco,2023-10-23,26.70,22.90,31.40,84.00,5.50
Maco,2023-10-24,26.60,23.20,31.10,85.00,9.90
Maco,2023-10-25,26.60,23.80,31.20,86.00,10.00
Maco,2023-10-26,26.20,23.90,28.90,88.00,11.40
Maco,2023-10-27,27.00,24.40,31.70,82.00,12.30
Maco,2023-10-28,27.80,24.10,32.90,80.00,0.50
Maco,2023-10-29,26.60,24.40,30.70,88.00,5.00
Maco,2023-10-30,26.40,23.40,30.10,90.00,20.80
Maco,2023-10-31,27.40,23.30,31.30,83.00,0.30
Maco,2023-11-01,27.20,24.10,31.50,85.00,7.50
Maco,2023-11-02,27.40,23.50,32.00,85.00,4.10
Maco,2023-11-03,27.00,24.60,31.50,85.00,10.00
Maco,2023-11-04,26.50,24.20,30.70,89.00,27.60
Maco,2023-11-05,26.40,24.10,31.20,88.00,21.70
Maco,2023-11-06,27.60,23.30,32.00,83.00,2.10
Maco,2023-11-07,26.90,24.90,30.50,87.00,18.60
Maco,2023-11-08,26.00,24.00,30.10,90.00,22.10
Maco,2023-11-09,26.60,24.00,30.50,88.00,17.10
Maco,2023-11-10,26.60,24.30,31.50,89.00,7.50
Maco,2023-11-11,27.20,24.00,32.00,85.00,1.10
Maco,2023-11-12,27.50,24.20,31.30,84.00,1.40
Maco,2023-11-13,27.80,25.00,32.60,80.00,5.00
Maco,2023-11-14,28.20,24.10,33.20,78.00,0.20
Maco,2023-11-15,28.00,24.80,33.20,75.00,0.60
Maco,2023-11-16,26.20,24.10,28.30,88.00,9.50
Maco,2023-11-17,26.70,24.50,29.20,86.00,11.80
Maco,2023-11-18,27.60,25.20,32.10,81.00,2.70
Maco,2023-11-19,27.50,25.50,31.10,83.00,3.00
Maco,2023-11-20,27.30,24.20,30.80,86.00,1.70
Maco,2023-11-21,27.20,25.00,30.50,87.00,2.90
Maco,2023-11-22,26.80,24.30,30.20,90.00,4.10
Maco,2023-11-23,26.20,24.50,29.60,92.00,11.30
Maco,2023-11-24,26.10,24.00,30.70,90.00,3.00
Maco,2023-11-25,25.80,23.80,29.80,92.00,25.40
Maco,2023-11-26,27.40,23.90,32.00,82.00,1.00
Maco,2023-11-27,26.70,24.20,31.50,87.00,12.00
Maco,2023-11-28,26.20,24.30,30.00,91.00,28.60
Maco,2023-11-29,26.30,24.50,29.70,91.00,17.30
Maco,2023-11-30,26.50,23.90,30.40,89.00,8.80
Maco,2023-12-01,26.60,24.30,31.10,90.00,11.20
Maco,2023-12-02,26.50,24.30,31.40,89.00,20.90
Maco,2023-12-03,26.20,23.90,30.30,89.00,5.00
Maco,2023-12-04,26.50,23.60,31.00,87.00,3.70
Maco,2023-12-05,26.90,24.50,30.80,88.00,6.60
Maco,2023-12-06,26.50,24.50,29.20,88.00,10.40
Maco,2023-12-07,26.50,24.40,30.30,90.00,10.80
Maco,2023-12-08,26.20,24.00,30.40,89.00,26.80
Maco,2023-12-09,26.50,23.90,31.10,87.00,2.20
Maco,2023-12-10,27.30,23.70,31.90,81.00,0.60
Maco,2023-12-11,27.40,23.70,31.90,79.00,0.60
Maco,2023-12-12,27.30,23.30,31.40,80.00,0.80
Maco,2023-12-13,26.80,23.90,30.30,84.00,0.40
Maco,2023-12-14,27.50,23.80,32.10,79.00,1.00
Maco,2023-12-15,26.60,24.20,31.40,86.00,5.40
Maco,2023-12-16,27.70,24.30,32.10,76.00,0.50
Maco,2023-12-17,26.50,25.10,28.50,82.00,2.00
Maco,2023-12-18,25.40,24.50,26.80,93.00,14.80
Maco,2023-12-19,25.40,24.30,28.00,93.00,80.10
Maco,2023-12-20,27.30,24.20,32.10,85.00,3.00
Maco,2023-12-21,27.00,23.70,31.60,82.00,1.50
Maco,2023-12-22,26.30,23.90,29.80,89.00,4.60
Maco,2023-12-23,27.10,23.60,31.80,82.00,1.40
Maco,2023-12-24,27.10,23.90,31.20,84.00,1.40
Maco,2023-12-25,26.10,24.00,28.70,89.00,3.00
Maco,2023-12-26,26.20,23.90,30.30,90.00,7.10
Maco,2023-12-27,26.60,24.00,31.00,88.00,3.80
Maco,2023-12-28,27.20,23.80,31.80,81.00,0.70
Maco,2023-12-29,26.70,24.20,31.50,84.00,17.60
Maco,2023-12-30,26.50,24.40,30.30,90.00,37.70
Maco,2023-12-31,27.20,23.60,31.90,86.00,4.10
Maco,2024-01-01,26.70,24.70,30.20,89.00,7.00
Maco,2024-01-02,25.80,24.60,28.30,93.00,36.90
Maco,2024-01-03,26.90,24.10,29.70,86.00,6.10
Maco,2024-01-04,26.70,23.70,31.40,85.00,4.90
Maco,2024-01-05,27.50,23.40,32.80,79.00,0.00
Maco,2024-01-06,26.50,24.30,30.10,84.00,5.90
Maco,2024-01-07,27.00,24.10,31.70,86.00,1.50
Maco,2024-01-08,26.70,24.00,30.20,87.00,2.10
Maco,2024-01-09,25.60,23.90,28.00,93.00,17.10
Maco,2024-01-10,26.80,24.00,31.30,88.00,1.30
Maco,2024-01-11,27.70,23.80,32.70,77.00,0.70
Maco,2024-01-12,27.40,24.70,31.40,80.00,0.30
Maco,2024-01-13,26.80,23.70,31.20,84.00,0.90
Maco,2024-01-14,26.90,24.10,31.30,79.00,0.40
Maco,2024-01-15,26.20,24.40,30.10,86.00,16.50
Maco,2024-01-16,25.10,23.90,26.90,91.00,139.60
Maco,2024-01-17,25.50,23.70,29.20,88.00,9.90
Maco,2024-01-18,25.00,23.70,26.50,94.00,11.60
Maco,2024-01-19,26.30,23.20,29.90,86.00,1.80
Maco,2024-01-20,26.50,23.00,30.90,84.00,0.50
Maco,2024-01-21,27.50,24.00,31.60,77.00,0.00
Maco,2024-01-22,27.00,23.80,31.00,82.00,0.50
Maco,2024-01-23,26.80,23.70,30.40,81.00,0.00
Maco,2024-01-24,26.50,23.10,31.20,81.00,0.10
Maco,2024-01-25,26.40,23.30,31.30,78.00,0.20
Maco,2024-01-26,25.80,23.20,29.50,82.00,2.70
Maco,2024-01-27,25.60,23.00,29.50,75.00,0.20
Maco,2024-01-28,25.40,23.30,28.40,80.00,0.40
Maco,2024-01-29,24.90,23.70,26.50,91.00,10.00
Maco,2024-01-30,25.10,23.80,28.10,93.00,86.50
Maco,2024-01-31,24.60,23.90,25.60,95.00,58.50
Maco,2024-02-01,25.20,23.70,27.60,93.00,40.00
Maco,2024-02-02,25.30,24.00,29.10,94.00,12.30
Maco,2024-02-03,26.60,23.00,30.60,84.00,2.50
Maco,2024-02-04,26.10,24.20,29.60,90.00,11.90
Maco,2024-02-05,26.60,23.00,30.60,84.00,4.60
Maco,2024-02-06,25.60,23.10,28.30,88.00,2.20
Maco,2024-02-07,25.70,23.30,28.60,88.00,12.10
Maco,2024-02-08,25.40,23.70,27.00,92.00,2.60
Maco,2024-02-09,26.20,22.70,30.60,86.00,2.00
Maco,2024-02-10,26.70,22.80,31.20,76.00,0.50
Maco,2024-02-11,25.90,24.40,27.80,79.00,2.10
Maco,2024-02-12,26.50,23.40,31.00,75.00,0.00
Maco,2024-02-13,26.70,23.80,31.00,75.00,0.30
Maco,2024-02-14,27.10,23.90,32.20,73.00,1.30
Maco,2024-02-15,26.50,21.60,31.80,78.00,0.20
Maco,2024-02-16,26.10,23.50,30.20,86.00,4.40
Maco,2024-02-17,26.80,22.80,31.70,80.00,0.00
Maco,2024-02-18,26.90,24.50,30.00,86.00,3.10
Maco,2024-02-19,26.90,22.70,32.20,79.00,0.50
Maco,2024-02-20,27.20,23.30,33.50,77.00,0.00
Maco,2024-02-21,26.30,22.30,31.00,83.00,2.70
Maco,2024-02-22,26.20,24.20,29.60,92.00,14.50
Maco,2024-02-23,25.30,24.10,28.20,94.00,38.30
Maco,2024-02-24,26.80,23.70,31.00,87.00,1.80
Maco,2024-02-25,26.70,22.00,32.30,77.00,0.60
Maco,2024-02-26,26.50,23.20,30.80,81.00,1.90
Maco,2024-02-27,26.10,24.10,29.70,80.00,2.50
Maco,2024-02-28,25.30,23.50,28.10,86.00,14.80
Maco,2024-02-29,26.20,23.50,29.90,88.00,4.60
Maco,2024-03-01,27.00,24.50,31.10,84.00,3.10
Maco,2024-03-02,27.10,23.50,31.70,77.00,0.30
Maco,2024-03-03,26.80,22.70,32.40,74.00,0.00
Maco,2024-03-04,26.70,22.40,32.20,74.00,0.00
Maco,2024-03-05,27.40,23.50,31.90,78.00,0.70
Maco,2024-03-06,27.80,24.60,32.20,83.00,4.20
Maco,2024-03-07,27.30,23.50,32.60,74.00,0.00
Maco,2024-03-08,26.40,21.90,30.90,79.00,4.10
Maco,2024-03-09,27.20,23.40,32.90,75.00,0.00
Maco,2024-03-10,26.90,22.70,32.60,70.00,0.00
Maco,2024-03-11,27.00,22.70,33.00,69.00,0.00
Maco,2024-03-12,26.10,24.20,29.30,88.00,16.40
Maco,2024-03-13,27.00,23.90,31.20,79.00,0.60
Maco,2024-03-14,27.20,23.20,32.60,75.00,0.30
Maco,2024-03-15,27.50,24.00,33.20,73.00,0.20
Maco,2024-03-16,27.30,22.60,32.90,70.00,0.00
Maco,2024-03-17,27.50,23.40,33.00,70.00,0.00
Maco,2024-03-18,27.30,22.70,33.00,71.00,0.00
Maco,2024-03-19,27.70,22.90,33.40,71.00,1.20
Maco,2024-03-20,28.30,24.20,34.00,73.00,0.10
Maco,2024-03-21,27.40,24.20,32.80,77.00,6.40
Maco,2024-03-22,28.20,24.50,33.60,69.00,0.60
Maco,2024-03-23,28.00,23.60,33.80,68.00,0.10
Maco,2024-03-24,27.70,23.80,32.90,74.00,2.30
Maco,2024-03-25,28.00,23.70,34.30,77.00,2.10
Maco,2024-03-26,27.90,24.50,32.00,84.00,7.80
Maco,2024-03-27,27.30,24.20,32.70,84.00,4.90
Maco,2024-03-28,27.00,24.20,32.50,88.00,6.40
Maco,2024-03-29,26.00,24.10,30.40,90.00,22.50
Maco,2024-03-30,27.90,23.50,33.30,79.00,1.00
Maco,2024-03-31,27.70,24.20,31.70,82.00,3.80
Maco,2024-04-01,28.00,23.20,34.90,71.00,0.10
Maco,2024-04-02,27.50,23.00,33.30,75.00,1.80
Maco,2024-04-03,28.10,23.20,33.50,76.00,0.20
Maco,2024-04-04,28.00,24.40,32.20,80.00,1.30
Maco,2024-04-05,28.20,24.80,32.30,80.00,0.50
Maco,2024-04-06,26.80,25.10,30.80,88.00,11.40
Maco,2024-04-07,27.70,23.60,33.40,80.00,3.30
Maco,2024-04-08,26.40,21.80,32.10,85.00,7.60
Maco,2024-04-09,27.60,23.60,33.00,80.00,0.70
Maco,2024-04-10,27.30,24.00,32.00,82.00,2.40
Maco,2024-04-11,27.50,22.70,33.10,78.00,0.10
Maco,2024-04-12,27.90,23.30,32.80,78.00,0.80
Maco,2024-04-13,27.90,23.50,32.70,77.00,0.80
Maco,2024-04-14,28.10,23.40,33.90,78.00,1.00
Maco,2024-04-15,28.70,24.50,34.60,79.00,2.50
Maco,2024-04-16,28.20,24.80,32.30,81.00,3.30
Maco,2024-04-17,29.10,24.70,35.20,75.00,0.50
Maco,2024-04-18,28.90,24.30,34.50,73.00,0.70
Maco,2024-04-19,28.80,24.50,34.30,72.00,1.50
Maco,2024-04-20,28.90,23.30,35.70,66.00,0.00
Maco,2024-04-21,27.60,25.40,30.50,83.00,7.30
Maco,2024-04-22,28.60,25.10,33.60,82.00,8.60
Maco,2024-04-23,27.70,24.90,31.20,86.00,2.60
Maco,2024-04-24,28.40,25.40,33.40,83.00,4.80
Maco,2024-04-25,28.90,24.60,34.00,79.00,3.30
Maco,2024-04-26,28.10,25.00,32.00,85.00,27.30
Maco,2024-04-27,27.20,25.20,31.90,89.00,26.80
Maco,2024-04-28,28.40,24.50,33.40,81.00,1.40
Maco,2024-04-29,28.00,25.30,32.70,81.00,12.10
Maco,2024-04-30,25.80,24.70,28.00,94.00,28.90
Maco,2024-05-01,27.50,24.50,31.00,85.00,4.40
Maco,2024-05-02,28.70,24.90,34.00,78.00,0.40
Maco,2024-05-03,28.40,23.40,34.30,72.00,1.10
Maco,2024-05-04,27.30,24.70,32.10,83.00,14.00
Maco,2024-05-05,28.30,24.80,33.10,82.00,1.60
Maco,2024-05-06,28.20,25.10,33.50,81.00,4.70
Maco,2024-05-07,28.30,24.00,33.00,80.00,0.50
Maco,2024-05-08,28.20,24.20,33.20,82.00,2.40
Maco,2024-05-09,27.50,23.90,31.70,84.00,8.40
Maco,2024-05-10,27.50,24.50,32.80,86.00,18.40
Maco,2024-05-11,27.80,23.90,32.50,84.00,7.80
Maco,2024-05-12,26.90,25.10,29.90,90.00,25.90
Maco,2024-05-13,27.40,24.50,31.60,89.00,9.60
Maco,2024-05-14,28.00,24.10,32.70,86.00,4.10
Maco,2024-05-15,28.20,24.80,32.70,83.00,7.00
Maco,2024-05-16,27.80,24.70,32.70,84.00,10.40
Maco,2024-05-17,28.40,24.30,32.70,81.00,0.30
Maco,2024-05-18,29.00,25.70,33.40,78.00,0.50
Maco,2024-05-19,28.10,24.90,32.00,83.00,0.70
Maco,2024-05-20,27.70,24.50,30.70,87.00,10.00
Maco,2024-05-21,27.70,24.70,30.70,86.00,24.90
Maco,2024-05-22,27.60,24.10,32.80,85.00,8.80
Maco,2024-05-23,28.20,24.30,33.90,85.00,13.70
Maco,2024-05-24,27.60,25.20,31.60,88.00,13.40
Maco,2024-05-25,28.50,25.00,32.30,84.00,2.20
Maco,2024-05-26,27.80,25.80,31.10,89.00,16.00
Maco,2024-05-27,27.80,25.10,31.10,88.00,5.80
Maco,2024-05-28,28.20,25.10,31.30,84.00,5.20
Maco,2024-05-29,28.00,24.70,31.90,85.00,15.30
Maco,2024-05-30,27.80,25.10,30.80,88.00,9.80
Maco,2024-05-31,27.80,24.80,32.30,87.00,24.80
Maco,2024-06-01,28.20,25.30,32.00,85.00,5.60
Maco,2024-06-02,27.70,25.30,31.60,88.00,8.40
Maco,2024-06-03,27.90,25.00,31.60,85.00,7.70
Maco,2024-06-04,27.70,24.50,30.70,85.00,1.20
Maco,2024-06-05,28.30,25.60,32.10,84.00,1.70
Maco,2024-06-06,27.30,24.80,30.40,88.00,7.50
Maco,2024-06-07,27.30,24.40,31.30,87.00,2.70
Maco,2024-06-08,26.90,24.00,30.70,89.00,29.50
Maco,2024-06-09,27.10,24.00,31.50,87.00,29.20
Maco,2024-06-10,26.70,24.20,29.70,90.00,10.30
Maco,2024-06-11,27.30,24.60,32.20,86.00,12.80
Maco,2024-06-12,26.90,24.20,30.50,88.00,6.80
Maco,2024-06-13,26.10,24.30,27.70,92.00,20.00
Maco,2024-06-14,27.40,24.20,31.00,84.00,0.00
Maco,2024-06-15,27.40,24.60,31.70,83.00,1.70
Maco,2024-06-16,26.60,24.20,31.20,89.00,14.70
Maco,2024-06-17,26.90,24.20,30.60,89.00,6.20
Maco,2024-06-18,27.00,24.00,31.20,86.00,19.90
Maco,2024-06-19,26.50,24.70,29.50,89.00,7.30
Maco,2024-06-20,25.90,24.60,27.40,91.00,7.80
Maco,2024-06-21,27.10,24.30,29.80,86.00,2.90
Maco,2024-06-22,26.50,24.60,29.10,90.00,22.30
Maco,2024-06-23,26.60,24.30,30.40,87.00,26.90
Maco,2024-06-24,26.40,24.40,30.20,90.00,27.20
Maco,2024-06-25,26.70,24.10,30.70,89.00,24.90
Maco,2024-06-26,25.70,24.20,27.80,92.00,19.20
Maco,2024-06-27,26.70,24.00,31.10,89.00,28.00
Maco,2024-06-28,27.20,24.00,30.70,87.00,1.80
Maco,2024-06-29,27.20,24.30,31.70,88.00,15.40
Maco,2024-06-30,26.70,24.50,30.70,90.00,18.60
Maco,2024-07-01,26.80,25.10,29.60,89.00,3.60
Maco,2024-07-02,26.70,24.70,30.00,91.00,11.30
Maco,2024-07-03,26.70,24.00,30.70,90.00,25.00
Maco,2024-07-04,26.00,23.80,29.20,89.00,29.50
Maco,2024-07-05,26.60,23.00,30.10,87.00,4.40
Maco,2024-07-06,26.90,23.60,30.50,88.00,5.80
Maco,2024-07-07,27.10,23.50,31.10,87.00,4.80
Maco,2024-07-08,26.20,24.40,28.10,90.00,2.50
Maco,2024-07-09,26.80,23.90,31.00,85.00,12.70
Maco,2024-07-10,27.00,23.70,31.00,86.00,19.90
Maco,2024-07-11,26.20,23.80,30.20,90.00,33.20
Maco,2024-07-12,25.90,24.20,29.10,92.00,36.70
Maco,2024-07-13,26.90,24.60,30.10,87.00,3.10
Maco,2024-07-14,26.40,24.90,28.10,85.00,8.50
Maco,2024-07-15,25.90,24.50,28.50,92.00,22.70
Maco,2024-07-16,25.90,23.90,29.40,91.00,20.30
Maco,2024-07-17,26.70,25.10,28.60,86.00,2.50
Maco,2024-07-18,26.60,25.60,28.00,88.00,6.60
Maco,2024-07-19,26.70,25.60,28.50,86.00,4.10
Maco,2024-07-20,27.60,26.20,29.50,81.00,0.80
Maco,2024-07-21,27.70,26.30,30.40,81.00,0.70
Maco,2024-07-22,27.80,26.20,29.70,82.00,1.20
Maco,2024-07-23,28.30,26.90,30.50,78.00,0.20
Maco,2024-07-24,28.40,26.60,31.10,78.00,0.00
Maco,2024-07-25,28.30,26.70,30.50,80.00,0.00
Maco,2024-07-26,27.80,25.70,30.60,87.00,4.00
Maco,2024-07-27,26.20,24.70,29.20,92.00,15.70
Maco,2024-07-28,26.70,24.00,30.00,86.00,0.10
Maco,2024-07-29,27.00,24.80,30.00,87.00,1.80
Maco,2024-07-30,27.10,23.70,30.30,85.00,1.20
Maco,2024-07-31,27.30,24.80,30.30,83.00,0.50
Maco,2024-08-01,27.20,25.10,30.40,83.00,14.30
Maco,2024-08-02,27.50,24.80,31.00,81.00,0.10
Maco,2024-08-03,27.90,24.50,31.20,79.00,0.00
Maco,2024-08-04,27.70,25.00,30.40,81.00,0.00
Maco,2024-08-05,28.10,26.30,30.80,78.00,0.00
Maco,2024-08-06,28.40,26.20,31.00,79.00,0.00
Maco,2024-08-07,27.90,24.50,30.60,83.00,2.60
Maco,2024-08-08,27.30,25.10,30.40,85.00,21.00
Maco,2024-08-09,26.50,24.00,30.20,88.00,8.50
Maco,2024-08-10,27.90,25.40,31.00,80.00,1.40
Maco,2024-08-11,27.60,24.00,30.70,84.00,0.40
Maco,2024-08-12,28.10,26.30,30.80,81.00,1.10
Maco,2024-08-13,26.80,24.40,30.20,88.00,25.60
Maco,2024-08-14,26.90,23.50,30.60,85.00,2.00
Maco,2024-08-15,27.20,23.60,30.80,86.00,4.10
Maco,2024-08-16,27.60,25.50,30.50,85.00,6.10
Maco,2024-08-17,26.90,24.30,31.50,88.00,24.40
Maco,2024-08-18,27.10,23.90,31.00,87.00,5.20
Maco,2024-08-19,27.00,24.30,30.10,87.00,11.70
Maco,2024-08-20,27.00,24.70,30.10,89.00,11.30
Maco,2024-08-21,27.10,24.30,32.00,87.00,9.40
Maco,2024-08-22,26.90,25.00,31.20,89.00,43.70
Maco,2024-08-23,27.40,24.50,30.60,85.00,6.40
Maco,2024-08-24,27.10,24.00,30.30,83.00,2.00
Maco,2024-08-25,27.60,24.90,30.90,83.00,10.60
Maco,2024-08-26,27.70,24.20,30.50,83.00,0.30
Maco,2024-08-27,28.30,26.00,32.00,82.00,1.40
Maco,2024-08-28,28.30,25.20,31.80,80.00,0.60
Maco,2024-08-29,26.20,25.30,27.40,90.00,10.50
Maco,2024-08-30,27.20,24.90,30.40,88.00,8.50
Maco,2024-08-31,26.70,25.30,28.60,86.00,3.40
Maco,2024-09-01,27.40,25.90,29.30,82.00,2.70
Maco,2024-09-02,28.50,26.50,31.10,75.00,0.00
Maco,2024-09-03,28.40,26.90,30.60,80.00,0.20
Maco,2024-09-04,28.70,26.70,31.80,77.00,0.60
Maco,2024-09-05,28.40,25.10,32.40,79.00,4.10
Maco,2024-09-06,27.80,24.70,30.70,87.00,3.40
Maco,2024-09-07,28.30,26.00,31.90,84.00,7.20
Maco,2024-09-08,27.80,24.50,31.40,82.00,11.20
Maco,2024-09-09,27.80,24.70,32.20,83.00,20.90
Maco,2024-09-10,27.00,23.90,30.20,86.00,1.60
Maco,2024-09-11,28.00,25.30,32.60,82.00,5.30
Maco,2024-09-12,27.40,25.60,29.90,82.00,3.30
Maco,2024-09-13,27.40,24.80,30.00,83.00,1.60
Maco,2024-09-14,28.40,26.70,30.60,73.00,0.40
Maco,2024-09-15,28.50,27.10,30.80,72.00,0.90
Maco,2024-09-16,28.60,26.80,30.90,74.00,0.30
Maco,2024-09-17,28.60,27.00,31.30,74.00,0.00
Maco,2024-09-18,29.10,27.40,31.60,73.00,0.10
Maco,2024-09-19,27.70,25.70,30.40,84.00,1.00
Maco,2024-09-20,27.70,25.90,30.90,86.00,4.70
Maco,2024-09-21,27.30,24.50,30.90,86.00,14.90
Maco,2024-09-22,26.80,24.10,30.10,87.00,14.10
Maco,2024-09-23,27.40,23.80,31.60,82.00,3.50
Maco,2024-09-24,26.40,24.20,30.60,88.00,13.80
Maco,2024-09-25,27.10,23.90,30.80,85.00,8.60
Maco,2024-09-26,27.00,23.30,31.10,84.00,1.80
Maco,2024-09-27,27.00,23.70,30.90,85.00,1.20
Maco,2024-09-28,27.60,23.60,31.20,82.00,0.00
Maco,2024-09-29,28.60,26.90,31.10,80.00,0.10
Maco,2024-09-30,27.10,24.90,30.00,87.00,15.40
Maco,2024-10-01,26.40,23.60,31.10,87.00,21.20
Maco,2024-10-02,27.10,24.30,32.20,85.00,13.60
Maco,2024-10-03,26.30,23.50,28.70,89.00,2.80
Maco,2024-10-04,27.30,24.00,31.00,84.00,4.50
Maco,2024-10-05,27.50,23.70,31.00,83.00,0.10
Maco,2024-10-06,28.10,24.60,31.60,78.00,0.30
Maco,2024-10-07,28.30,24.80,31.70,78.00,0.00
Maco,2024-10-08,28.30,25.40,31.70,80.00,0.00
Maco,2024-10-09,28.00,25.00,31.70,83.00,0.00
Maco,2024-10-10,27.80,25.00,31.70,83.00,5.20
Maco,2024-10-11,27.70,24.30,31.80,81.00,2.30
Maco,2024-10-12,27.30,23.70,30.30,83.00,1.70
Maco,2024-10-13,27.80,24.20,31.60,83.00,5.50
Maco,2024-10-14,27.40,24.70,31.30,86.00,12.30
Maco,2024-10-15,26.90,23.70,30.60,86.00,10.20
Maco,2024-10-16,26.80,23.50,31.30,86.00,17.30
Maco,2024-10-17,27.10,24.00,30.80,85.00,1.40
Maco,2024-10-18,27.20,24.10,31.00,87.00,8.50
Maco,2024-10-19,27.70,24.70,31.40,83.00,0.60
Maco,2024-10-20,27.50,24.70,32.10,83.00,17.10
Maco,2024-10-21,28.10,25.30,31.60,77.00,1.80
Maco,2024-10-22,27.80,26.00,29.80,78.00,0.20
Maco,2024-10-23,29.10,27.10,32.00,73.00,1.10
Maco,2024-10-24,29.40,27.00,31.80,71.00,0.20
Maco,2024-10-25,29.00,26.50,32.60,74.00,0.90
Maco,2024-10-26,28.10,25.50,31.90,78.00,0.70
Maco,2024-10-27,28.70,25.90,31.70,68.00,0.00
Maco,2024-10-28,29.20,26.00,33.00,69.00,3.40
Maco,2024-10-29,28.90,25.40,32.80,71.00,0.00
Maco,2024-10-30,28.70,25.50,33.90,72.00,3.50
Maco,2024-10-31,27.60,25.20,32.40,82.00,11.90
Maco,2024-11-01,27.60,24.20,33.30,77.00,5.20
Maco,2024-11-02,27.00,24.00,31.80,83.00,6.30
Maco,2024-11-03,27.10,23.90,32.40,84.00,4.00
Maco,2024-11-04,26.30,23.30,30.90,85.00,1.40
Maco,2024-11-05,26.40,23.80,29.00,85.00,0.60
Maco,2024-11-06,27.80,24.90,33.10,77.00,4.60
Maco,2024-11-07,26.60,23.80,31.40,87.00,15.10
Maco,2024-11-08,27.70,23.90,32.50,80.00,5.10
Maco,2024-11-09,27.60,23.80,33.10,80.00,13.30
Maco,2024-11-10,27.50,24.00,32.20,84.00,2.10
Maco,2024-11-11,27.70,24.40,31.70,85.00,4.30
Maco,2024-11-12,27.30,23.60,32.30,84.00,2.50
Maco,2024-11-13,27.90,22.80,33.50,78.00,0.50
Maco,2024-11-14,28.30,23.40,34.40,76.00,1.00
Maco,2024-11-15,27.80,24.20,33.70,81.00,3.90
Maco,2024-11-16,28.50,25.30,33.40,76.00,1.30
Maco,2024-11-17,27.70,24.60,33.60,83.00,13.30
Maco,2024-11-18,26.20,23.50,32.30,90.00,5.90
Maco,2024-11-19,26.30,24.30,31.00,89.00,1.30
Maco,2024-11-20,27.40,23.80,33.10,81.00,1.80
Maco,2024-11-21,28.20,23.50,34.60,77.00,1.00
Maco,2024-11-22,27.00,24.30,31.90,85.00,4.50
Maco,2024-11-23,25.80,23.80,30.30,95.00,16.80
Maco,2024-11-24,26.50,23.80,31.80,90.00,13.60
Maco,2024-11-25,26.60,24.10,31.20,89.00,3.10
Maco,2024-11-26,27.50,23.60,33.70,81.00,9.70
Maco,2024-11-27,25.90,24.20,30.90,94.00,35.40
Maco,2024-11-28,25.90,24.00,29.80,94.00,12.80
Maco,2024-11-29,25.90,24.20,29.00,94.00,43.90
Maco,2024-11-30,25.80,23.50,30.70,93.00,27.60
Maco,2024-12-01,26.10,24.90,28.00,95.00,7.90
Maco,2024-12-02,26.20,23.60,31.00,91.00,16.40
Maco,2024-12-03,26.80,24.10,30.80,91.00,2.40
Maco,2024-12-04,27.60,24.10,32.80,81.00,0.20
Maco,2024-12-05,27.70,23.70,32.70,79.00,1.20
Maco,2024-12-06,27.40,23.90,32.20,83.00,2.10
Maco,2024-12-07,26.60,24.50,30.90,91.00,10.80
Maco,2024-12-08,25.60,24.20,28.70,95.00,26.80
Maco,2024-12-09,26.50,24.70,32.40,94.00,24.70
Maco,2024-12-10,25.70,24.40,28.10,97.00,34.00
Maco,2024-12-11,26.30,24.00,31.90,92.00,28.00
Maco,2024-12-12,25.90,24.10,29.00,94.00,14.40
Maco,2024-12-13,26.50,24.20,31.50,91.00,8.10
Maco,2024-12-14,26.50,23.30,30.70,84.00,1.80
Maco,2024-12-15,26.40,24.10,29.20,82.00,0.70
Maco,2024-12-16,25.40,23.90,28.00,91.00,14.80
Maco,2024-12-17,24.50,23.60,26.20,97.00,12.70
Maco,2024-12-18,26.20,23.70,30.40,90.00,15.40
Maco,2024-12-19,26.10,23.80,29.50,91.00,4.30
Maco,2024-12-20,25.90,24.20,29.20,95.00,17.70
Maco,2024-12-21,26.60,24.00,29.40,91.00,1.70
Maco,2024-12-22,26.80,24.50,31.60,92.00,7.00
Maco,2024-12-23,26.60,23.40,31.90,90.00,7.30
Maco,2024-12-24,26.00,24.40,28.00,96.00,18.30
Maco,2024-12-25,25.60,24.00,28.30,95.00,45.50
Maco,2024-12-26,25.40,24.10,28.10,96.00,29.60
Maco,2024-12-27,25.00,23.80,27.10,97.00,16.70
Maco,2024-12-28,25.90,24.00,29.20,91.00,2.20
Maco,2024-12-29,26.20,23.70,31.00,90.00,31.90
Maco,2024-12-30,26.00,23.60,30.20,94.00,9.60
Maco,2024-12-31,25.60,23.50,29.10,95.00,35.50
Maco,2025-01-01,25.70,24.10,28.00,93.00,7.90
Maco,2025-01-02,25.60,23.60,30.50,94.00,18.20
Maco,2025-01-03,26.00,23.60,31.00,91.00,8.50
Maco,2025-01-04,25.70,23.00,30.90,93.00,18.50
Maco,2025-01-05,25.60,22.90,29.70,93.00,13.40
Maco,2025-01-06,26.10,23.20,30.30,91.00,6.60
Maco,2025-01-07,26.20,23.30,30.90,91.00,8.50
Maco,2025-01-08,25.80,23.70,30.50,94.00,23.90
Maco,2025-01-09,25.60,23.70,29.00,94.00,15.80
Maco,2025-01-10,25.30,23.20,30.20,93.00,16.10
Maco,2025-01-11,25.60,23.20,29.40,92.00,13.10
Maco,2025-01-12,25.60,23.10,29.70,93.00,15.30
Maco,2025-01-13,26.00,23.10,30.00,92.00,3.10
Maco,2025-01-14,26.40,23.30,31.20,87.00,0.80
Maco,2025-01-15,25.40,23.50,28.70,92.00,3.60
Maco,2025-01-16,26.60,23.60,30.50,88.00,1.10
Maco,2025-01-17,26.90,23.70,32.30,80.00,0.00
Maco,2025-01-18,26.80,22.80,32.00,76.00,0.00
Maco,2025-01-19,26.30,24.20,29.70,83.00,23.00
Maco,2025-01-20,25.80,24.30,29.50,96.00,15.80
Maco,2025-01-21,26.10,23.40,30.80,92.00,8.30
Maco,2025-01-22,26.60,23.90,31.20,90.00,2.10
Maco,2025-01-23,26.00,24.30,29.90,92.00,31.10
Maco,2025-01-24,26.20,23.50,30.30,91.00,5.50
Maco,2025-01-25,25.80,24.00,29.00,94.00,20.30
Maco,2025-01-26,25.70,23.40,29.10,93.00,6.60
Maco,2025-01-27,25.20,23.40,28.00,94.00,29.30
Maco,2025-01-28,26.40,23.20,30.90,83.00,0.00
Maco,2025-01-29,25.00,23.30,27.80,93.00,7.40
Maco,2025-01-30,25.30,23.50,29.40,94.00,12.30
Maco,2025-01-31,26.30,23.30,31.30,88.00,1.50
Maco,2025-02-01,25.60,22.70,30.80,90.00,15.30
Maco,2025-02-02,24.90,23.40,27.90,97.00,39.70
Maco,2025-02-03,26.20,22.60,30.80,85.00,0.40
Maco,2025-02-04,25.90,23.90,29.60,86.00,2.20
Maco,2025-02-05,25.10,23.40,27.30,91.00,8.90
Maco,2025-02-06,24.60,23.10,27.00,96.00,10.00
Maco,2025-02-07,25.50,23.50,29.10,93.00,19.90
Maco,2025-02-08,25.90,23.50,30.10,93.00,13.40
Maco,2025-02-09,26.30,23.30,31.20,89.00,3.90
Maco,2025-02-10,25.10,23.40,28.20,96.00,12.20
Maco,2025-02-11,26.40,23.70,30.60,85.00,0.80
Maco,2025-02-12,24.80,23.40,26.10,96.00,23.20
Maco,2025-02-13,25.60,23.20,29.30,91.00,18.20
Maco,2025-02-14,25.60,23.30,28.80,90.00,4.20
Maco,2025-02-15,25.50,23.70,29.90,96.00,21.00
Maco,2025-02-16,25.20,22.70,29.10,94.00,13.90
Maco,2025-02-17,25.70,22.70,30.90,91.00,30.00
Maco,2025-02-18,25.70,22.70,31.40,90.00,6.20
Maco,2025-02-19,25.50,23.20,29.70,92.00,18.50
Maco,2025-02-20,25.30,23.00,30.90,92.00,15.80
Maco,2025-02-21,24.80,23.20,27.70,94.00,7.80
Maco,2025-02-22,25.80,23.10,30.80,89.00,1.10
Maco,2025-02-23,25.80,22.00,30.90,86.00,1.50
Maco,2025-02-24,25.80,22.70,30.20,86.00,1.50
Maco,2025-02-25,24.60,22.90,27.10,95.00,8.40
Maco,2025-02-26,25.50,22.70,29.60,91.00,1.90
Maco,2025-02-27,25.30,22.60,28.50,89.00,3.50
Maco,2025-02-28,24.50,23.00,26.90,97.00,16.10
Maco,2025-03-01,26.00,23.40,30.70,91.00,20.70
Maco,2025-03-02,26.00,23.50,31.30,91.00,19.70
Maco,2025-03-03,25.80,23.40,30.30,93.00,20.60
Maco,2025-03-04,25.60,24.30,30.10,96.00,45.10
Maco,2025-03-05,25.60,23.90,29.30,96.00,28.20
Maco,2025-03-06,25.40,23.10,28.30,94.00,18.40
Maco,2025-03-07,25.60,23.00,30.80,93.00,13.80
Maco,2025-03-08,26.90,23.30,31.80,85.00,1.80
Maco,2025-03-09,25.20,23.50,28.40,95.00,22.10
Maco,2025-03-10,25.10,23.10,30.20,94.00,8.60
Maco,2025-03-11,26.70,23.10,32.10,85.00,0.50
Maco,2025-03-12,27.00,22.60,32.20,82.00,2.50
Maco,2025-03-13,27.20,23.80,32.00,81.00,2.20
Maco,2025-03-14,27.00,23.60,31.60,84.00,1.30
Maco,2025-03-15,26.80,24.00,31.80,89.00,4.60
Maco,2025-03-16,25.50,24.10,28.70,96.00,30.70
Maco,2025-03-17,25.50,23.50,29.20,96.00,24.40
Maco,2025-03-18,26.70,23.50,31.30,87.00,1.30
Maco,2025-03-19,26.40,23.90,32.40,90.00,10.20
Maco,2025-03-20,26.70,23.90,31.90,89.00,3.50
Maco,2025-03-21,25.90,23.60,29.70,92.00,4.20
Maco,2025-03-22,27.00,23.90,31.40,86.00,3.30
Maco,2025-03-23,25.70,23.80,28.30,93.00,15.50
Maco,2025-03-24,26.10,23.60,31.20,90.00,16.70
Maco,2025-03-25,26.50,22.90,31.20,86.00,1.20
Maco,2025-03-26,26.50,23.80,31.80,89.00,13.00
Maco,2025-03-27,26.70,23.90,31.00,87.00,2.00
Maco,2025-03-28,26.50,23.80,31.40,89.00,6.90
Maco,2025-03-29,26.00,23.20,30.90,93.00,40.30
Maco,2025-03-30,25.80,23.70,30.70,94.00,29.90
Maco,2025-03-31,25.90,23.60,31.60,91.00,10.20
Maco,2025-04-01,27.10,22.90,32.50,83.00,0.50
Maco,2025-04-02,27.20,23.80,31.30,85.00,0.70
Maco,2025-04-03,26.90,23.60,31.80,86.00,6.50
Maco,2025-04-04,26.80,23.70,31.50,89.00,2.50
Maco,2025-04-05,25.90,23.40,29.10,89.00,3.80
Maco,2025-04-06,25.90,23.70,30.50,93.00,17.80
Maco,2025-04-07,25.90,23.70,29.20,93.00,5.70
Maco,2025-04-08,26.30,23.40,31.90,90.00,9.50
Maco,2025-04-09,27.20,23.10,32.60,83.00,1.20
Maco,2025-04-10,27.10,23.80,31.80,83.00,7.10
Maco,2025-04-11,25.80,23.80,29.80,95.00,30.30
Maco,2025-04-12,25.80,24.50,29.30,96.00,21.40
Maco,2025-04-13,25.80,23.60,31.20,93.00,23.20
Maco,2025-04-14,26.20,23.40,31.10,93.00,11.60
Maco,2025-04-15,26.50,23.90,31.70,91.00,8.50
Maco,2025-04-16,27.40,23.80,32.00,85.00,1.40
Maco,2025-04-17,26.90,22.70,32.50,85.00,3.40
Maco,2025-04-18,27.40,24.10,32.50,85.00,1.20
Maco,2025-04-19,26.20,23.60,30.50,88.00,10.30
Maco,2025-04-20,26.30,23.40,31.60,92.00,14.90
Maco,2025-04-21,27.00,24.00,31.90,88.00,15.70
Maco,2025-04-22,27.40,23.50,32.60,84.00,2.00
Maco,2025-04-23,27.60,24.10,32.80,82.00,0.40
Maco,2025-04-24,27.60,23.50,32.70,82.00,0.90
Maco,2025-04-25,26.80,23.70,32.00,89.00,22.00
Maco,2025-04-26,25.40,23.90,28.20,96.00,16.00
Maco,2025-04-27,25.60,23.90,30.10,95.00,35.40
Maco,2025-04-28,25.90,23.30,31.90,91.00,9.70
Maco,2025-04-29,25.90,23.70,30.90,93.00,26.40
Maco,2025-04-30,25.60,24.10,29.70,96.00,26.10
Maco,2025-05-01,26.60,23.70,31.50,92.00,16.00
Maco,2025-05-02,25.90,24.70,29.10,94.00,15.30
Maco,2025-05-03,26.50,24.50,30.70,89.00,8.60
Maco,2025-05-04,26.90,23.60,30.70,86.00,8.30
Maco,2025-05-05,26.60,23.80,30.10,89.00,5.10
Maco,2025-05-06,26.10,23.70,29.10,92.00,2.80
Maco,2025-05-07,26.10,24.00,30.10,93.00,19.50
Maco,2025-05-08,26.20,23.50,30.40,91.00,14.60
Maco,2025-05-09,26.20,23.70,31.40,94.00,24.80
Maco,2025-05-10,26.20,23.40,32.10,92.00,21.80
Maco,2025-05-11,26.70,24.00,31.30,88.00,4.50
Maco,2025-05-12,27.20,23.30,32.20,84.00,2.00
Maco,2025-05-13,26.60,23.70,31.20,90.00,18.10
Maco,2025-05-14,26.00,24.30,30.60,94.00,30.30
Maco,2025-05-15,26.10,24.20,30.20,95.00,26.60
Maco,2025-05-16,26.20,23.70,31.90,93.00,24.90
Maco,2025-05-17,25.70,24.30,28.30,96.00,33.10
Maco,2025-05-18,25.40,24.20,27.00,97.00,25.30
Maco,2025-05-19,26.10,23.70,30.70,93.00,31.20
Maco,2025-05-20,25.90,23.60,30.10,94.00,24.00
Maco,2025-05-21,25.70,24.00,29.70,96.00,23.70
Maco,2025-05-22,26.00,24.00,30.60,93.00,23.70
Maco,2025-05-23,25.70,24.10,28.70,96.00,44.00
Maco,2025-05-24,25.70,23.20,29.30,95.00,33.90
Maco,2025-05-25,26.50,23.90,31.20,90.00,9.20
Maco,2025-05-26,26.90,23.90,31.20,89.00,12.80
Maco,2025-05-27,26.50,24.20,30.50,94.00,32.50
Maco,2025-05-28,26.10,23.90,29.10,94.00,11.80
Maco,2025-05-29,26.20,24.20,30.80,92.00,21.40
Maco,2025-05-30,26.80,23.30,30.70,90.00,4.60
Maco,2025-05-31,26.30,24.00,30.80,94.00,30.70
Maco,2025-06-01,26.40,24.10,31.00,91.00,13.60
Maco,2025-06-02,26.70,24.40,30.90,92.00,23.40
Maco,2025-06-03,26.40,23.80,30.80,93.00,17.80
Maco,2025-06-04,26.80,24.10,31.10,91.00,18.80
Maco,2025-06-05,26.30,23.80,30.70,92.00,18.30
Maco,2025-06-06,26.80,24.40,31.10,89.00,2.00
Maco,2025-06-07,26.70,24.30,30.20,87.00,1.00
Maco,2025-06-08,27.90,25.30,31.70,80.00,0.30
Maco,2025-06-09,28.00,24.70,31.80,80.00,0.70
Maco,2025-06-10,28.10,24.80,31.50,80.00,0.00
Maco,2025-06-11,27.50,25.80,29.50,82.00,0.80
Maco,2025-06-12,26.60,24.90,30.40,92.00,14.60
Maco,2025-06-13,26.20,23.50,30.50,93.00,13.10
Maco,2025-06-14,26.20,23.50,31.10,91.00,23.10
Maco,2025-06-15,25.40,24.00,27.70,95.00,12.00
Maco,2025-06-16,26.50,24.10,29.50,88.00,1.70
Maco,2025-06-17,26.30,24.10,30.80,90.00,18.70
Maco,2025-06-18,26.50,23.80,31.60,89.00,9.70
Maco,2025-06-19,25.50,23.70,27.50,95.00,16.30
Maco,2025-06-20,26.10,24.00,29.40,92.00,8.80
Maco,2025-06-21,25.90,23.50,30.60,91.00,26.50
Maco,2025-06-22,26.50,23.20,32.50,87.00,7.30
Maco,2025-06-23,25.50,23.70,27.70,95.00,9.90
Maco,2025-06-24,26.20,23.90,30.10,90.00,15.30
Maco,2025-06-25,26.50,23.30,30.90,88.00,0.10
Maco,2025-06-26,26.70,23.50,30.20,84.00,0.20
Maco,2025-06-27,27.00,24.00,31.70,85.00,1.00
Maco,2025-06-28,26.90,23.50,31.70,86.00,6.20
Maco,2025-06-29,26.10,23.90,31.00,91.00,17.10
Maco,2025-06-30,26.00,23.50,29.00,90.00,9.00
Maco,2025-07-01,27.10,24.10,31.00,86.00,0.20
Maco,2025-07-02,27.50,24.70,31.30,85.00,4.00
Maco,2025-07-03,27.40,24.00,31.20,85.00,1.20
Maco,2025-07-04,26.80,24.20,31.90,86.00,13.50
Maco,2025-07-05,27.30,24.60,31.10,86.00,7.60
Maco,2025-07-06,25.70,23.40,28.70,91.00,13.10
Maco,2025-07-07,26.60,23.20,31.90,87.00,23.30
Maco,2025-07-08,26.80,23.70,31.60,85.00,2.40
Maco,2025-07-09,26.70,24.00,30.60,85.00,12.80
Maco,2025-07-10,27.30,24.90,31.70,82.00,1.20
Maco,2025-07-11,26.60,24.40,29.70,85.00,6.90
Maco,2025-07-12,26.60,24.40,29.90,88.00,5.90
Maco,2025-07-13,27.40,24.20,31.00,82.00,0.20
Maco,2025-07-14,27.50,24.30,31.20,83.00,1.20
Maco,2025-07-15,27.60,25.60,32.10,83.00,5.40
Maco,2025-07-16,27.60,24.40,31.70,81.00,0.00
Maco,2025-07-17,27.30,25.10,30.70,79.00,1.30
Maco,2025-07-18,27.50,25.20,30.80,79.00,1.30
Maco,2025-07-19,27.90,25.70,30.50,76.00,1.20
Maco,2025-07-20,28.20,26.20,31.20,77.00,0.00
Maco,2025-07-21,28.20,25.70,31.50,78.00,1.40
Maco,2025-07-22,27.70,24.80,31.50,80.00,0.10
Maco,2025-07-23,28.70,25.50,32.70,71.00,0.00
Maco,2025-07-24,29.10,27.60,31.60,71.00,0.30
Maco,2025-07-25,29.30,27.40,31.60,72.00,0.20
Maco,2025-07-26,29.10,27.00,32.40,75.00,0.30
Maco,2025-07-27,28.90,27.00,32.00,72.00,0.30
Maco,2025-07-28,29.40,26.80,32.70,70.00,0.00
Maco,2025-07-29,29.70,27.70,32.50,68.00,0.00
Maco,2025-07-30,29.30,27.10,32.50,72.00,0.00
Maco,2025-07-31,29.20,25.50,33.50,72.00,0.00
Maco,2025-08-01,28.50,25.00,32.00,78.00,13.80
Maco,2025-08-02,28.10,23.70,33.10,82.00,0.40
Maco,2025-08-03,27.90,24.60,33.00,83.00,16.50
Maco,2025-08-04,27.30,23.80,33.10,87.00,7.10
Maco,2025-08-05,27.20,24.30,31.40,83.00,1.50
Maco,2025-08-06,27.30,24.20,32.10,80.00,0.20
Maco,2025-08-07,27.30,24.00,32.10,80.00,0.80
Maco,2025-08-08,27.30,24.40,32.00,81.00,2.60
Maco,2025-08-09,27.00,23.90,32.40,87.00,21.80
Maco,2025-08-10,26.50,23.30,32.20,88.00,18.30
Maco,2025-08-11,26.00,23.50,32.20,91.00,23.70
Maco,2025-08-12,25.90,23.30,29.90,89.00,6.90
Maco,2025-08-13,26.40,23.70,30.80,85.00,7.10
Maco,2025-08-14,25.80,23.90,29.60,91.00,7.30
Maco,2025-08-15,26.30,23.80,30.90,88.00,1.70
Maco,2025-08-16,26.50,22.70,31.40,85.00,2.90
Maco,2025-08-17,26.30,23.10,31.80,88.00,2.00
Maco,2025-08-18,26.00,23.10,31.40,91.00,13.50
Maco,2025-08-19,25.10,23.60,27.90,96.00,29.30
Maco,2025-08-20,26.40,22.50,30.70,84.00,0.50
Maco,2025-08-21,26.40,23.40,30.70,86.00,3.80
Maco,2025-08-22,26.00,23.30,30.60,87.00,15.00
Maco,2025-08-23,26.00,22.70,30.90,85.00,1.70
Maco,2025-08-24,25.90,23.00,29.50,85.00,1.00
Maco,2025-08-25,26.10,24.10,29.20,85.00,0.50
Maco,2025-08-26,26.70,23.00,31.00,79.00,4.30
Maco,2025-08-27,27.00,23.60,31.80,83.00,4.20
Maco,2025-08-28,28.00,24.00,32.10,70.00,0.00
Maco,2025-08-29,27.50,24.40,31.40,76.00,0.80
Maco,2025-08-30,25.70,24.30,28.10,90.00,6.30
Maco,2025-08-31,27.00,24.30,30.10,78.00,0.00
Maco,2025-09-01,27.90,24.10,32.10,71.00,0.10
Maco,2025-09-02,28.40,25.80,32.30,73.00,0.10
Maco,2025-09-03,27.20,24.30,31.70,84.00,1.50
Maco,2025-09-04,26.50,24.20,32.00,91.00,30.90
Maco,2025-09-05,26.50,24.20,31.30,89.00,12.60
Maco,2025-09-06,26.60,23.90,30.40,88.00,11.50
Maco,2025-09-07,26.00,23.60,31.50,92.00,13.70
Maco,2025-09-08,25.90,23.30,29.60,91.00,4.80
Maco,2025-09-09,26.30,22.60,31.80,89.00,18.30
Maco,2025-09-10,26.00,23.10,31.20,92.00,33.70
Maco,2025-09-11,26.10,22.90,31.70,90.00,8.80
Maco,2025-09-12,26.10,23.00,30.40,90.00,3.60
Maco,2025-09-13,27.10,24.10,31.40,84.00,1.60
Maco,2025-09-14,26.60,24.10,30.90,88.00,4.00
Maco,2025-09-15,26.60,24.30,30.20,86.00,0.00
Maco,2025-09-16,26.90,25.20,29.70,84.00,1.20
Maco,2025-09-17,27.10,24.60,31.10,85.00,6.00
Maco,2025-09-18,26.60,23.30,30.50,85.00,0.50
Maco,2025-09-19,27.10,23.60,31.30,80.00,0.40
Maco,2025-09-20,28.30,24.40,33.30,76.00,0.00
Maco,2025-09-21,28.50,25.80,32.30,76.00,1.60
Maco,2025-09-22,28.70,25.40,33.20,73.00,0.40
Maco,2025-09-23,28.90,25.60,32.60,67.00,0.00
Maco,2025-09-24,29.00,25.10,34.20,65.00,0.00
Maco,2025-09-25,28.40,24.50,33.10,66.00,0.40
Maco,2025-09-26,28.30,24.10,32.60,68.00,0.00
Maco,2025-09-27,27.50,23.00,34.50,76.00,6.10
Maco,2025-09-28,27.20,23.20,33.90,83.00,3.10
Maco,2025-09-29,26.20,23.50,30.20,90.00,7.20
Maco,2025-09-30,27.10,23.80,31.60,82.00,2.10
Maco,2025-10-01,26.80,22.70,32.50,80.00,2.30
Maco,2025-10-02,27.20,23.70,33.50,81.00,4.40
Maco,2025-10-03,26.50,23.10,32.70,86.00,10.80
Maco,2025-10-04,26.60,22.60,32.80,86.00,5.20
Maco,2025-10-05,27.10,23.30,32.90,83.00,7.80
Maco,2025-10-06,26.50,23.50,32.00,87.00,11.70
Maco,2025-10-07,26.40,23.30,30.20,85.00,4.30
Maco,2025-10-08,26.70,23.80,30.40,83.00,8.00
Maco,2025-10-09,27.60,24.10,31.50,77.00,0.70
Maco,2025-10-10,26.70,23.90,29.80,80.00,1.00
Maco,2025-10-11,26.90,24.10,31.80,85.00,6.00
Maco,2025-10-12,27.50,23.10,33.80,82.00,4.80
Maco,2025-10-13,26.30,24.30,31.00,90.00,15.20
Maco,2025-10-14,26.70,23.70,32.90,86.00,15.40
Maco,2025-10-15,27.00,23.30,32.70,85.00,5.50
Maco,2025-10-16,27.60,23.40,32.60,83.00,2.00
Maco,2025-10-17,27.30,24.60,32.40,86.00,5.10
Maco,2025-10-18,28.10,24.60,32.80,78.00,0.00
Maco,2025-10-19,28.70,25.10,33.40,73.00,0.60
Maco,2025-10-20,28.40,24.40,34.00,79.00,2.80
Maco,2025-10-21,27.50,24.60,32.50,85.00,1.60
Maco,2025-10-22,26.90,24.00,32.10,88.00,15.10
Maco,2025-10-23,27.30,23.80,32.90,87.00,14.60
Maco,2025-10-24,27.60,24.40,33.70,85.00,21.10
Maco,2025-10-25,26.30,23.00,32.10,89.00,9.40
Maco,2025-10-26,25.40,24.10,26.70,96.00,21.10
Maco,2025-10-27,26.70,23.30,30.90,86.00,0.80
Maco,2025-10-28,26.80,23.40,31.60,82.00,0.10
Maco,2025-10-29,26.20,23.70,29.90,89.00,8.00
Maco,2025-10-30,26.80,24.70,31.50,86.00,4.20
Maco,2025-10-31,27.60,24.40,31.10,80.00,1.20
Maco,2025-11-01,27.40,23.90,33.80,81.00,4.30
Maco,2025-11-02,27.00,23.00,33.60,83.00,3.90
Maco,2025-11-03,26.60,23.30,32.20,85.00,6.50
Maco,2025-11-04,27.70,24.90,31.80,80.00,1.50
Maco,2025-11-05,28.90,24.70,34.10,70.00,0.00
Maco,2025-11-06,28.70,25.10,34.70,71.00,1.90
Maco,2025-11-07,27.90,24.90,33.70,77.00,2.20
Maco,2025-11-08,27.90,23.90,32.90,78.00,4.20
Maco,2025-11-09,28.10,24.70,32.40,77.00,0.20
Maco,2025-11-10,29.50,25.90,33.30,67.00,0.40
Maco,2025-11-11,28.60,25.40,34.70,75.00,0.80
Maco,2025-11-12,27.20,23.20,32.60,84.00,1.30
Maco,2025-11-13,26.20,24.10,31.60,90.00,14.40
Maco,2025-11-14,25.60,23.90,29.60,94.00,19.20
Maco,2025-11-15,26.20,23.90,30.10,92.00,13.30
Maco,2025-11-16,25.90,24.20,29.70,94.00,8.10
Maco,2025-11-17,26.20,23.70,31.70,91.00,17.00
Maco,2025-11-18,25.90,23.60,29.70,92.00,10.30
Maco,2025-11-19,25.70,24.00,29.60,94.00,10.20
Maco,2025-11-20,26.60,23.20,31.20,86.00,0.90
Maco,2025-11-21,26.30,23.70,30.80,85.00,3.60
Maco,2025-11-22,27.30,23.50,32.20,83.00,14.50
Maco,2025-11-23,26.10,23.90,30.00,91.00,4.40
Maco,2025-11-24,26.30,24.50,28.90,88.00,4.00
Maco,2025-11-25,28.00,25.50,31.20,80.00,2.00
Maco,2025-11-26,28.10,24.80,32.40,83.00,0.40
Maco,2025-11-27,27.40,24.40,32.30,86.00,12.50
Maco,2025-11-28,27.00,24.10,32.10,87.00,1.90
Maco,2025-11-29,26.90,24.00,32.50,89.00,6.50
Maco,2025-11-30,27.80,24.10,32.90,80.00,4.40
Maco,2025-12-01,25.10,24.10,26.50,95.00,36.70
Maco,2025-12-02,27.00,24.00,31.40,78.00,0.40
Maco,2025-12-03,27.60,23.80,32.20,77.00,0.20
Maco,2025-12-04,27.30,23.40,32.90,78.00,2.30
Maco,2025-12-05,26.40,23.50,32.50,88.00,4.60
Maco,2025-12-06,26.90,23.60,32.20,84.00,4.50
Maco,2025-12-07,27.00,24.00,31.00,84.00,7.10
Maco,2025-12-08,26.90,24.10,32.10,88.00,5.60
Maco,2025-12-09,27.40,24.10,32.40,83.00,3.10
Maco,2025-12-10,27.70,24.80,31.70,78.00,2.40
Maco,2025-12-11,27.60,24.30,33.10,82.00,2.70
Maco,2025-12-12,27.80,23.70,33.80,76.00,0.50
Maco,2025-12-13,27.80,24.20,33.40,72.00,0.00
Maco,2025-12-14,27.30,24.50,31.90,81.00,1.00
Maco,2025-12-15,25.80,23.70,30.00,91.00,9.50
Maco,2025-12-16,26.20,22.90,30.90,87.00,1.80
Maco,2025-12-17,25.60,23.90,29.40,93.00,10.10
Maco,2025-12-18,25.50,23.40,28.50,93.00,7.00
Maco,2025-12-19,25.40,23.50,27.70,94.00,10.90
Maco,2025-12-20,26.20,23.80,30.70,90.00,19.50
Maco,2025-12-21,26.00,23.80,30.50,93.00,22.80
Maco,2025-12-22,26.30,23.70,30.40,91.00,5.00
Maco,2025-12-23,25.70,23.80,28.90,95.00,17.90
Maco,2025-12-24,26.30,24.10,30.90,91.00,15.70
Maco,2025-12-25,26.40,23.80,31.30,89.00,4.50
Maco,2025-12-26,27.10,23.10,32.30,82.00,0.30
Maco,2025-12-27,26.40,24.00,31.10,90.00,31.70
Maco,2025-12-28,26.40,24.00,30.20,88.00,2.30
Maco,2025-12-29,26.20,23.00,30.90,91.00,18.50
Maco,2025-12-30,26.40,24.20,30.60,91.00,20.20
Maco,2025-12-31,26.20,23.60,30.70,89.00,9.50
Maco,2026-01-01,26.80,23.00,31.60,86.00,6.80
Maco,2026-01-02,25.60,23.80,30.90,95.00,25.50
Maco,2026-01-03,26.30,22.90,30.90,88.00,3.50
Maco,2026-01-04,25.50,24.10,28.40,95.00,26.30
Maco,2026-01-05,26.10,23.40,29.20,87.00,1.20
Maco,2026-01-06,27.20,23.60,32.10,81.00,3.70
Maco,2026-01-07,26.60,23.40,31.80,88.00,2.90
Maco,2026-01-08,27.20,23.70,31.90,82.00,0.10
Maco,2026-01-09,26.70,23.20,32.30,84.00,4.10
Maco,2026-01-10,25.60,23.00,30.00,92.00,6.40
Maco,2026-01-11,26.20,23.30,30.50,87.00,0.70
Maco,2026-01-12,26.80,23.10,31.70,80.00,0.30
Maco,2026-01-13,26.00,23.90,29.60,84.00,1.40
Maco,2026-01-14,26.40,23.30,30.30,81.00,1.90
Maco,2026-01-15,27.30,25.10,30.00,73.00,0.40
Maco,2026-01-16,27.10,24.10,33.10,78.00,1.10
Maco,2026-01-17,27.70,23.40,32.60,72.00,0.00
Maco,2026-01-18,27.90,22.50,33.50,70.00,0.00
Maco,2026-01-19,27.20,23.50,33.00,81.00,3.10
Maco,2026-01-20,26.90,23.30,31.40,79.00,0.10
Maco,2026-01-21,27.60,24.10,31.70,69.00,0.40
Maco,2026-01-22,26.70,23.90,31.60,74.00,0.30
Maco,2026-01-23,26.90,24.00,30.90,68.00,0.30
Maco,2026-01-24,26.40,23.60,31.90,75.00,4.30
Maco,2026-01-25,25.50,22.20,29.60,80.00,9.80
Maco,2026-01-26,27.50,24.60,31.70,74.00,0.40
Maco,2026-01-27,27.70,23.30,33.00,77.00,0.60
Maco,2026-01-28,26.70,23.90,30.70,78.00,3.00
Maco,2026-01-29,27.40,24.00,31.50,65.00,0.00
Maco,2026-01-30,26.80,23.80,32.40,68.00,0.20
Maco,2026-01-31,27.90,23.70,34.70,67.00,9.80
Maco,2026-02-01,26.70,22.70,32.40,83.00,0.70
Maco,2026-02-02,27.10,22.90,32.50,78.00,1.50
Maco,2026-02-03,25.70,24.10,29.90,88.00,6.10
Maco,2026-02-04,26.30,23.40,29.70,79.00,0.00
Maco,2026-02-05,25.00,23.80,26.50,91.00,29.20
Maco,2026-02-06,27.40,23.80,32.00,82.00,0.50
Maco,2026-02-07,28.10,24.20,32.50,75.00,4.30
Maco,2026-02-08,26.80,23.70,31.20,83.00,0.50
Maco,2026-02-09,27.00,23.80,32.00,81.00,2.90
Maco,2026-02-10,26.80,23.20,31.90,83.00,1.60
Maco,2026-02-11,26.40,23.70,31.10,88.00,5.20
Maco,2026-02-12,26.50,23.90,31.50,84.00,7.50
Maco,2026-02-13,25.60,23.10,29.90,90.00,5.60
Maco,2026-02-14,26.40,21.40,32.30,80.00,1.60
Maco,2026-02-15,26.90,22.30,33.30,76.00,0.40
Maco,2026-02-16,27.30,23.10,32.40,75.00,1.60
Maco,2026-02-17,27.40,23.40,32.30,74.00,0.40
Maco,2026-02-18,24.70,23.30,25.70,96.00,16.10
Maco,2026-02-19,24.10,22.80,26.10,98.00,58.80
Maco,2026-02-20,23.60,22.80,24.40,97.00,82.20
Maco,2026-02-21,25.70,23.00,30.40,89.00,10.60
Maco,2026-02-22,24.50,23.30,26.40,98.00,30.80
Maco,2026-02-23,25.20,23.00,30.40,93.00,52.40
Maco,2026-02-24,25.70,23.60,30.00,94.00,16.50
Maco,2026-02-25,25.90,23.20,30.20,89.00,10.00
Maco,2026-02-26,25.20,23.30,29.30,93.00,9.90
Maco,2026-02-27,26.40,22.40,31.70,82.00,0.10
Maco,2026-02-28,25.70,23.80,29.50,85.00,6.80
Maco,2026-03-01,26.70,22.80,31.40,82.00,1.80
Maco,2026-03-02,27.00,22.90,32.50,83.00,1.50
Maco,2026-03-03,26.50,23.60,30.70,81.00,0.00
Maco,2026-03-04,26.90,23.80,30.50,81.00,1.50
Maco,2026-03-05,26.90,24.40,30.70,80.00,0.80
Maco,2026-03-06,27.40,24.00,31.90,74.00,0.10
Maco,2026-03-07,26.80,23.30,31.60,79.00,1.10
Maco,2026-03-08,26.50,23.90,32.40,85.00,20.90
Maco,2026-03-09,24.90,23.70,28.50,95.00,25.10
Maco,2026-03-10,25.70,23.20,29.80,85.00,1.30
Maco,2026-03-11,26.10,23.90,30.10,80.00,0.90
Maco,2026-03-12,26.20,23.00,30.80,77.00,2.10
Maco,2026-03-13,26.30,23.50,30.20,74.00,0.50
Maco,2026-03-14,25.80,23.40,29.40,69.00,0.10
Maco,2026-03-15,25.50,21.70,30.10,68.00,0.00
Maco,2026-03-16,25.60,21.10,31.40,72.00,0.00
Maco,2026-03-17,26.30,21.40,31.80,72.00,0.20
Maco,2026-03-18,26.80,22.10,32.70,75.00,0.20
Maco,2026-03-19,27.00,23.00,32.20,77.00,1.20
Maco,2026-03-20,26.20,22.40,31.70,80.00,5.10
Maco,2026-03-21,25.60,22.70,29.40,87.00,2.50
Maco,2026-03-22,26.50,22.40,31.50,79.00,1.60
Maco,2026-03-23,27.10,22.30,32.90,70.00,0.00
Maco,2026-03-24,27.70,22.80,33.00,73.00,0.60
Maco,2026-03-25,28.40,23.20,34.60,70.00,1.60
Maco,2026-03-26,24.90,23.90,25.90,96.00,22.50
Maco,2026-03-27,27.00,22.40,32.80,81.00,3.70
Maco,2026-03-28,27.40,23.40,32.70,72.00,0.00
Maco,2026-03-29,27.10,21.90,33.40,65.00,0.00
Maco,2026-03-30,27.20,22.50,33.30,67.00,0.70
Maco,2026-03-31,27.40,21.80,33.90,70.00,0.50
Maco,2026-04-01,27.60,22.60,33.80,76.00,4.00
Maco,2026-04-02,28.50,23.60,34.20,70.00,1.50
Maco,2026-04-03,28.50,23.30,34.40,67.00,0.50
Maco,2026-04-04,27.60,24.20,33.70,76.00,3.90
Maco,2026-04-05,28.20,23.80,34.10,76.00,0.40
Maco,2026-04-06,28.60,23.50,34.60,69.00,1.30
Maco,2026-04-07,27.80,24.40,33.80,78.00,1.50
Maco,2026-04-08,27.20,23.50,33.60,83.00,7.30
Maco,2026-04-09,27.50,22.30,34.70,75.00,0.40
Maco,2026-04-10,27.50,23.00,34.20,75.00,28.40
Maco,2026-04-11,27.60,23.10,33.30,75.00,8.80
Maco,2026-04-12,27.70,23.00,33.70,76.00,1.70
Maco,2026-04-13,27.40,22.00,34.30,73.00,2.30
Maco,2026-04-14,27.90,22.60,34.60,72.00,0.10
Maco,2026-04-15,27.90,23.20,34.30,74.00,0.30
Maco,2026-04-16,27.70,22.60,34.50,73.00,1.70
Maco,2026-04-17,27.10,23.20,33.20,77.00,2.10
Maco,2026-04-18,28.00,23.70,34.10,75.00,0.40
Maco,2026-04-19,27.90,22.60,34.90,74.00,11.80
Maco,2026-04-20,27.60,22.70,34.40,77.00,1.90
Maco,2026-04-21,27.80,23.10,33.60,77.00,2.10
Maco,2026-04-22,27.90,22.90,32.80,76.00,1.40
Maco,2026-04-23,27.50,23.70,32.10,83.00,5.90
Maco,2026-04-24,28.20,23.70,33.60,77.00,3.30
Maco,2026-04-25,28.30,23.90,34.20,77.00,3.00
Maco,2026-04-26,27.50,24.50,32.90,83.00,13.90
Maco,2026-04-27,27.60,24.50,33.80,87.00,3.30
Maco,2026-04-28,27.70,23.90,32.90,80.00,3.20
Maco,2026-04-29,28.50,22.20,34.80,66.00,0.00
Maco,2026-04-30,27.20,24.00,33.70,84.00,16.80
Maco,2026-05-01,25.60,24.10,30.00,96.00,39.10
Maco,2026-05-02,25.90,23.90,30.10,94.00,33.40
Maco,2026-05-03,26.20,23.20,31.00,91.00,25.20
Maco,2026-05-04,26.10,23.80,30.80,94.00,14.30
Maco,2026-05-05,27.40,23.40,33.50,86.00,9.80
Maco,2026-05-06,27.80,24.40,33.00,84.00,2.80
Maco,2026-05-07,26.90,24.60,31.30,92.00,13.20
Maco,2026-05-08,26.80,24.30,31.90,93.00,30.00
Maco,2026-05-09,26.40,24.00,31.80,92.00,16.20
Maco,2026-05-10,26.60,24.10,31.40,93.00,29.50
Maco,2026-05-11,27.90,24.20,32.50,86.00,3.60
Maco,2026-05-12,28.20,24.70,32.70,84.00,6.20
Maco,2026-05-13,28.10,25.10,32.30,86.00,1.10
Maco,2026-05-14,28.10,24.70,32.70,85.00,4.10
Maco,2026-05-15,27.30,24.20,31.90,92.00,19.00
Maco,2026-05-16,26.80,24.60,30.40,94.00,20.70
Maco,2026-05-17,27.40,24.60,31.10,87.00,19.00
Maco,2026-05-18,27.00,24.50,30.70,91.00,16.40
Maco,2026-05-19,26.70,24.30,31.60,93.00,33.20
Maco,2026-05-20,27.10,23.60,32.30,89.00,9.60
Maco,2026-05-21,27.50,24.30,32.60,89.00,6.50
Maco,2026-05-22,26.90,24.50,32.10,92.00,17.00
Maco,2026-05-23,25.80,24.50,28.40,98.00,46.80
Maco,2026-05-24,27.00,23.70,32.00,90.00,15.80
Maco,2026-05-25,27.10,25.00,31.60,92.00,22.30
Maco,2026-05-26,27.20,23.90,32.00,88.00,11.70
Maco,2026-05-27,27.20,24.80,31.80,91.00,7.80
Maco,2026-05-28,27.40,24.10,32.60,89.00,3.20
Maco,2026-05-29,27.40,25.00,31.50,90.00,4.90
Maco,2026-05-30,28.40,25.10,32.20,81.00,0.30
Maco,2026-05-31,28.00,25.50,32.20,82.00,3.30
Maragusan,2023-01-01,19.20,16.50,21.60,95.00,13.90
Maragusan,2023-01-02,19.10,17.50,20.80,98.00,90.80
Maragusan,2023-01-03,19.80,17.80,22.90,95.00,83.70
Maragusan,2023-01-04,19.80,18.10,21.80,95.00,29.90
Maragusan,2023-01-05,20.00,17.70,23.80,92.00,50.90
Maragusan,2023-01-06,20.50,16.10,25.30,87.00,2.30
Maragusan,2023-01-07,18.90,18.00,20.20,97.00,29.10
Maragusan,2023-01-08,18.90,17.10,21.00,96.00,16.10
Maragusan,2023-01-09,19.50,18.00,22.00,97.00,10.90
Maragusan,2023-01-10,19.40,17.80,21.50,95.00,17.70
Maragusan,2023-01-11,19.50,17.60,22.50,94.00,10.50
Maragusan,2023-01-12,19.60,17.40,21.90,96.00,18.40
Maragusan,2023-01-13,20.20,17.80,22.80,96.00,24.20
Maragusan,2023-01-14,20.00,18.10,22.90,96.00,25.90
Maragusan,2023-01-15,20.50,18.10,23.90,89.00,5.60
Maragusan,2023-01-16,20.30,17.50,25.20,91.00,10.30
Maragusan,2023-01-17,20.00,16.50,24.40,92.00,9.00
Maragusan,2023-01-18,19.90,16.20,24.60,92.00,10.90
Maragusan,2023-01-19,20.10,15.60,24.60,90.00,2.90
Maragusan,2023-01-20,20.20,16.50,24.50,88.00,1.10
Maragusan,2023-01-21,19.70,16.60,22.90,92.00,13.00
Maragusan,2023-01-22,19.10,18.20,20.50,99.00,31.60
Maragusan,2023-01-23,19.60,18.50,22.00,97.00,29.20
Maragusan,2023-01-24,19.80,16.80,22.60,93.00,36.50
Maragusan,2023-01-25,19.00,18.10,21.00,93.00,12.70
Maragusan,2023-01-26,19.60,17.80,22.30,96.00,22.40
Maragusan,2023-01-27,20.00,17.10,23.50,94.00,15.80
Maragusan,2023-01-28,20.50,15.60,24.90,87.00,0.50
Maragusan,2023-01-29,19.40,17.50,21.10,97.00,17.60
Maragusan,2023-01-30,20.30,18.10,23.40,94.00,26.00
Maragusan,2023-01-31,19.80,15.80,23.30,94.00,8.70
Maragusan,2023-02-01,20.20,15.20,25.50,86.00,3.00
Maragusan,2023-02-02,20.80,17.20,25.40,87.00,4.40
Maragusan,2023-02-03,20.90,17.50,25.90,80.00,0.00
Maragusan,2023-02-04,19.20,16.40,22.50,93.00,10.40
Maragusan,2023-02-05,18.80,14.40,23.20,94.00,37.80
Maragusan,2023-02-06,20.10,16.00,24.00,89.00,6.70
Maragusan,2023-02-07,19.90,17.00,24.20,92.00,4.10
Maragusan,2023-02-08,18.80,14.90,23.50,90.00,11.40
Maragusan,2023-02-09,19.70,16.50,24.40,92.00,5.50
Maragusan,2023-02-10,20.10,16.50,25.00,86.00,1.20
Maragusan,2023-02-11,20.20,16.50,24.60,87.00,2.40
Maragusan,2023-02-12,20.30,17.30,24.20,85.00,0.70
Maragusan,2023-02-13,19.50,17.50,20.90,98.00,17.70
Maragusan,2023-02-14,19.00,17.00,21.10,98.00,52.40
Maragusan,2023-02-15,20.10,18.30,24.00,93.00,176.40
Maragusan,2023-02-16,20.30,17.10,24.90,88.00,2.30
Maragusan,2023-02-17,18.80,18.00,19.60,99.00,31.50
Maragusan,2023-02-18,20.10,17.70,23.40,92.00,23.60
Maragusan,2023-02-19,21.00,17.40,24.80,82.00,0.90
Maragusan,2023-02-20,20.90,17.50,25.80,88.00,14.70
Maragusan,2023-02-21,20.60,17.20,24.80,92.00,19.10
Maragusan,2023-02-22,20.00,17.10,23.70,93.00,38.90
Maragusan,2023-02-23,20.50,16.90,25.00,89.00,6.90
Maragusan,2023-02-24,20.50,16.20,24.50,88.00,5.10
Maragusan,2023-02-25,20.40,16.90,24.90,90.00,14.50
Maragusan,2023-02-26,20.40,16.70,24.90,89.00,2.40
Maragusan,2023-02-27,21.40,18.00,26.60,84.00,1.50
Maragusan,2023-02-28,21.20,16.30,26.20,85.00,2.40
Maragusan,2023-03-01,20.70,17.60,24.70,91.00,4.30
Maragusan,2023-03-02,19.60,16.60,23.10,91.00,6.80
Maragusan,2023-03-03,19.80,16.20,24.10,84.00,0.40
Maragusan,2023-03-04,19.20,17.40,22.10,96.00,6.10
Maragusan,2023-03-05,20.20,16.60,24.50,87.00,1.60
Maragusan,2023-03-06,19.10,14.90,23.00,89.00,7.10
Maragusan,2023-03-07,19.60,18.00,21.60,96.00,15.30
Maragusan,2023-03-08,20.30,16.70,25.30,88.00,1.70
Maragusan,2023-03-09,20.20,17.10,24.50,89.00,2.50
Maragusan,2023-03-10,20.30,15.60,25.30,85.00,0.20
Maragusan,2023-03-11,20.40,16.10,24.60,88.00,2.80
Maragusan,2023-03-12,20.20,18.10,22.90,92.00,10.80
Maragusan,2023-03-13,19.80,18.40,23.20,95.00,38.60
Maragusan,2023-03-14,19.00,17.40,21.00,96.00,21.40
Maragusan,2023-03-15,19.90,16.50,24.20,88.00,10.10
Maragusan,2023-03-16,19.90,16.10,24.80,92.00,24.10
Maragusan,2023-03-17,20.10,16.40,23.90,91.00,5.30
Maragusan,2023-03-18,20.20,17.40,25.00,91.00,28.60
Maragusan,2023-03-19,20.10,16.40,25.20,91.00,21.60
Maragusan,2023-03-20,21.00,17.00,26.20,85.00,1.70
Maragusan,2023-03-21,20.20,14.20,25.50,87.00,4.00
Maragusan,2023-03-22,20.10,15.30,25.00,90.00,2.60
Maragusan,2023-03-23,20.00,14.90,25.00,89.00,11.90
Maragusan,2023-03-24,20.20,16.00,24.80,92.00,41.30
Maragusan,2023-03-25,21.30,17.10,25.70,87.00,2.30
Maragusan,2023-03-26,21.40,17.00,26.00,86.00,2.50
Maragusan,2023-03-27,20.80,18.00,24.60,91.00,1.70
Maragusan,2023-03-28,20.20,17.00,23.80,92.00,20.20
Maragusan,2023-03-29,19.80,17.40,23.50,96.00,35.80
Maragusan,2023-03-30,20.00,16.60,24.00,93.00,60.10
Maragusan,2023-03-31,20.00,17.40,23.60,94.00,28.40
Maragusan,2023-04-01,19.70,17.00,23.10,96.00,41.30
Maragusan,2023-04-02,20.20,17.00,24.00,94.00,17.60
Maragusan,2023-04-03,20.30,17.00,24.30,90.00,2.70
Maragusan,2023-04-04,20.60,15.90,25.00,79.00,0.10
Maragusan,2023-04-05,20.10,17.80,22.40,89.00,3.40
Maragusan,2023-04-06,20.60,17.40,23.80,85.00,0.20
Maragusan,2023-04-07,20.10,15.60,24.50,85.00,0.00
Maragusan,2023-04-08,20.30,17.50,23.60,89.00,2.80
Maragusan,2023-04-09,20.10,17.40,24.00,91.00,5.00
Maragusan,2023-04-10,19.50,16.00,23.00,89.00,0.60
Maragusan,2023-04-11,20.80,16.70,25.10,87.00,2.00
Maragusan,2023-04-12,21.10,17.00,24.60,87.00,0.90
Maragusan,2023-04-13,21.40,17.50,25.40,88.00,3.70
Maragusan,2023-04-14,20.80,17.90,23.90,93.00,21.70
Maragusan,2023-04-15,20.90,18.00,24.90,91.00,7.20
Maragusan,2023-04-16,20.50,16.90,24.60,92.00,9.70
Maragusan,2023-04-17,20.40,17.30,24.20,94.00,23.00
Maragusan,2023-04-18,20.80,15.90,25.10,90.00,4.30
Maragusan,2023-04-19,21.20,16.10,25.30,90.00,4.30
Maragusan,2023-04-20,21.50,18.10,24.40,90.00,8.10
Maragusan,2023-04-21,20.30,17.90,24.00,95.00,20.80
Maragusan,2023-04-22,20.50,16.80,25.10,92.00,18.50
Maragusan,2023-04-23,20.40,16.30,25.00,91.00,23.90
Maragusan,2023-04-24,21.00,17.20,24.90,88.00,3.60
Maragusan,2023-04-25,20.60,15.10,25.40,84.00,2.30
Maragusan,2023-04-26,20.50,14.90,25.40,88.00,3.20
Maragusan,2023-04-27,20.40,15.10,24.80,90.00,3.00
Maragusan,2023-04-28,21.50,16.80,26.00,86.00,4.10
Maragusan,2023-04-29,21.10,18.00,24.90,91.00,26.20
Maragusan,2023-04-30,21.00,19.20,25.00,94.00,17.90
Maragusan,2023-05-01,21.60,18.20,25.40,87.00,3.70
Maragusan,2023-05-02,20.70,19.00,24.80,95.00,61.80
Maragusan,2023-05-03,21.30,18.00,24.80,89.00,0.50
Maragusan,2023-05-04,21.30,18.40,25.30,92.00,24.60
Maragusan,2023-05-05,20.90,18.00,25.30,94.00,24.70
Maragusan,2023-05-06,21.20,17.60,25.50,92.00,8.10
Maragusan,2023-05-07,21.80,18.50,25.30,89.00,2.20
Maragusan,2023-05-08,22.00,17.60,26.10,87.00,2.60
Maragusan,2023-05-09,21.90,18.10,26.00,86.00,4.40
Maragusan,2023-05-10,21.40,17.60,24.80,87.00,4.30
Maragusan,2023-05-11,21.40,18.00,25.80,89.00,5.20
Maragusan,2023-05-12,21.50,18.10,25.10,90.00,5.40
Maragusan,2023-05-13,21.50,17.90,25.90,91.00,8.50
Maragusan,2023-05-14,21.70,18.90,25.50,91.00,1.20
Maragusan,2023-05-15,21.20,17.70,25.20,91.00,6.00
Maragusan,2023-05-16,21.50,18.50,25.60,87.00,4.80
Maragusan,2023-05-17,21.70,18.50,26.20,89.00,7.60
Maragusan,2023-05-18,21.20,18.20,25.50,90.00,7.90
Maragusan,2023-05-19,21.00,18.50,24.90,90.00,6.10
Maragusan,2023-05-20,20.70,18.00,24.30,91.00,10.50
Maragusan,2023-05-21,21.10,18.60,24.80,89.00,13.60
Maragusan,2023-05-22,21.30,18.40,24.80,91.00,10.60
Maragusan,2023-05-23,21.50,18.50,25.00,89.00,7.90
Maragusan,2023-05-24,21.00,19.10,23.50,93.00,27.60
Maragusan,2023-05-25,20.80,18.00,24.00,93.00,7.40
Maragusan,2023-05-26,21.10,18.40,25.20,90.00,4.40
Maragusan,2023-05-27,21.20,18.80,24.80,89.00,7.40
Maragusan,2023-05-28,21.70,18.50,25.10,85.00,0.90
Maragusan,2023-05-29,22.50,19.60,26.40,83.00,0.00
Maragusan,2023-05-30,22.70,19.90,26.20,84.00,0.30
Maragusan,2023-05-31,22.60,20.00,25.90,84.00,0.60
Maragusan,2023-06-01,22.50,19.90,26.20,80.00,0.20
Maragusan,2023-06-02,22.40,19.00,26.50,81.00,1.10
Maragusan,2023-06-03,21.90,18.80,26.00,85.00,1.70
Maragusan,2023-06-04,21.60,19.00,26.10,87.00,3.40
Maragusan,2023-06-05,21.40,18.90,25.70,90.00,15.30
Maragusan,2023-06-06,21.20,18.90,24.80,90.00,14.20
Maragusan,2023-06-07,21.20,18.00,24.30,91.00,1.60
Maragusan,2023-06-08,21.40,18.60,25.20,88.00,9.90
Maragusan,2023-06-09,21.60,18.40,25.30,87.00,5.70
Maragusan,2023-06-10,22.10,19.20,25.60,85.00,0.50
Maragusan,2023-06-11,21.90,18.30,26.10,86.00,5.50
Maragusan,2023-06-12,21.60,17.00,25.80,88.00,5.10
Maragusan,2023-06-13,21.70,18.50,25.80,89.00,7.40
Maragusan,2023-06-14,20.90,18.50,25.00,91.00,29.40
Maragusan,2023-06-15,20.50,17.80,23.50,93.00,18.60
Maragusan,2023-06-16,20.40,18.20,23.50,95.00,26.70
Maragusan,2023-06-17,20.30,17.00,24.30,93.00,40.60
Maragusan,2023-06-18,20.20,17.10,23.70,93.00,34.70
Maragusan,2023-06-19,20.20,17.00,24.10,93.00,14.70
Maragusan,2023-06-20,20.50,17.50,24.00,94.00,32.90
Maragusan,2023-06-21,20.30,17.50,23.70,94.00,26.50
Maragusan,2023-06-22,20.10,18.40,22.80,94.00,14.50
Maragusan,2023-06-23,20.60,17.90,24.00,89.00,2.20
Maragusan,2023-06-24,20.80,17.80,24.80,91.00,13.70
Maragusan,2023-06-25,21.20,18.60,24.70,90.00,4.50
Maragusan,2023-06-26,21.30,18.80,24.50,86.00,3.90
Maragusan,2023-06-27,21.60,18.60,25.60,88.00,1.60
Maragusan,2023-06-28,21.20,18.00,25.40,92.00,21.10
Maragusan,2023-06-29,21.00,18.30,25.00,93.00,28.60
Maragusan,2023-06-30,20.90,18.60,24.20,94.00,15.80
Maragusan,2023-07-01,21.00,17.60,24.90,92.00,13.30
Maragusan,2023-07-02,21.00,17.30,25.50,92.00,8.30
Maragusan,2023-07-03,20.80,19.10,23.10,95.00,27.50
Maragusan,2023-07-04,20.40,18.50,23.00,95.00,50.30
Maragusan,2023-07-05,21.10,17.50,25.00,92.00,2.60
Maragusan,2023-07-06,21.50,18.70,25.00,93.00,12.80
Maragusan,2023-07-07,21.10,18.00,25.80,91.00,2.80
Maragusan,2023-07-08,20.70,18.10,24.00,94.00,35.20
Maragusan,2023-07-09,20.40,17.10,23.80,94.00,5.70
Maragusan,2023-07-10,21.20,18.20,25.50,89.00,3.30
Maragusan,2023-07-11,21.60,18.30,25.20,90.00,7.10
Maragusan,2023-07-12,21.30,19.20,24.00,90.00,8.40
Maragusan,2023-07-13,21.70,19.40,25.70,86.00,6.10
Maragusan,2023-07-14,22.40,19.60,26.00,80.00,0.00
Maragusan,2023-07-15,22.20,19.00,25.70,80.00,0.10
Maragusan,2023-07-16,21.60,18.80,25.00,83.00,0.60
Maragusan,2023-07-17,21.40,19.00,24.00,84.00,9.50
Maragusan,2023-07-18,20.00,18.60,22.00,97.00,14.50
Maragusan,2023-07-19,20.50,18.40,23.50,88.00,2.80
Maragusan,2023-07-20,21.50,18.60,25.00,86.00,1.70
Maragusan,2023-07-21,21.80,18.50,25.50,87.00,1.70
Maragusan,2023-07-22,21.30,19.40,25.20,90.00,11.60
Maragusan,2023-07-23,21.40,17.80,25.00,83.00,0.00
Maragusan,2023-07-24,21.80,19.40,24.50,83.00,0.80
Maragusan,2023-07-25,22.20,19.80,26.00,82.00,0.60
Maragusan,2023-07-26,21.90,19.60,26.00,80.00,0.00
Maragusan,2023-07-27,21.90,19.00,25.40,83.00,0.40
Maragusan,2023-07-28,21.50,19.60,24.70,87.00,4.30
Maragusan,2023-07-29,21.50,19.60,24.50,86.00,1.20
Maragusan,2023-07-30,22.00,18.50,26.50,83.00,0.20
Maragusan,2023-07-31,22.00,18.00,26.50,81.00,0.00
Maragusan,2023-08-01,21.80,17.50,27.00,77.00,0.00
Maragusan,2023-08-02,21.80,17.70,26.70,78.00,0.10
Maragusan,2023-08-03,21.70,17.90,25.90,85.00,2.10
Maragusan,2023-08-04,22.10,17.50,26.60,86.00,2.70
Maragusan,2023-08-05,22.60,18.50,27.30,83.00,0.00
Maragusan,2023-08-06,22.30,18.70,26.40,81.00,1.60
Maragusan,2023-08-07,21.70,17.90,26.00,82.00,1.30
Maragusan,2023-08-08,22.10,17.50,26.20,80.00,1.90
Maragusan,2023-08-09,21.80,18.60,25.90,86.00,5.40
Maragusan,2023-08-10,21.40,18.80,25.70,91.00,4.70
Maragusan,2023-08-11,21.40,18.60,24.60,87.00,8.10
Maragusan,2023-08-12,21.20,19.10,24.30,87.00,3.30
Maragusan,2023-08-13,21.10,18.50,24.80,88.00,5.00
Maragusan,2023-08-14,21.30,19.10,24.20,90.00,4.80
Maragusan,2023-08-15,21.10,18.60,24.20,90.00,2.90
Maragusan,2023-08-16,21.10,19.20,24.40,90.00,8.30
Maragusan,2023-08-17,20.70,18.50,24.00,91.00,9.70
Maragusan,2023-08-18,20.90,18.00,25.00,90.00,7.70
Maragusan,2023-08-19,20.90,18.90,23.90,92.00,9.00
Maragusan,2023-08-20,21.10,19.20,25.00,90.00,11.40
Maragusan,2023-08-21,20.40,18.50,23.40,93.00,10.00
Maragusan,2023-08-22,20.70,18.50,24.00,92.00,22.00
Maragusan,2023-08-23,21.00,18.20,24.60,89.00,1.00
Maragusan,2023-08-24,21.50,17.50,26.60,86.00,6.60
Maragusan,2023-08-25,21.10,17.90,25.80,90.00,9.90
Maragusan,2023-08-26,21.30,18.30,25.70,87.00,12.40
Maragusan,2023-08-27,21.60,18.40,26.00,84.00,1.00
Maragusan,2023-08-28,22.10,19.40,25.60,82.00,1.30
Maragusan,2023-08-29,22.20,19.40,25.90,81.00,0.20
Maragusan,2023-08-30,22.40,19.00,26.90,80.00,0.00
Maragusan,2023-08-31,22.50,18.90,26.70,80.00,0.00
Maragusan,2023-09-01,22.50,18.90,26.90,81.00,0.00
Maragusan,2023-09-02,22.40,19.40,26.50,81.00,0.50
Maragusan,2023-09-03,22.10,18.50,26.50,86.00,7.50
Maragusan,2023-09-04,21.70,17.70,27.10,88.00,3.80
Maragusan,2023-09-05,21.60,17.00,25.80,89.00,17.50
Maragusan,2023-09-06,20.80,18.40,24.60,92.00,27.10
Maragusan,2023-09-07,20.60,18.20,24.10,91.00,30.90
Maragusan,2023-09-08,20.60,17.40,24.30,92.00,16.80
Maragusan,2023-09-09,20.70,17.50,24.60,92.00,18.40
Maragusan,2023-09-10,20.70,18.10,24.10,93.00,10.80
Maragusan,2023-09-11,21.30,18.20,25.50,86.00,4.60
Maragusan,2023-09-12,21.20,18.60,25.10,91.00,17.60
Maragusan,2023-09-13,21.00,18.40,24.60,91.00,11.90
Maragusan,2023-09-14,21.70,19.10,25.40,86.00,1.40
Maragusan,2023-09-15,20.60,18.80,22.90,96.00,15.90
Maragusan,2023-09-16,20.30,18.00,23.50,95.00,17.40
Maragusan,2023-09-17,20.40,17.60,24.10,95.00,49.80
Maragusan,2023-09-18,20.00,17.50,23.00,93.00,36.50
Maragusan,2023-09-19,20.60,18.60,24.00,93.00,35.90
Maragusan,2023-09-20,20.50,17.80,24.30,92.00,13.70
Maragusan,2023-09-21,20.50,17.50,23.80,94.00,20.00
Maragusan,2023-09-22,21.30,18.50,25.10,87.00,0.30
Maragusan,2023-09-23,21.40,17.90,26.10,86.00,2.00
Maragusan,2023-09-24,21.20,17.60,25.50,85.00,4.30
Maragusan,2023-09-25,21.40,18.90,25.00,86.00,7.00
Maragusan,2023-09-26,20.60,18.50,24.00,92.00,33.20
Maragusan,2023-09-27,20.70,17.50,24.40,91.00,3.50
Maragusan,2023-09-28,21.50,18.00,24.90,87.00,2.40
Maragusan,2023-09-29,21.50,18.90,24.50,88.00,2.30
Maragusan,2023-09-30,21.90,18.90,25.90,85.00,0.40
Maragusan,2023-10-01,22.40,19.40,25.80,82.00,0.00
Maragusan,2023-10-02,22.70,19.50,26.70,80.00,0.00
Maragusan,2023-10-03,21.80,18.30,26.80,87.00,9.20
Maragusan,2023-10-04,21.60,18.80,26.60,87.00,8.40
Maragusan,2023-10-05,21.50,17.90,26.00,89.00,3.00
Maragusan,2023-10-06,21.60,18.00,25.70,87.00,1.80
Maragusan,2023-10-07,21.10,18.90,24.10,88.00,0.60
Maragusan,2023-10-08,21.00,18.10,24.80,90.00,5.30
Maragusan,2023-10-09,20.40,18.20,22.50,95.00,4.50
Maragusan,2023-10-10,20.30,18.20,22.30,97.00,18.00
Maragusan,2023-10-11,21.00,18.50,24.50,90.00,5.00
Maragusan,2023-10-12,21.60,18.50,25.80,87.00,3.60
Maragusan,2023-10-13,21.20,19.00,23.90,89.00,0.40
Maragusan,2023-10-14,21.20,17.80,25.10,89.00,5.80
Maragusan,2023-10-15,21.20,17.40,25.30,89.00,6.10
Maragusan,2023-10-16,20.50,17.10,24.90,91.00,3.40
Maragusan,2023-10-17,20.70,18.10,24.60,88.00,2.80
Maragusan,2023-10-18,20.30,16.00,25.40,93.00,16.60
Maragusan,2023-10-19,20.20,16.90,24.40,93.00,6.60
Maragusan,2023-10-20,20.60,17.00,25.00,92.00,23.30
Maragusan,2023-10-21,20.50,17.40,25.00,90.00,15.40
Maragusan,2023-10-22,20.40,17.10,25.60,92.00,10.10
Maragusan,2023-10-23,20.20,17.30,25.30,92.00,10.80
Maragusan,2023-10-24,20.70,17.20,25.30,90.00,8.00
Maragusan,2023-10-25,20.90,18.20,24.40,93.00,6.30
Maragusan,2023-10-26,20.20,18.60,22.20,93.00,6.60
Maragusan,2023-10-27,20.70,17.40,24.90,90.00,6.70
Maragusan,2023-10-28,21.30,18.00,25.20,89.00,1.00
Maragusan,2023-10-29,20.80,18.50,24.50,93.00,4.30
Maragusan,2023-10-30,20.00,16.60,23.10,95.00,20.70
Maragusan,2023-10-31,21.30,16.80,26.10,87.00,2.00
Maragusan,2023-11-01,20.80,16.40,25.80,91.00,10.50
Maragusan,2023-11-02,20.90,17.10,24.60,91.00,3.90
Maragusan,2023-11-03,20.30,16.60,24.10,91.00,16.40
Maragusan,2023-11-04,20.30,17.50,24.40,93.00,33.90
Maragusan,2023-11-05,20.50,17.50,25.00,93.00,19.70
Maragusan,2023-11-06,21.10,16.70,25.20,90.00,1.30
Maragusan,2023-11-07,20.90,18.20,24.40,92.00,16.40
Maragusan,2023-11-08,21.00,18.40,24.20,95.00,19.30
Maragusan,2023-11-09,20.60,17.00,24.40,92.00,17.10
Maragusan,2023-11-10,20.10,16.80,24.40,95.00,23.80
Maragusan,2023-11-11,20.90,17.20,24.60,90.00,3.90
Maragusan,2023-11-12,20.40,16.40,25.20,90.00,2.80
Maragusan,2023-11-13,20.90,17.40,25.50,88.00,23.40
Maragusan,2023-11-14,20.60,15.10,25.90,87.00,2.40
Maragusan,2023-11-15,20.90,17.50,25.90,83.00,0.70
Maragusan,2023-11-16,20.10,18.10,22.50,95.00,19.30
Maragusan,2023-11-17,20.20,18.20,22.50,96.00,13.90
Maragusan,2023-11-18,21.20,19.00,24.40,91.00,5.70
Maragusan,2023-11-19,21.20,18.40,24.20,91.00,0.60
Maragusan,2023-11-20,21.70,18.60,25.60,90.00,1.40
Maragusan,2023-11-21,21.90,19.20,25.50,88.00,3.70
Maragusan,2023-11-22,21.20,17.90,25.10,90.00,16.30
Maragusan,2023-11-23,20.60,17.80,24.20,94.00,10.30
Maragusan,2023-11-24,20.90,17.40,24.40,93.00,5.10
Maragusan,2023-11-25,20.00,16.00,24.10,93.00,29.60
Maragusan,2023-11-26,21.20,16.90,25.90,88.00,2.30
Maragusan,2023-11-27,20.80,17.50,24.90,91.00,6.40
Maragusan,2023-11-28,20.40,16.80,24.40,92.00,14.90
Maragusan,2023-11-29,20.90,18.40,23.90,94.00,19.50
Maragusan,2023-11-30,21.20,18.60,24.70,90.00,7.30
Maragusan,2023-12-01,21.20,18.00,25.60,91.00,2.90
Maragusan,2023-12-02,20.70,16.60,25.70,92.00,11.30
Maragusan,2023-12-03,20.30,18.00,23.00,96.00,17.80
Maragusan,2023-12-04,20.40,16.70,24.60,92.00,17.90
Maragusan,2023-12-05,20.70,17.80,24.50,93.00,16.00
Maragusan,2023-12-06,20.60,18.80,23.00,95.00,17.90
Maragusan,2023-12-07,21.00,18.40,24.60,95.00,30.90
Maragusan,2023-12-08,21.00,18.40,24.10,94.00,11.00
Maragusan,2023-12-09,20.40,17.30,24.10,93.00,1.90
Maragusan,2023-12-10,20.40,15.60,25.50,89.00,2.00
Maragusan,2023-12-11,20.40,16.50,24.90,86.00,1.30
Maragusan,2023-12-12,20.30,14.90,24.90,87.00,1.10
Maragusan,2023-12-13,20.20,16.90,23.80,91.00,1.70
Maragusan,2023-12-14,20.90,16.80,25.80,86.00,1.00
Maragusan,2023-12-15,20.70,17.30,25.50,92.00,15.30
Maragusan,2023-12-16,20.60,16.50,25.50,84.00,0.30
Maragusan,2023-12-17,19.90,18.80,21.10,96.00,17.30
Maragusan,2023-12-18,20.50,19.40,22.00,99.00,29.10
Maragusan,2023-12-19,20.40,18.80,22.60,97.00,22.30
Maragusan,2023-12-20,21.40,18.00,25.50,90.00,5.00
Maragusan,2023-12-21,20.30,15.90,25.00,90.00,6.20
Maragusan,2023-12-22,19.70,16.10,23.70,94.00,18.40
Maragusan,2023-12-23,20.70,16.90,26.30,87.00,1.70
Maragusan,2023-12-24,20.40,16.10,24.70,91.00,3.90
Maragusan,2023-12-25,20.20,17.80,22.60,95.00,26.40
Maragusan,2023-12-26,20.50,17.00,25.50,92.00,5.80
Maragusan,2023-12-27,20.50,17.40,25.10,93.00,8.00
Maragusan,2023-12-28,21.20,17.90,25.50,88.00,1.50
Maragusan,2023-12-29,20.80,17.40,25.20,91.00,21.20
Maragusan,2023-12-30,20.60,18.10,23.20,95.00,16.90
Maragusan,2023-12-31,20.60,16.30,25.00,92.00,5.60
Maragusan,2024-01-01,20.60,17.90,23.00,93.00,15.70
Maragusan,2024-01-02,20.50,18.70,22.60,98.00,27.60
Maragusan,2024-01-03,20.50,17.50,23.40,95.00,15.00
Maragusan,2024-01-04,20.80,17.20,24.70,91.00,3.40
Maragusan,2024-01-05,20.60,15.60,25.40,88.00,1.60
Maragusan,2024-01-06,20.60,18.30,23.80,92.00,4.30
Maragusan,2024-01-07,21.00,17.40,26.20,88.00,4.10
Maragusan,2024-01-08,20.70,17.50,24.60,92.00,16.10
Maragusan,2024-01-09,20.50,18.20,23.30,97.00,20.90
Maragusan,2024-01-10,20.90,17.80,24.60,90.00,2.40
Maragusan,2024-01-11,20.90,16.80,25.90,85.00,0.30
Maragusan,2024-01-12,20.80,17.50,25.20,88.00,2.00
Maragusan,2024-01-13,20.20,16.40,24.80,88.00,1.70
Maragusan,2024-01-14,20.90,17.50,25.00,85.00,3.00
Maragusan,2024-01-15,20.70,19.60,23.50,96.00,49.40
Maragusan,2024-01-16,20.30,19.20,22.50,95.00,137.00
Maragusan,2024-01-17,20.30,19.00,22.80,95.00,15.50
Maragusan,2024-01-18,20.20,19.30,21.80,100.00,27.90
Maragusan,2024-01-19,20.60,17.60,24.20,94.00,3.70
Maragusan,2024-01-20,20.10,15.70,24.90,89.00,2.30
Maragusan,2024-01-21,20.60,16.90,24.40,87.00,1.90
Maragusan,2024-01-22,20.60,17.30,24.40,87.00,1.80
Maragusan,2024-01-23,20.10,16.10,23.90,90.00,1.40
Maragusan,2024-01-24,20.00,14.90,25.00,86.00,0.70
Maragusan,2024-01-25,20.00,16.80,25.10,84.00,0.00
Maragusan,2024-01-26,19.60,16.30,23.80,90.00,7.70
Maragusan,2024-01-27,18.90,17.00,21.90,91.00,3.00
Maragusan,2024-01-28,19.00,17.10,21.30,95.00,2.10
Maragusan,2024-01-29,19.60,18.70,20.90,99.00,24.50
Maragusan,2024-01-30,20.10,19.00,22.10,97.00,97.10
Maragusan,2024-01-31,19.70,19.00,20.30,100.00,73.90
Maragusan,2024-02-01,20.00,18.50,21.60,98.00,39.00
Maragusan,2024-02-02,20.90,19.10,23.80,96.00,11.00
Maragusan,2024-02-03,21.00,16.40,24.60,91.00,4.60
Maragusan,2024-02-04,20.60,18.20,23.00,96.00,20.10
Maragusan,2024-02-05,20.50,16.50,24.10,91.00,2.30
Maragusan,2024-02-06,19.30,16.50,22.20,93.00,3.80
Maragusan,2024-02-07,19.70,17.70,22.20,92.00,22.70
Maragusan,2024-02-08,20.00,18.10,21.80,96.00,5.60
Maragusan,2024-02-09,19.80,16.20,23.40,93.00,7.80
Maragusan,2024-02-10,20.00,15.20,25.20,84.00,1.40
Maragusan,2024-02-11,19.20,17.80,21.40,95.00,6.30
Maragusan,2024-02-12,20.20,16.80,24.80,85.00,0.50
Maragusan,2024-02-13,20.40,16.10,25.40,85.00,2.70
Maragusan,2024-02-14,21.00,17.10,26.10,84.00,7.10
Maragusan,2024-02-15,20.20,14.70,27.00,81.00,0.20
Maragusan,2024-02-16,20.60,17.40,24.70,92.00,7.70
Maragusan,2024-02-17,20.60,15.10,26.10,87.00,1.00
Maragusan,2024-02-18,21.60,17.80,25.80,91.00,7.30
Maragusan,2024-02-19,20.40,15.40,26.40,85.00,1.10
Maragusan,2024-02-20,20.50,15.40,27.40,81.00,0.20
Maragusan,2024-02-21,20.30,14.90,25.50,87.00,5.00
Maragusan,2024-02-22,21.20,19.80,24.40,96.00,14.70
Maragusan,2024-02-23,21.00,20.00,23.20,98.00,17.20
Maragusan,2024-02-24,20.60,14.80,24.80,89.00,2.50
Maragusan,2024-02-25,19.80,13.60,26.00,83.00,1.40
Maragusan,2024-02-26,20.40,15.90,24.20,89.00,1.10
Maragusan,2024-02-27,20.10,18.40,23.50,91.00,18.20
Maragusan,2024-02-28,19.20,17.40,21.30,97.00,18.40
Maragusan,2024-02-29,20.50,18.50,23.20,98.00,15.40
Maragusan,2024-03-01,21.50,19.40,25.00,93.00,9.30
Maragusan,2024-03-02,20.80,17.10,25.50,86.00,0.50
Maragusan,2024-03-03,19.80,14.90,25.30,83.00,0.20
Maragusan,2024-03-04,20.40,14.60,26.10,84.00,0.90
Maragusan,2024-03-05,21.00,16.90,25.20,89.00,7.40
Maragusan,2024-03-06,21.30,17.60,25.00,91.00,3.70
Maragusan,2024-03-07,20.20,14.80,25.50,83.00,0.20
Maragusan,2024-03-08,19.50,13.00,25.80,87.00,3.70
Maragusan,2024-03-09,20.00,14.90,25.90,81.00,0.10
Maragusan,2024-03-10,19.60,15.20,25.50,76.00,0.00
Maragusan,2024-03-11,19.70,14.20,25.80,76.00,0.00
Maragusan,2024-03-12,20.70,17.50,24.60,91.00,15.50
Maragusan,2024-03-13,20.40,16.20,24.90,89.00,2.60
Maragusan,2024-03-14,20.20,15.10,26.00,84.00,0.10
Maragusan,2024-03-15,20.40,15.80,26.50,80.00,0.20
Maragusan,2024-03-16,20.00,14.60,26.20,79.00,0.00
Maragusan,2024-03-17,20.00,16.00,25.20,78.00,0.00
Maragusan,2024-03-18,19.70,15.30,25.00,80.00,0.00
Maragusan,2024-03-19,20.30,15.60,24.60,81.00,0.60
Maragusan,2024-03-20,21.00,17.50,25.40,82.00,1.50
Maragusan,2024-03-21,20.60,17.00,24.60,87.00,4.00
Maragusan,2024-03-22,21.10,17.50,25.10,88.00,9.00
Maragusan,2024-03-23,20.70,15.40,26.50,82.00,0.80
Maragusan,2024-03-24,21.00,16.80,26.50,84.00,3.30
Maragusan,2024-03-25,21.40,16.40,26.40,87.00,8.60
Maragusan,2024-03-26,22.00,19.00,25.80,88.00,9.40
Maragusan,2024-03-27,21.30,17.00,25.70,89.00,4.20
Maragusan,2024-03-28,21.00,17.40,25.90,91.00,15.10
Maragusan,2024-03-29,20.10,17.10,23.40,93.00,54.80
Maragusan,2024-03-30,21.00,16.00,26.00,89.00,6.10
Maragusan,2024-03-31,21.50,17.10,26.40,87.00,9.70
Maragusan,2024-04-01,20.60,15.70,27.40,81.00,0.20
Maragusan,2024-04-02,20.90,15.80,27.10,83.00,2.80
Maragusan,2024-04-03,20.90,14.60,27.20,84.00,2.00
Maragusan,2024-04-04,21.20,16.90,26.00,86.00,2.80
Maragusan,2024-04-05,21.90,17.80,26.40,86.00,3.40
Maragusan,2024-04-06,21.30,19.00,25.00,91.00,23.80
Maragusan,2024-04-07,21.50,16.70,27.30,86.00,2.60
Maragusan,2024-04-08,19.30,12.60,24.30,88.00,3.80
Maragusan,2024-04-09,20.70,14.60,27.00,87.00,6.00
Maragusan,2024-04-10,21.20,17.10,26.00,89.00,2.20
Maragusan,2024-04-11,20.40,13.60,26.70,85.00,1.00
Maragusan,2024-04-12,21.10,15.40,27.30,83.00,0.60
Maragusan,2024-04-13,20.70,14.80,26.20,86.00,2.10
Maragusan,2024-04-14,21.00,15.10,26.50,86.00,4.90
Maragusan,2024-04-15,21.70,16.90,27.40,86.00,2.40
Maragusan,2024-04-16,21.80,16.80,26.40,86.00,1.30
Maragusan,2024-04-17,21.70,16.60,26.90,82.00,1.40
Maragusan,2024-04-18,21.80,16.50,26.90,80.00,1.40
Maragusan,2024-04-19,21.40,15.90,26.50,83.00,1.40
Maragusan,2024-04-20,21.50,15.10,28.30,75.00,0.20
Maragusan,2024-04-21,21.40,19.50,23.90,94.00,8.00
Maragusan,2024-04-22,22.20,17.50,26.80,87.00,13.40
Maragusan,2024-04-23,21.40,18.20,24.80,92.00,27.30
Maragusan,2024-04-24,22.20,18.70,26.10,90.00,26.20
Maragusan,2024-04-25,22.20,17.30,26.50,84.00,10.10
Maragusan,2024-04-26,21.90,18.40,25.90,91.00,30.10
Maragusan,2024-04-27,21.50,19.00,25.70,91.00,32.50
Maragusan,2024-04-28,22.10,17.80,27.60,85.00,3.30
Maragusan,2024-04-29,21.90,18.40,25.60,88.00,5.30
Maragusan,2024-04-30,20.90,18.80,23.50,97.00,47.60
Maragusan,2024-05-01,21.50,18.00,25.70,92.00,9.30
Maragusan,2024-05-02,21.80,16.60,27.20,84.00,0.20
Maragusan,2024-05-03,21.00,15.20,26.10,83.00,2.20
Maragusan,2024-05-04,20.90,18.10,23.80,92.00,24.90
Maragusan,2024-05-05,21.80,16.80,27.40,84.00,3.00
Maragusan,2024-05-06,21.80,18.10,25.60,88.00,3.50
Maragusan,2024-05-07,21.20,15.40,26.60,83.00,0.90
Maragusan,2024-05-08,21.60,16.10,26.00,85.00,1.90
Maragusan,2024-05-09,21.20,16.60,26.70,89.00,6.50
Maragusan,2024-05-10,21.00,16.60,25.10,92.00,16.10
Maragusan,2024-05-11,21.50,16.40,26.20,89.00,7.60
Maragusan,2024-05-12,21.20,18.90,24.50,94.00,33.50
Maragusan,2024-05-13,21.80,17.90,26.80,91.00,21.60
Maragusan,2024-05-14,22.00,16.50,26.50,88.00,3.70
Maragusan,2024-05-15,22.20,17.60,26.10,89.00,3.60
Maragusan,2024-05-16,22.60,20.00,26.50,89.00,6.70
Maragusan,2024-05-17,22.20,16.80,26.50,85.00,1.40
Maragusan,2024-05-18,22.40,17.10,27.10,82.00,0.00
Maragusan,2024-05-19,22.50,18.30,26.50,86.00,2.10
Maragusan,2024-05-20,22.30,19.40,25.50,91.00,16.60
Maragusan,2024-05-21,21.50,19.00,24.90,94.00,20.70
Maragusan,2024-05-22,22.20,18.50,26.20,91.00,7.30
Maragusan,2024-05-23,21.60,16.40,26.90,90.00,11.30
Maragusan,2024-05-24,21.70,19.40,24.50,89.00,0.50
Maragusan,2024-05-25,23.10,19.00,27.60,82.00,1.40
Maragusan,2024-05-26,22.00,19.40,26.10,92.00,40.70
Maragusan,2024-05-27,21.90,19.00,26.10,91.00,21.90
Maragusan,2024-05-28,22.20,19.50,26.30,90.00,7.70
Maragusan,2024-05-29,21.60,16.50,25.70,91.00,21.70
Maragusan,2024-05-30,21.80,18.20,25.90,90.00,18.80
Maragusan,2024-05-31,21.90,18.20,26.10,90.00,45.60
Maragusan,2024-06-01,22.50,19.20,26.80,91.00,22.50
Maragusan,2024-06-02,21.70,19.10,24.50,92.00,10.90
Maragusan,2024-06-03,22.20,19.20,26.10,89.00,12.30
Maragusan,2024-06-04,22.00,19.50,25.60,90.00,14.10
Maragusan,2024-06-05,21.70,18.30,26.10,90.00,10.00
Maragusan,2024-06-06,21.40,18.40,25.10,91.00,8.40
Maragusan,2024-06-07,21.30,17.70,25.00,91.00,9.80
Maragusan,2024-06-08,21.20,18.10,24.90,89.00,15.50
Maragusan,2024-06-09,21.20,17.60,25.80,92.00,30.70
Maragusan,2024-06-10,20.80,18.90,23.60,92.00,13.20
Maragusan,2024-06-11,21.60,18.50,26.40,90.00,13.90
Maragusan,2024-06-12,21.20,18.40,25.40,91.00,17.60
Maragusan,2024-06-13,20.70,19.00,22.80,96.00,25.50
Maragusan,2024-06-14,21.50,18.40,25.00,88.00,7.10
Maragusan,2024-06-15,21.20,17.90,25.60,90.00,8.70
Maragusan,2024-06-16,21.20,19.00,25.20,92.00,11.10
Maragusan,2024-06-17,21.00,18.60,24.20,92.00,27.10
Maragusan,2024-06-18,21.00,17.70,24.70,93.00,29.70
Maragusan,2024-06-19,20.70,19.00,22.50,94.00,8.30
Maragusan,2024-06-20,20.40,19.10,22.00,95.00,11.50
Maragusan,2024-06-21,21.20,17.50,24.80,93.00,12.20
Maragusan,2024-06-22,20.50,18.00,24.40,93.00,22.60
Maragusan,2024-06-23,20.70,17.50,25.10,92.00,23.70
Maragusan,2024-06-24,20.30,17.40,24.50,95.00,35.10
Maragusan,2024-06-25,21.20,17.70,25.50,91.00,13.30
Maragusan,2024-06-26,20.20,18.60,21.60,97.00,19.30
Maragusan,2024-06-27,20.90,17.90,24.90,92.00,19.20
Maragusan,2024-06-28,21.00,17.40,24.90,91.00,2.60
Maragusan,2024-06-29,21.20,18.40,25.10,91.00,12.60
Maragusan,2024-06-30,20.50,17.50,24.10,95.00,59.00
Maragusan,2024-07-01,20.80,18.60,24.80,94.00,25.70
Maragusan,2024-07-02,20.90,18.50,24.60,92.00,24.50
Maragusan,2024-07-03,20.70,17.00,24.50,92.00,9.00
Maragusan,2024-07-04,20.00,17.60,23.10,95.00,14.80
Maragusan,2024-07-05,20.30,16.90,23.80,94.00,24.80
Maragusan,2024-07-06,20.70,17.10,25.10,92.00,14.40
Maragusan,2024-07-07,20.70,16.80,25.00,93.00,11.00
Maragusan,2024-07-08,20.30,18.20,22.50,95.00,7.90
Maragusan,2024-07-09,20.80,17.90,24.50,91.00,21.00
Maragusan,2024-07-10,20.90,17.40,25.20,93.00,33.00
Maragusan,2024-07-11,20.80,18.30,24.00,93.00,47.20
Maragusan,2024-07-12,20.20,17.90,22.50,97.00,31.60
Maragusan,2024-07-13,20.90,18.60,23.90,90.00,1.00
Maragusan,2024-07-14,20.20,18.10,22.60,94.00,11.70
Maragusan,2024-07-15,20.40,18.60,22.80,95.00,13.00
Maragusan,2024-07-16,20.60,18.10,23.50,94.00,14.90
Maragusan,2024-07-17,21.10,19.10,23.80,92.00,5.20
Maragusan,2024-07-18,20.80,19.30,23.80,94.00,15.60
Maragusan,2024-07-19,21.00,19.10,24.00,91.00,11.20
Maragusan,2024-07-20,22.00,19.50,25.30,84.00,0.30
Maragusan,2024-07-21,22.10,19.00,27.10,86.00,2.60
Maragusan,2024-07-22,22.20,19.80,25.90,86.00,0.20
Maragusan,2024-07-23,22.40,19.90,25.70,83.00,0.60
Maragusan,2024-07-24,22.70,20.10,26.00,80.00,0.10
Maragusan,2024-07-25,22.80,19.80,26.20,82.00,0.00
Maragusan,2024-07-26,21.90,19.00,26.20,87.00,3.50
Maragusan,2024-07-27,20.90,18.90,23.80,88.00,4.30
Maragusan,2024-07-28,20.80,17.00,25.10,90.00,11.50
Maragusan,2024-07-29,20.80,18.00,24.80,94.00,28.00
Maragusan,2024-07-30,21.00,17.90,24.90,91.00,15.80
Maragusan,2024-07-31,20.60,17.50,24.30,94.00,29.40
Maragusan,2024-08-01,20.70,16.80,24.50,91.00,9.90
Maragusan,2024-08-02,21.60,17.50,26.00,86.00,0.40
Maragusan,2024-08-03,21.90,17.80,26.00,81.00,0.00
Maragusan,2024-08-04,21.90,18.20,26.30,84.00,0.20
Maragusan,2024-08-05,21.90,18.90,25.80,83.00,0.10
Maragusan,2024-08-06,21.80,17.90,26.20,87.00,7.60
Maragusan,2024-08-07,21.50,17.10,26.20,88.00,12.10
Maragusan,2024-08-08,21.30,18.30,25.00,91.00,15.20
Maragusan,2024-08-09,20.80,18.10,24.50,93.00,47.00
Maragusan,2024-08-10,21.90,18.50,26.20,87.00,1.60
Maragusan,2024-08-11,21.30,18.30,25.30,90.00,13.20
Maragusan,2024-08-12,21.10,17.50,25.20,91.00,22.90
Maragusan,2024-08-13,20.70,18.20,24.20,93.00,30.60
Maragusan,2024-08-14,21.30,17.10,25.80,89.00,2.60
Maragusan,2024-08-15,21.20,17.60,24.70,90.00,6.30
Maragusan,2024-08-16,20.80,17.40,24.40,92.00,25.40
Maragusan,2024-08-17,20.80,17.40,24.70,93.00,15.50
Maragusan,2024-08-18,21.00,17.10,25.50,91.00,5.40
Maragusan,2024-08-19,21.00,16.20,25.30,90.00,6.40
Maragusan,2024-08-20,20.90,17.50,24.20,91.00,8.70
Maragusan,2024-08-21,20.90,17.30,25.00,92.00,12.90
Maragusan,2024-08-22,20.80,17.70,25.00,92.00,40.40
Maragusan,2024-08-23,21.40,18.40,25.50,90.00,10.00
Maragusan,2024-08-24,20.90,18.50,23.80,92.00,3.70
Maragusan,2024-08-25,21.60,18.50,25.00,88.00,4.70
Maragusan,2024-08-26,21.90,19.00,26.00,89.00,5.70
Maragusan,2024-08-27,21.50,18.80,25.90,89.00,10.90
Maragusan,2024-08-28,22.10,17.60,26.10,83.00,0.70
Maragusan,2024-08-29,20.70,19.60,22.80,95.00,10.50
Maragusan,2024-08-30,21.10,18.60,24.70,92.00,13.00
Maragusan,2024-08-31,20.60,18.90,22.50,95.00,9.60
Maragusan,2024-09-01,21.40,19.10,24.80,87.00,0.70
Maragusan,2024-09-02,22.20,18.90,26.50,80.00,0.80
Maragusan,2024-09-03,22.30,18.90,26.20,84.00,0.40
Maragusan,2024-09-04,22.10,18.50,26.40,85.00,1.40
Maragusan,2024-09-05,22.30,19.10,26.60,81.00,1.30
Maragusan,2024-09-06,21.80,19.10,25.40,90.00,36.10
Maragusan,2024-09-07,21.80,19.10,25.50,91.00,19.30
Maragusan,2024-09-08,21.10,17.20,25.20,92.00,31.40
Maragusan,2024-09-09,21.10,17.30,25.00,92.00,13.00
Maragusan,2024-09-10,21.10,18.40,24.60,91.00,16.10
Maragusan,2024-09-11,21.40,18.50,25.20,90.00,4.50
Maragusan,2024-09-12,20.50,19.10,22.50,94.00,10.40
Maragusan,2024-09-13,21.70,19.00,24.60,85.00,2.00
Maragusan,2024-09-14,22.00,20.00,25.10,82.00,0.00
Maragusan,2024-09-15,21.60,19.80,24.50,83.00,0.50
Maragusan,2024-09-16,22.10,19.60,25.50,83.00,0.20
Maragusan,2024-09-17,22.40,20.20,26.00,82.00,0.30
Maragusan,2024-09-18,22.30,20.00,25.90,79.00,1.90
Maragusan,2024-09-19,21.90,19.30,25.10,83.00,0.60
Maragusan,2024-09-20,22.00,19.70,26.10,86.00,0.60
Maragusan,2024-09-21,20.90,18.20,24.60,94.00,28.10
Maragusan,2024-09-22,20.40,17.50,23.80,94.00,20.70
Maragusan,2024-09-23,20.80,17.70,24.00,92.00,17.10
Maragusan,2024-09-24,20.20,17.00,23.50,93.00,35.00
Maragusan,2024-09-25,21.20,17.50,25.10,91.00,6.20
Maragusan,2024-09-26,21.30,17.80,26.10,91.00,14.50
Maragusan,2024-09-27,21.10,17.80,25.80,90.00,7.50
Maragusan,2024-09-28,21.70,17.30,26.80,86.00,1.40
Maragusan,2024-09-29,22.10,18.20,27.00,84.00,0.90
Maragusan,2024-09-30,20.80,17.40,26.00,89.00,32.50
Maragusan,2024-10-01,20.60,17.50,25.40,94.00,36.60
Maragusan,2024-10-02,21.20,18.00,25.00,90.00,7.70
Maragusan,2024-10-03,20.50,17.40,23.70,93.00,3.70
Maragusan,2024-10-04,21.60,18.00,26.20,89.00,1.60
Maragusan,2024-10-05,21.80,18.60,25.50,88.00,0.80
Maragusan,2024-10-06,21.70,18.50,25.80,86.00,1.60
Maragusan,2024-10-07,21.30,17.00,25.50,90.00,11.20
Maragusan,2024-10-08,21.10,16.90,25.80,90.00,15.90
Maragusan,2024-10-09,21.30,17.60,26.00,88.00,13.30
Maragusan,2024-10-10,21.20,18.10,26.00,91.00,14.10
Maragusan,2024-10-11,21.10,18.30,25.80,92.00,11.30
Maragusan,2024-10-12,20.60,18.00,24.10,94.00,20.20
Maragusan,2024-10-13,20.90,16.80,25.10,92.00,15.10
Maragusan,2024-10-14,20.90,17.90,24.50,95.00,11.30
Maragusan,2024-10-15,20.60,17.40,24.90,94.00,35.80
Maragusan,2024-10-16,20.60,18.00,25.00,92.00,23.80
Maragusan,2024-10-17,20.40,17.10,24.30,95.00,16.30
Maragusan,2024-10-18,20.80,17.80,24.50,93.00,22.00
Maragusan,2024-10-19,21.10,17.70,25.10,92.00,7.70
Maragusan,2024-10-20,21.50,18.80,25.40,90.00,2.50
Maragusan,2024-10-21,20.90,18.50,24.60,91.00,2.70
Maragusan,2024-10-22,21.30,19.40,24.90,88.00,1.50
Maragusan,2024-10-23,22.00,19.30,25.10,83.00,0.70
Maragusan,2024-10-24,22.60,19.90,26.00,78.00,0.00
Maragusan,2024-10-25,22.20,19.10,26.40,81.00,5.70
Maragusan,2024-10-26,21.60,19.50,24.40,86.00,1.40
Maragusan,2024-10-27,21.20,18.40,24.50,81.00,0.20
Maragusan,2024-10-28,21.10,17.70,25.80,87.00,15.00
Maragusan,2024-10-29,21.70,19.00,25.40,80.00,0.50
Maragusan,2024-10-30,21.90,19.10,26.80,80.00,10.50
Maragusan,2024-10-31,21.60,18.60,26.40,83.00,6.60
Maragusan,2024-11-01,20.80,17.20,25.20,90.00,7.40
Maragusan,2024-11-02,20.20,17.10,24.10,94.00,11.90
Maragusan,2024-11-03,20.10,16.90,25.10,91.00,11.40
Maragusan,2024-11-04,20.20,16.80,24.40,94.00,13.60
Maragusan,2024-11-05,20.50,17.90,23.50,91.00,9.90
Maragusan,2024-11-06,21.30,18.30,25.50,86.00,0.00
Maragusan,2024-11-07,20.80,17.00,24.70,91.00,3.80
Maragusan,2024-11-08,21.00,17.10,25.10,90.00,4.00
Maragusan,2024-11-09,21.10,17.40,24.80,89.00,1.30
Maragusan,2024-11-10,21.20,17.90,25.20,90.00,4.50
Maragusan,2024-11-11,21.40,17.50,25.40,90.00,4.60
Maragusan,2024-11-12,20.90,16.90,25.90,90.00,12.90
Maragusan,2024-11-13,21.00,17.80,25.10,91.00,7.60
Maragusan,2024-11-14,21.60,16.80,25.90,89.00,6.60
Maragusan,2024-11-15,20.90,17.10,24.80,92.00,5.40
Maragusan,2024-11-16,21.20,18.00,26.00,90.00,8.30
Maragusan,2024-11-17,20.90,17.20,24.90,90.00,16.80
Maragusan,2024-11-18,20.50,17.60,24.10,92.00,25.40
Maragusan,2024-11-19,20.80,18.40,24.10,92.00,5.00
Maragusan,2024-11-20,21.30,18.20,25.60,89.00,8.80
Maragusan,2024-11-21,21.30,16.40,27.00,86.00,0.80
Maragusan,2024-11-22,21.20,18.50,24.80,93.00,5.50
Maragusan,2024-11-23,20.70,19.00,22.90,98.00,24.90
Maragusan,2024-11-24,21.10,18.70,24.50,93.00,21.20
Maragusan,2024-11-25,21.30,18.90,24.40,93.00,4.70
Maragusan,2024-11-26,22.10,18.70,27.10,87.00,4.60
Maragusan,2024-11-27,21.30,19.80,24.50,95.00,25.80
Maragusan,2024-11-28,20.90,19.50,23.10,96.00,20.50
Maragusan,2024-11-29,20.80,19.50,22.50,97.00,37.60
Maragusan,2024-11-30,20.90,18.70,23.80,96.00,16.70
Maragusan,2024-12-01,21.20,19.50,23.70,93.00,35.80
Maragusan,2024-12-02,21.10,17.90,24.70,93.00,21.50
Maragusan,2024-12-03,21.40,18.80,24.70,94.00,11.00
Maragusan,2024-12-04,21.20,17.60,25.50,88.00,1.50
Maragusan,2024-12-05,20.90,16.40,24.70,89.00,6.80
Maragusan,2024-12-06,21.10,17.90,24.50,90.00,6.80
Maragusan,2024-12-07,20.60,18.00,23.20,95.00,31.60
Maragusan,2024-12-08,20.80,19.70,22.40,97.00,40.30
Maragusan,2024-12-09,21.30,19.40,24.40,95.00,36.50
Maragusan,2024-12-10,20.60,18.40,23.00,95.00,30.10
Maragusan,2024-12-11,21.10,19.10,24.20,94.00,29.20
Maragusan,2024-12-12,20.90,19.30,23.40,95.00,12.30
Maragusan,2024-12-13,20.80,18.10,24.10,95.00,6.50
Maragusan,2024-12-14,20.50,17.70,24.70,88.00,3.30
Maragusan,2024-12-15,20.20,17.40,23.50,92.00,2.50
Maragusan,2024-12-16,19.90,18.30,21.80,96.00,25.20
Maragusan,2024-12-17,19.90,19.00,21.00,98.00,23.90
Maragusan,2024-12-18,20.60,18.70,22.60,96.00,21.30
Maragusan,2024-12-19,20.70,18.10,24.20,95.00,8.80
Maragusan,2024-12-20,21.00,19.60,24.80,96.00,33.80
Maragusan,2024-12-21,21.10,19.00,24.40,96.00,33.40
Maragusan,2024-12-22,21.30,18.60,24.40,93.00,8.50
Maragusan,2024-12-23,21.40,19.00,24.80,89.00,1.90
Maragusan,2024-12-24,20.80,19.00,23.20,95.00,20.00
Maragusan,2024-12-25,20.40,18.20,22.50,95.00,67.70
Maragusan,2024-12-26,20.50,19.00,22.60,97.00,14.00
Maragusan,2024-12-27,20.70,19.70,22.10,97.00,20.50
Maragusan,2024-12-28,20.60,18.20,23.60,96.00,12.80
Maragusan,2024-12-29,20.80,17.80,24.10,93.00,42.90
Maragusan,2024-12-30,20.80,19.00,23.40,93.00,30.10
Maragusan,2024-12-31,20.40,18.50,23.10,93.00,28.80
Maragusan,2025-01-01,20.20,18.60,22.20,95.00,9.80
Maragusan,2025-01-02,20.70,18.50,23.90,92.00,10.10
Maragusan,2025-01-03,20.70,18.00,23.40,91.00,5.60
Maragusan,2025-01-04,20.30,17.50,23.80,93.00,35.50
Maragusan,2025-01-05,20.20,18.10,22.90,93.00,47.00
Maragusan,2025-01-06,20.70,18.90,23.40,92.00,8.90
Maragusan,2025-01-07,20.70,18.00,24.10,93.00,11.60
Maragusan,2025-01-08,20.30,17.90,23.80,94.00,12.20
Maragusan,2025-01-09,20.10,18.20,23.00,97.00,31.70
Maragusan,2025-01-10,19.90,17.00,23.40,94.00,45.20
Maragusan,2025-01-11,20.40,17.50,23.40,91.00,3.80
Maragusan,2025-01-12,20.00,17.50,23.50,92.00,23.20
Maragusan,2025-01-13,20.80,17.60,25.20,87.00,3.40
Maragusan,2025-01-14,20.40,16.40,24.80,90.00,4.20
Maragusan,2025-01-15,20.30,18.20,22.80,95.00,4.60
Maragusan,2025-01-16,20.80,17.90,24.50,93.00,3.50
Maragusan,2025-01-17,20.90,17.40,25.50,84.00,0.00
Maragusan,2025-01-18,20.30,16.00,26.00,86.00,0.30
Maragusan,2025-01-19,20.50,17.90,23.00,91.00,14.00
Maragusan,2025-01-20,20.70,18.90,22.90,95.00,12.00
Maragusan,2025-01-21,20.50,17.40,24.10,93.00,26.20
Maragusan,2025-01-22,20.90,17.40,25.50,89.00,6.40
Maragusan,2025-01-23,20.40,18.10,23.50,93.00,22.40
Maragusan,2025-01-24,20.70,17.50,24.20,91.00,20.00
Maragusan,2025-01-25,20.50,18.70,22.60,97.00,37.30
Maragusan,2025-01-26,20.20,17.80,23.40,93.00,29.50
Maragusan,2025-01-27,20.20,18.50,22.60,95.00,20.10
Maragusan,2025-01-28,20.60,17.40,24.90,84.00,0.00
Maragusan,2025-01-29,19.80,18.00,21.70,94.00,16.80
Maragusan,2025-01-30,20.50,17.50,24.10,92.00,6.50
Maragusan,2025-01-31,21.00,18.00,25.40,89.00,8.00
Maragusan,2025-02-01,20.00,16.10,23.80,92.00,23.30
Maragusan,2025-02-02,20.00,18.80,22.00,96.00,20.50
Maragusan,2025-02-03,20.40,17.60,24.10,90.00,2.00
Maragusan,2025-02-04,20.00,17.80,23.20,92.00,5.00
Maragusan,2025-02-05,19.80,18.50,21.30,96.00,22.20
Maragusan,2025-02-06,19.80,18.40,22.40,94.00,11.70
Maragusan,2025-02-07,20.20,18.20,23.10,94.00,51.40
Maragusan,2025-02-08,20.30,18.10,23.60,92.00,19.50
Maragusan,2025-02-09,20.30,17.40,24.00,91.00,46.40
Maragusan,2025-02-10,20.20,18.50,22.00,95.00,18.50
Maragusan,2025-02-11,20.70,17.60,24.10,90.00,5.70
Maragusan,2025-02-12,19.90,18.40,21.30,96.00,19.00
Maragusan,2025-02-13,20.10,18.50,22.20,93.00,27.40
Maragusan,2025-02-14,20.30,18.20,23.40,92.00,14.20
Maragusan,2025-02-15,20.70,18.10,25.00,93.00,9.90
Maragusan,2025-02-16,19.50,16.30,22.90,94.00,20.30
Maragusan,2025-02-17,20.10,16.80,23.80,90.00,24.90
Maragusan,2025-02-18,20.30,17.10,24.30,91.00,21.30
Maragusan,2025-02-19,20.10,16.80,23.10,92.00,36.00
Maragusan,2025-02-20,20.80,18.60,24.70,92.00,28.60
Maragusan,2025-02-21,19.70,17.30,21.90,95.00,18.30
Maragusan,2025-02-22,20.60,17.50,25.20,87.00,2.90
Maragusan,2025-02-23,20.00,15.80,24.80,89.00,4.30
Maragusan,2025-02-24,20.20,17.00,24.00,92.00,6.50
Maragusan,2025-02-25,20.10,19.20,21.50,99.00,16.80
Maragusan,2025-02-26,20.50,18.50,23.60,93.00,4.70
Maragusan,2025-02-27,20.20,18.20,22.50,96.00,5.90
Maragusan,2025-02-28,20.20,18.90,21.80,99.00,14.70
Maragusan,2025-03-01,20.40,15.70,24.20,92.00,16.10
Maragusan,2025-03-02,20.90,18.50,24.40,91.00,23.30
Maragusan,2025-03-03,20.70,18.60,23.40,93.00,15.90
Maragusan,2025-03-04,20.80,18.70,23.90,94.00,31.30
Maragusan,2025-03-05,20.50,18.10,23.80,94.00,21.30
Maragusan,2025-03-06,20.20,17.90,22.60,93.00,13.50
Maragusan,2025-03-07,20.60,18.10,24.20,92.00,34.80
Maragusan,2025-03-08,21.30,17.60,26.10,86.00,5.70
Maragusan,2025-03-09,20.20,17.50,23.20,91.00,11.10
Maragusan,2025-03-10,20.60,18.20,24.40,92.00,6.70
Maragusan,2025-03-11,21.10,18.00,25.10,89.00,3.40
Maragusan,2025-03-12,20.80,15.40,27.20,83.00,0.70
Maragusan,2025-03-13,20.60,14.90,26.90,86.00,1.40
Maragusan,2025-03-14,21.40,17.40,26.00,85.00,1.30
Maragusan,2025-03-15,21.30,18.80,24.80,90.00,8.20
Maragusan,2025-03-16,20.40,18.20,23.40,95.00,28.90
Maragusan,2025-03-17,20.30,17.80,23.70,93.00,47.40
Maragusan,2025-03-18,20.90,17.70,25.00,89.00,1.90
Maragusan,2025-03-19,21.20,18.60,24.70,92.00,16.30
Maragusan,2025-03-20,21.10,17.40,25.10,89.00,19.40
Maragusan,2025-03-21,20.10,17.90,22.80,94.00,22.80
Maragusan,2025-03-22,21.30,18.50,24.50,88.00,9.00
Maragusan,2025-03-23,20.50,18.00,23.20,94.00,14.00
Maragusan,2025-03-24,20.30,16.90,23.60,89.00,14.70
Maragusan,2025-03-25,20.40,16.40,24.90,91.00,5.10
Maragusan,2025-03-26,20.90,18.50,25.10,92.00,18.10
Maragusan,2025-03-27,20.90,18.80,23.90,92.00,8.80
Maragusan,2025-03-28,20.70,18.00,24.10,94.00,15.60
Maragusan,2025-03-29,20.70,17.90,24.50,91.00,34.40
Maragusan,2025-03-30,20.70,17.90,24.60,93.00,25.50
Maragusan,2025-03-31,20.90,17.80,24.90,93.00,17.00
Maragusan,2025-04-01,20.70,15.50,25.10,89.00,7.10
Maragusan,2025-04-02,20.70,16.50,25.00,91.00,8.10
Maragusan,2025-04-03,20.70,16.70,24.10,90.00,9.70
Maragusan,2025-04-04,21.00,18.10,24.60,91.00,3.70
Maragusan,2025-04-05,19.80,15.90,22.90,93.00,7.80
Maragusan,2025-04-06,20.90,18.90,23.40,95.00,16.10
Maragusan,2025-04-07,20.80,18.70,24.30,92.00,40.50
Maragusan,2025-04-08,20.90,17.90,25.30,93.00,8.90
Maragusan,2025-04-09,21.30,17.80,25.60,85.00,3.50
Maragusan,2025-04-10,20.70,16.30,24.50,88.00,12.50
Maragusan,2025-04-11,20.90,18.30,24.20,92.00,39.40
Maragusan,2025-04-12,21.10,18.60,23.90,92.00,13.50
Maragusan,2025-04-13,20.80,17.60,25.50,93.00,26.30
Maragusan,2025-04-14,20.90,18.00,24.10,93.00,10.50
Maragusan,2025-04-15,20.60,17.30,23.90,93.00,39.10
Maragusan,2025-04-16,21.10,17.20,25.90,87.00,4.10
Maragusan,2025-04-17,20.30,15.60,24.90,89.00,25.50
Maragusan,2025-04-18,21.30,17.60,25.50,87.00,3.10
Maragusan,2025-04-19,20.60,17.40,23.60,93.00,7.70
Maragusan,2025-04-20,21.20,17.80,24.90,89.00,15.40
Maragusan,2025-04-21,20.90,18.70,23.70,91.00,16.00
Maragusan,2025-04-22,21.10,17.50,25.00,90.00,9.90
Maragusan,2025-04-23,21.10,17.80,25.10,88.00,3.10
Maragusan,2025-04-24,21.30,17.50,25.70,86.00,2.80
Maragusan,2025-04-25,20.80,17.90,24.50,90.00,23.60
Maragusan,2025-04-26,20.30,18.50,22.60,94.00,16.30
Maragusan,2025-04-27,20.50,18.00,24.20,93.00,38.40
Maragusan,2025-04-28,20.20,16.40,24.40,93.00,16.50
Maragusan,2025-04-29,20.70,18.70,24.10,92.00,26.60
Maragusan,2025-04-30,20.60,17.90,23.70,93.00,34.10
Maragusan,2025-05-01,20.90,17.50,24.00,91.00,16.40
Maragusan,2025-05-02,20.60,18.50,23.10,95.00,11.50
Maragusan,2025-05-03,21.00,18.40,25.10,90.00,14.90
Maragusan,2025-05-04,21.40,19.00,24.60,90.00,10.00
Maragusan,2025-05-05,21.10,18.60,23.50,92.00,5.40
Maragusan,2025-05-06,21.10,18.80,24.00,92.00,11.90
Maragusan,2025-05-07,21.00,18.70,24.00,92.00,14.30
Maragusan,2025-05-08,21.00,18.40,24.70,92.00,4.60
Maragusan,2025-05-09,21.00,18.00,24.20,93.00,9.40
Maragusan,2025-05-10,21.00,17.80,25.10,93.00,26.40
Maragusan,2025-05-11,20.70,17.10,24.50,91.00,3.80
Maragusan,2025-05-12,21.10,16.60,25.40,87.00,5.90
Maragusan,2025-05-13,20.70,17.50,24.30,93.00,24.80
Maragusan,2025-05-14,20.90,18.10,23.90,93.00,45.10
Maragusan,2025-05-15,20.90,18.90,24.80,94.00,15.40
Maragusan,2025-05-16,21.10,18.00,24.40,91.00,35.40
Maragusan,2025-05-17,20.60,18.50,22.80,95.00,39.00
Maragusan,2025-05-18,20.70,19.20,22.80,94.00,17.40
Maragusan,2025-05-19,21.10,18.50,25.00,91.00,32.50
Maragusan,2025-05-20,20.60,18.50,23.00,95.00,34.40
Maragusan,2025-05-21,20.60,19.00,23.20,95.00,26.90
Maragusan,2025-05-22,20.90,18.90,24.60,92.00,12.50
Maragusan,2025-05-23,20.70,18.90,22.90,94.00,24.70
Maragusan,2025-05-24,20.70,17.60,23.40,93.00,13.30
Maragusan,2025-05-25,21.10,18.90,24.50,92.00,12.70
Maragusan,2025-05-26,21.50,18.80,24.90,92.00,15.90
Maragusan,2025-05-27,21.20,18.40,25.00,94.00,22.10
Maragusan,2025-05-28,20.60,18.20,23.50,94.00,14.20
Maragusan,2025-05-29,20.80,18.20,24.50,92.00,13.30
Maragusan,2025-05-30,21.30,18.50,24.60,90.00,6.10
Maragusan,2025-05-31,21.30,18.50,24.50,93.00,22.40
Maragusan,2025-06-01,20.60,17.90,23.80,93.00,29.30
Maragusan,2025-06-02,21.00,18.00,24.90,92.00,24.80
Maragusan,2025-06-03,21.00,18.60,23.80,93.00,24.60
Maragusan,2025-06-04,21.10,18.60,24.00,92.00,17.90
Maragusan,2025-06-05,20.70,18.10,23.40,93.00,26.90
Maragusan,2025-06-06,21.20,18.80,24.70,90.00,14.50
Maragusan,2025-06-07,21.20,19.50,24.00,91.00,7.20
Maragusan,2025-06-08,21.60,19.00,25.40,86.00,2.80
Maragusan,2025-06-09,21.80,19.00,24.80,84.00,0.20
Maragusan,2025-06-10,22.30,19.20,25.50,84.00,0.40
Maragusan,2025-06-11,21.50,18.90,24.50,89.00,4.30
Maragusan,2025-06-12,21.20,18.80,24.50,92.00,16.90
Maragusan,2025-06-13,20.90,18.20,24.20,91.00,11.70
Maragusan,2025-06-14,20.70,17.50,24.50,93.00,26.10
Maragusan,2025-06-15,20.40,19.10,22.00,97.00,12.10
Maragusan,2025-06-16,21.60,19.00,25.40,87.00,1.90
Maragusan,2025-06-17,20.90,18.30,23.60,93.00,45.10
Maragusan,2025-06-18,20.80,17.90,24.20,91.00,9.70
Maragusan,2025-06-19,20.20,17.50,22.60,93.00,6.30
Maragusan,2025-06-20,20.40,18.90,23.20,93.00,15.50
Maragusan,2025-06-21,20.20,17.40,23.20,94.00,47.30
Maragusan,2025-06-22,21.20,18.60,24.30,86.00,0.90
Maragusan,2025-06-23,20.10,19.00,21.40,90.00,9.80
Maragusan,2025-06-24,20.80,18.50,24.30,89.00,36.40
Maragusan,2025-06-25,20.90,18.10,24.60,90.00,19.00
Maragusan,2025-06-26,20.90,18.30,23.90,89.00,0.60
Maragusan,2025-06-27,21.10,18.20,24.40,88.00,2.60
Maragusan,2025-06-28,21.20,17.40,25.40,90.00,9.10
Maragusan,2025-06-29,21.10,18.50,24.10,91.00,12.50
Maragusan,2025-06-30,21.00,18.90,24.00,91.00,4.70
Maragusan,2025-07-01,21.30,18.80,24.40,87.00,0.40
Maragusan,2025-07-02,21.40,18.40,26.00,88.00,5.70
Maragusan,2025-07-03,21.60,18.80,24.80,86.00,5.60
Maragusan,2025-07-04,21.40,18.80,24.60,85.00,1.50
Maragusan,2025-07-05,21.20,17.30,25.50,91.00,15.80
Maragusan,2025-07-06,20.80,18.80,23.80,91.00,17.50
Maragusan,2025-07-07,21.00,17.80,25.20,87.00,16.70
Maragusan,2025-07-08,21.20,18.80,24.40,88.00,10.30
Maragusan,2025-07-09,20.90,17.60,23.90,89.00,1.10
Maragusan,2025-07-10,20.90,18.30,24.60,90.00,4.80
Maragusan,2025-07-11,20.80,18.20,24.10,91.00,7.40
Maragusan,2025-07-12,21.10,19.10,24.00,89.00,2.90
Maragusan,2025-07-13,21.30,18.60,24.20,88.00,1.00
Maragusan,2025-07-14,21.50,19.20,24.10,84.00,1.30
Maragusan,2025-07-15,21.40,18.90,24.80,89.00,4.10
Maragusan,2025-07-16,21.20,19.00,24.10,88.00,3.10
Maragusan,2025-07-17,21.10,19.10,23.40,87.00,2.60
Maragusan,2025-07-18,21.70,19.50,24.30,83.00,0.10
Maragusan,2025-07-19,22.10,20.20,24.50,76.00,0.00
Maragusan,2025-07-20,22.00,18.90,24.90,79.00,0.00
Maragusan,2025-07-21,21.70,19.00,24.60,81.00,0.10
Maragusan,2025-07-22,21.50,19.60,24.20,82.00,0.10
Maragusan,2025-07-23,22.20,19.00,25.90,78.00,0.00
Maragusan,2025-07-24,22.40,19.50,26.20,82.00,0.40
Maragusan,2025-07-25,22.30,19.50,26.10,79.00,0.00
Maragusan,2025-07-26,22.30,18.40,26.50,82.00,0.20
Maragusan,2025-07-27,22.00,18.00,26.20,81.00,0.30
Maragusan,2025-07-28,22.30,18.50,26.60,79.00,0.00
Maragusan,2025-07-29,22.50,19.00,26.50,78.00,0.00
Maragusan,2025-07-30,22.40,17.80,27.10,78.00,0.00
Maragusan,2025-07-31,22.80,17.60,27.80,77.00,0.00
Maragusan,2025-08-01,22.30,18.40,26.40,83.00,4.10
Maragusan,2025-08-02,22.10,17.90,26.50,86.00,2.60
Maragusan,2025-08-03,21.50,17.60,25.20,90.00,24.90
Maragusan,2025-08-04,21.50,18.20,25.00,87.00,27.60
Maragusan,2025-08-05,21.10,16.90,25.30,87.00,3.20
Maragusan,2025-08-06,21.10,18.90,24.50,88.00,2.60
Maragusan,2025-08-07,21.40,18.60,25.20,88.00,6.20
Maragusan,2025-08-08,21.30,19.50,23.80,84.00,1.40
Maragusan,2025-08-09,21.10,18.40,25.00,88.00,25.70
Maragusan,2025-08-10,20.60,17.50,24.80,91.00,22.20
Maragusan,2025-08-11,20.30,17.80,23.50,92.00,25.80
Maragusan,2025-08-12,20.20,18.30,23.10,92.00,29.80
Maragusan,2025-08-13,20.60,17.70,24.30,90.00,14.80
Maragusan,2025-08-14,20.70,18.50,25.30,92.00,10.90
Maragusan,2025-08-15,20.50,17.90,24.90,92.00,15.10
Maragusan,2025-08-16,20.50,18.00,24.60,89.00,20.10
Maragusan,2025-08-17,20.20,16.60,23.50,94.00,22.10
Maragusan,2025-08-18,20.30,17.40,24.20,93.00,20.60
Maragusan,2025-08-19,19.90,18.30,22.50,95.00,46.70
Maragusan,2025-08-20,20.60,17.50,24.90,89.00,14.70
Maragusan,2025-08-21,20.50,17.10,24.50,91.00,29.20
Maragusan,2025-08-22,20.50,18.40,23.70,91.00,27.60
Maragusan,2025-08-23,20.50,18.20,23.30,87.00,3.00
Maragusan,2025-08-24,20.10,17.90,22.50,88.00,1.90
Maragusan,2025-08-25,20.20,18.40,22.80,90.00,3.00
Maragusan,2025-08-26,20.80,18.00,24.00,85.00,4.50
Maragusan,2025-08-27,20.70,18.20,24.00,87.00,2.20
Maragusan,2025-08-28,21.10,18.50,24.40,83.00,2.10
Maragusan,2025-08-29,21.10,18.30,24.10,82.00,0.00
Maragusan,2025-08-30,20.00,18.50,22.20,92.00,9.90
Maragusan,2025-08-31,20.60,18.20,23.10,86.00,0.60
Maragusan,2025-09-01,21.40,18.50,25.00,81.00,0.10
Maragusan,2025-09-02,21.60,17.90,25.80,86.00,4.20
Maragusan,2025-09-03,21.10,19.10,24.20,88.00,8.80
Maragusan,2025-09-04,20.50,17.80,24.60,91.00,36.90
Maragusan,2025-09-05,20.50,16.60,24.00,91.00,10.50
Maragusan,2025-09-06,20.60,16.90,23.70,92.00,16.90
Maragusan,2025-09-07,20.40,18.00,23.50,92.00,48.00
Maragusan,2025-09-08,20.10,18.10,22.30,93.00,22.50
Maragusan,2025-09-09,20.50,16.90,24.20,92.00,12.80
Maragusan,2025-09-10,20.60,16.90,24.60,91.00,11.20
Maragusan,2025-09-11,20.70,17.50,25.00,91.00,29.90
Maragusan,2025-09-12,20.50,18.30,23.70,93.00,10.80
Maragusan,2025-09-13,21.00,18.00,24.70,93.00,1.70
Maragusan,2025-09-14,20.70,17.60,24.00,93.00,21.50
Maragusan,2025-09-15,20.80,18.40,24.20,91.00,10.30
Maragusan,2025-09-16,20.90,18.50,24.90,91.00,14.40
Maragusan,2025-09-17,20.70,17.70,24.80,90.00,18.10
Maragusan,2025-09-18,20.90,17.90,25.00,90.00,16.10
Maragusan,2025-09-19,20.90,17.90,24.90,89.00,23.70
Maragusan,2025-09-20,21.80,18.80,25.90,83.00,0.00
Maragusan,2025-09-21,21.40,17.60,25.20,86.00,0.40
Maragusan,2025-09-22,21.70,18.50,25.00,85.00,0.30
Maragusan,2025-09-23,21.10,19.20,24.10,82.00,0.80
Maragusan,2025-09-24,21.80,19.10,25.30,76.00,0.00
Maragusan,2025-09-25,21.10,18.80,23.70,80.00,0.10
Maragusan,2025-09-26,21.70,18.80,25.70,79.00,0.10
Maragusan,2025-09-27,21.20,17.90,25.50,82.00,0.90
Maragusan,2025-09-28,20.50,17.80,24.20,89.00,27.30
Maragusan,2025-09-29,20.00,16.40,23.80,93.00,16.00
Maragusan,2025-09-30,20.50,16.50,24.10,90.00,14.00
Maragusan,2025-10-01,20.60,18.60,23.60,91.00,7.40
Maragusan,2025-10-02,21.10,18.50,25.50,87.00,15.40
Maragusan,2025-10-03,20.30,17.10,24.40,89.00,15.60
Maragusan,2025-10-04,19.90,15.80,24.20,92.00,19.10
Maragusan,2025-10-05,20.40,17.30,23.30,91.00,3.00
Maragusan,2025-10-06,20.60,18.00,24.50,92.00,12.80
Maragusan,2025-10-07,20.90,18.90,24.10,93.00,5.70
Maragusan,2025-10-08,20.90,18.80,24.60,89.00,11.30
Maragusan,2025-10-09,21.00,18.90,24.20,86.00,1.50
Maragusan,2025-10-10,20.60,18.70,23.30,85.00,1.00
Maragusan,2025-10-11,20.90,18.60,24.00,88.00,3.60
Maragusan,2025-10-12,21.40,18.60,24.70,89.00,3.90
Maragusan,2025-10-13,20.40,18.50,23.10,94.00,15.00
Maragusan,2025-10-14,20.50,17.50,24.40,90.00,6.60
Maragusan,2025-10-15,20.50,17.90,24.00,92.00,40.90
Maragusan,2025-10-16,21.10,17.50,24.70,91.00,8.80
Maragusan,2025-10-17,21.00,19.20,24.20,94.00,25.00
Maragusan,2025-10-18,21.40,17.90,25.90,83.00,0.00
Maragusan,2025-10-19,21.20,17.50,25.20,85.00,1.60
Maragusan,2025-10-20,21.30,17.60,25.30,91.00,7.50
Maragusan,2025-10-21,20.80,17.90,24.50,93.00,18.10
Maragusan,2025-10-22,20.60,18.10,23.80,95.00,14.30
Maragusan,2025-10-23,21.10,18.40,25.00,91.00,15.60
Maragusan,2025-10-24,21.00,18.70,25.40,93.00,23.60
Maragusan,2025-10-25,20.70,18.60,23.80,92.00,19.00
Maragusan,2025-10-26,20.50,19.10,22.70,95.00,29.30
Maragusan,2025-10-27,21.20,18.10,24.90,89.00,5.10
Maragusan,2025-10-28,20.70,17.50,24.50,88.00,2.50
Maragusan,2025-10-29,20.40,18.10,23.20,93.00,18.60
Maragusan,2025-10-30,20.60,18.40,23.40,95.00,44.50
Maragusan,2025-10-31,20.60,18.10,24.00,94.00,12.40
Maragusan,2025-11-01,20.60,17.20,24.20,90.00,1.40
Maragusan,2025-11-02,21.10,17.80,25.10,86.00,1.90
Maragusan,2025-11-03,20.80,18.30,24.50,88.00,4.80
Maragusan,2025-11-04,21.30,18.90,24.70,87.00,3.30
Maragusan,2025-11-05,22.30,18.50,26.60,80.00,0.10
Maragusan,2025-11-06,21.90,19.00,25.60,84.00,6.70
Maragusan,2025-11-07,21.40,18.80,25.00,87.00,2.30
Maragusan,2025-11-08,21.30,18.80,24.00,88.00,2.70
Maragusan,2025-11-09,21.60,19.00,24.80,86.00,1.00
Maragusan,2025-11-10,21.80,18.10,26.00,84.00,0.60
Maragusan,2025-11-11,21.80,19.20,25.50,83.00,0.40
Maragusan,2025-11-12,20.80,17.10,24.40,91.00,10.30
Maragusan,2025-11-13,20.60,18.80,24.10,92.00,26.00
Maragusan,2025-11-14,20.30,18.70,23.50,95.00,44.30
Maragusan,2025-11-15,20.60,18.10,24.50,92.00,40.90
Maragusan,2025-11-16,20.40,18.30,23.20,94.00,11.50
Maragusan,2025-11-17,20.40,18.10,24.00,91.00,24.60
Maragusan,2025-11-18,20.20,17.50,23.60,95.00,32.90
Maragusan,2025-11-19,20.30,18.40,22.60,95.00,31.80
Maragusan,2025-11-20,20.70,17.40,24.90,88.00,11.50
Maragusan,2025-11-21,20.70,18.50,24.20,90.00,7.60
Maragusan,2025-11-22,21.00,17.50,25.00,87.00,2.30
Maragusan,2025-11-23,20.50,18.70,24.00,95.00,13.40
Maragusan,2025-11-24,20.50,19.00,22.80,93.00,10.20
Maragusan,2025-11-25,21.70,18.60,26.10,86.00,0.40
Maragusan,2025-11-26,21.80,18.80,25.80,90.00,5.30
Maragusan,2025-11-27,21.30,18.10,25.00,92.00,4.00
Maragusan,2025-11-28,21.00,18.00,25.20,93.00,9.10
Maragusan,2025-11-29,20.80,18.10,24.40,92.00,9.10
Maragusan,2025-11-30,20.80,17.50,24.50,90.00,5.80
Maragusan,2025-12-01,20.10,18.90,22.50,97.00,46.40
Maragusan,2025-12-02,20.40,18.30,24.00,92.00,1.20
Maragusan,2025-12-03,20.60,17.50,23.80,91.00,0.80
Maragusan,2025-12-04,20.60,17.00,24.20,89.00,1.20
Maragusan,2025-12-05,20.60,17.40,24.40,93.00,4.40
Maragusan,2025-12-06,21.10,17.80,24.80,89.00,2.10
Maragusan,2025-12-07,20.80,18.10,24.40,90.00,20.00
Maragusan,2025-12-08,20.90,17.20,24.50,93.00,8.30
Maragusan,2025-12-09,20.90,17.90,24.40,89.00,7.60
Maragusan,2025-12-10,20.70,17.00,24.40,89.00,3.50
Maragusan,2025-12-11,21.00,17.30,25.30,90.00,2.10
Maragusan,2025-12-12,21.00,17.00,26.50,85.00,0.30
Maragusan,2025-12-13,20.40,16.50,25.50,84.00,0.50
Maragusan,2025-12-14,20.70,17.50,23.70,90.00,5.00
Maragusan,2025-12-15,20.30,17.40,22.60,95.00,32.70
Maragusan,2025-12-16,20.40,17.80,23.80,92.00,8.80
Maragusan,2025-12-17,19.80,17.80,22.10,95.00,13.10
Maragusan,2025-12-18,19.90,18.40,21.90,98.00,6.50
Maragusan,2025-12-19,20.00,18.60,22.30,97.00,14.70
Maragusan,2025-12-20,20.40,18.20,23.60,91.00,44.10
Maragusan,2025-12-21,20.50,19.00,23.30,94.00,25.30
Maragusan,2025-12-22,20.50,18.30,23.00,92.00,28.30
Maragusan,2025-12-23,20.20,18.00,23.00,94.00,19.60
Maragusan,2025-12-24,20.60,18.10,24.50,91.00,21.10
Maragusan,2025-12-25,20.50,17.00,24.80,92.00,15.00
Maragusan,2025-12-26,20.30,15.80,24.80,89.00,0.60
Maragusan,2025-12-27,20.40,17.40,24.20,90.00,25.90
Maragusan,2025-12-28,20.50,18.20,23.40,92.00,3.60
Maragusan,2025-12-29,20.60,17.90,24.50,92.00,37.20
Maragusan,2025-12-30,20.80,18.40,24.00,91.00,10.60
Maragusan,2025-12-31,20.60,18.00,24.00,92.00,30.50
Maragusan,2026-01-01,20.30,17.30,23.60,92.00,16.80
Maragusan,2026-01-02,20.20,17.60,23.90,94.00,32.00
Maragusan,2026-01-03,20.20,17.50,23.90,94.00,13.10
Maragusan,2026-01-04,20.20,18.70,22.90,96.00,45.30
Maragusan,2026-01-05,20.50,17.70,23.80,93.00,1.60
Maragusan,2026-01-06,20.60,16.60,24.00,90.00,3.60
Maragusan,2026-01-07,20.40,16.40,24.50,92.00,5.90
Maragusan,2026-01-08,20.70,17.50,25.20,87.00,0.70
Maragusan,2026-01-09,20.70,17.40,25.10,87.00,7.30
Maragusan,2026-01-10,20.00,17.40,23.70,92.00,23.70
Maragusan,2026-01-11,20.30,17.20,24.50,89.00,3.90
Maragusan,2026-01-12,20.60,17.60,25.00,87.00,0.70
Maragusan,2026-01-13,19.60,17.50,22.50,93.00,11.30
Maragusan,2026-01-14,19.50,17.90,22.10,92.00,6.00
Maragusan,2026-01-15,19.50,17.50,21.80,95.00,6.40
Maragusan,2026-01-16,20.90,17.90,24.90,85.00,1.50
Maragusan,2026-01-17,21.20,17.70,25.50,77.00,0.00
Maragusan,2026-01-18,21.00,16.50,25.00,83.00,0.40
Maragusan,2026-01-19,20.60,16.90,24.50,91.00,1.70
Maragusan,2026-01-20,20.50,17.00,23.90,87.00,0.00
Maragusan,2026-01-21,19.90,17.10,23.40,87.00,0.20
Maragusan,2026-01-22,19.20,16.50,22.40,91.00,2.30
Maragusan,2026-01-23,19.40,16.90,22.60,90.00,1.40
Maragusan,2026-01-24,19.30,16.10,23.00,91.00,23.70
Maragusan,2026-01-25,19.20,17.50,21.60,94.00,32.80
Maragusan,2026-01-26,20.10,17.50,23.50,93.00,1.10
Maragusan,2026-01-27,20.50,15.80,24.20,90.00,0.00
Maragusan,2026-01-28,20.00,17.10,23.60,91.00,2.00
Maragusan,2026-01-29,19.40,16.40,23.10,86.00,0.50
Maragusan,2026-01-30,19.00,16.50,22.60,88.00,1.50
Maragusan,2026-01-31,20.00,16.10,24.30,85.00,0.60
Maragusan,2026-02-01,20.40,16.40,24.20,89.00,6.40
Maragusan,2026-02-02,20.00,16.30,23.50,89.00,7.60
Maragusan,2026-02-03,19.60,17.30,22.60,94.00,32.10
Maragusan,2026-02-04,19.60,17.90,22.20,94.00,1.70
Maragusan,2026-02-05,19.20,18.80,19.70,99.00,65.80
Maragusan,2026-02-06,21.80,18.50,26.30,82.00,1.30
Maragusan,2026-02-07,21.70,17.10,26.60,84.00,0.10
Maragusan,2026-02-08,21.00,18.80,25.00,85.00,3.50
Maragusan,2026-02-09,20.30,17.40,24.00,87.00,15.30
Maragusan,2026-02-10,20.10,16.80,24.20,92.00,30.80
Maragusan,2026-02-11,20.80,17.70,24.50,91.00,6.50
Maragusan,2026-02-12,20.40,18.00,24.10,91.00,15.40
Maragusan,2026-02-13,20.30,17.30,23.20,94.00,12.70
Maragusan,2026-02-14,20.20,15.30,26.30,87.00,2.50
Maragusan,2026-02-15,20.30,15.60,26.40,82.00,0.70
Maragusan,2026-02-16,20.60,17.00,25.30,84.00,1.90
Maragusan,2026-02-17,20.20,16.10,25.00,84.00,1.40
Maragusan,2026-02-18,19.70,18.60,21.10,97.00,16.20
Maragusan,2026-02-19,19.70,18.60,22.30,97.00,55.30
Maragusan,2026-02-20,19.10,18.00,20.60,98.00,66.80
Maragusan,2026-02-21,20.00,17.80,23.20,96.00,21.30
Maragusan,2026-02-22,19.60,17.60,21.40,96.00,27.40
Maragusan,2026-02-23,20.10,17.90,22.50,93.00,35.40
Maragusan,2026-02-24,20.50,17.50,23.70,91.00,20.10
Maragusan,2026-02-25,19.90,15.80,23.40,93.00,19.60
Maragusan,2026-02-26,20.00,18.00,22.60,96.00,39.70
Maragusan,2026-02-27,20.40,17.10,24.20,89.00,0.90
Maragusan,2026-02-28,19.70,17.50,23.50,94.00,19.40
Maragusan,2026-03-01,20.60,17.50,24.10,88.00,5.80
Maragusan,2026-03-02,20.60,17.20,24.80,87.00,3.50
Maragusan,2026-03-03,20.40,17.30,23.70,87.00,2.80
Maragusan,2026-03-04,20.20,16.60,23.90,91.00,3.00
Maragusan,2026-03-05,20.30,17.70,23.50,89.00,4.30
Maragusan,2026-03-06,20.50,17.80,24.40,87.00,1.10
Maragusan,2026-03-07,19.90,16.10,24.00,89.00,1.90
Maragusan,2026-03-08,20.40,17.10,24.40,89.00,32.80
Maragusan,2026-03-09,19.50,18.00,21.50,98.00,53.40
Maragusan,2026-03-10,20.00,18.00,23.50,93.00,4.80
Maragusan,2026-03-11,19.20,17.40,21.90,94.00,4.10
Maragusan,2026-03-12,19.30,16.20,22.90,89.00,3.80
Maragusan,2026-03-13,19.20,16.40,23.00,87.00,1.70
Maragusan,2026-03-14,18.60,15.60,22.10,89.00,1.50
Maragusan,2026-03-15,17.90,14.20,22.00,86.00,0.70
Maragusan,2026-03-16,18.30,14.00,22.80,88.00,0.20
Maragusan,2026-03-17,19.00,14.60,23.20,85.00,0.00
Maragusan,2026-03-18,20.10,15.50,24.40,82.00,0.50
Maragusan,2026-03-19,19.90,16.00,24.10,89.00,0.80
Maragusan,2026-03-20,19.90,16.00,23.80,86.00,5.90
Maragusan,2026-03-21,19.30,16.70,22.00,95.00,46.20
Maragusan,2026-03-22,19.70,16.20,24.30,87.00,2.90
Maragusan,2026-03-23,19.30,13.60,24.20,86.00,0.30
Maragusan,2026-03-24,19.90,15.10,23.80,87.00,4.00
Maragusan,2026-03-25,20.50,14.20,25.20,87.00,8.60
Maragusan,2026-03-26,19.50,17.60,20.90,96.00,46.30
Maragusan,2026-03-27,20.50,16.70,24.40,85.00,6.00
Maragusan,2026-03-28,20.40,16.90,24.20,84.00,0.00
Maragusan,2026-03-29,19.60,14.40,25.00,75.00,0.00
Maragusan,2026-03-30,19.50,15.10,24.80,81.00,0.00
Maragusan,2026-03-31,19.80,15.10,24.40,87.00,3.00
Maragusan,2026-04-01,20.20,15.40,23.90,91.00,10.00
Maragusan,2026-04-02,20.70,17.00,25.10,86.00,3.90
Maragusan,2026-04-03,20.60,16.00,25.30,86.00,4.30
Maragusan,2026-04-04,20.30,17.80,23.50,90.00,26.20
Maragusan,2026-04-05,20.80,16.50,25.80,87.00,4.70
Maragusan,2026-04-06,20.80,15.90,26.00,84.00,5.40
Maragusan,2026-04-07,20.50,17.20,24.00,92.00,8.50
Maragusan,2026-04-08,20.70,16.50,24.60,90.00,4.20
Maragusan,2026-04-09,20.20,13.90,25.00,85.00,0.90
Maragusan,2026-04-10,20.90,16.60,24.70,87.00,1.50
Maragusan,2026-04-11,21.30,17.90,24.80,78.00,0.60
Maragusan,2026-04-12,20.80,16.90,25.10,72.00,0.00
Maragusan,2026-04-13,20.40,15.30,25.30,68.00,0.00
Maragusan,2026-04-14,20.90,16.50,25.50,75.00,0.00
Maragusan,2026-04-15,20.50,15.20,25.20,81.00,0.00
Maragusan,2026-04-16,20.60,13.90,26.10,79.00,0.00
Maragusan,2026-04-17,20.90,15.50,26.00,80.00,0.00
Maragusan,2026-04-18,21.50,17.50,25.60,76.00,0.00
Maragusan,2026-04-19,21.40,16.80,26.70,75.00,0.10
Maragusan,2026-04-20,21.40,16.40,26.60,75.00,0.00
Maragusan,2026-04-21,21.50,16.50,26.50,81.00,1.30
Maragusan,2026-04-22,21.50,16.10,25.80,84.00,7.20
Maragusan,2026-04-23,21.40,16.80,25.20,88.00,12.40
Maragusan,2026-04-24,21.80,16.80,26.90,82.00,5.20
Maragusan,2026-04-25,20.90,16.50,25.90,87.00,9.80
Maragusan,2026-04-26,21.00,17.80,24.40,91.00,21.10
Maragusan,2026-04-27,21.30,17.90,25.40,88.00,8.10
Maragusan,2026-04-28,21.50,17.10,26.30,84.00,5.60
Maragusan,2026-04-29,20.90,15.80,26.10,80.00,0.10
Maragusan,2026-04-30,21.30,17.90,25.60,88.00,21.60
Maragusan,2026-05-01,20.90,19.30,23.50,96.00,38.30
Maragusan,2026-05-02,20.70,18.90,23.50,94.00,21.40
Maragusan,2026-05-03,20.80,17.50,24.50,94.00,23.80
Maragusan,2026-05-04,20.60,18.00,24.60,93.00,20.80
Maragusan,2026-05-05,21.00,16.30,25.50,88.00,7.30
Maragusan,2026-05-06,21.20,17.00,24.90,90.00,11.10
Maragusan,2026-05-07,21.30,18.70,24.50,93.00,9.60
Maragusan,2026-05-08,21.30,19.10,24.00,93.00,10.50
Maragusan,2026-05-09,21.20,18.80,24.60,93.00,25.60
Maragusan,2026-05-10,20.80,17.00,24.30,92.00,15.40
Maragusan,2026-05-11,22.10,19.00,25.50,90.00,10.20
Maragusan,2026-05-12,22.40,20.40,25.60,93.00,4.70
Maragusan,2026-05-13,21.80,19.40,25.00,93.00,10.50
Maragusan,2026-05-14,21.50,18.20,25.40,93.00,11.20
Maragusan,2026-05-15,21.70,19.60,25.40,92.00,21.20
Maragusan,2026-05-16,21.00,18.50,23.90,96.00,22.20
Maragusan,2026-05-17,22.10,19.70,25.00,90.00,8.00
Maragusan,2026-05-18,21.50,19.50,23.80,95.00,8.80
Maragusan,2026-05-19,21.00,19.30,24.90,95.00,30.80
Maragusan,2026-05-20,21.20,17.70,25.10,92.00,8.50
Maragusan,2026-05-21,21.20,17.30,24.50,94.00,8.50
Maragusan,2026-05-22,21.10,18.90,24.00,96.00,28.60
Maragusan,2026-05-23,20.90,19.50,23.20,97.00,69.20
Maragusan,2026-05-24,21.10,18.50,25.00,93.00,18.50
Maragusan,2026-05-25,21.30,19.10,24.50,94.00,26.90
Maragusan,2026-05-26,21.50,18.90,25.20,91.00,9.70
Maragusan,2026-05-27,21.30,18.60,24.70,93.00,7.80
Maragusan,2026-05-28,21.70,18.00,25.90,88.00,0.50
Maragusan,2026-05-29,22.10,19.70,25.20,87.00,4.90
Maragusan,2026-05-30,22.10,19.80,25.00,85.00,1.20
Maragusan,2026-05-31,22.10,19.40,25.90,83.00,4.00
Montevista,2023-01-01,24.00,21.80,26.40,91.00,14.30
Montevista,2023-01-02,24.30,23.00,26.50,92.00,36.30
Montevista,2023-01-03,24.80,22.50,29.00,90.00,31.00
Montevista,2023-01-04,25.00,23.10,27.50,91.00,5.50
Montevista,2023-01-05,25.60,23.10,30.50,88.00,18.50
Montevista,2023-01-06,26.10,22.90,31.80,82.00,2.10
Montevista,2023-01-07,24.10,23.00,25.80,92.00,36.20
Montevista,2023-01-08,24.10,22.50,26.50,89.00,15.90
Montevista,2023-01-09,24.80,23.20,27.40,89.00,4.10
Montevista,2023-01-10,24.90,22.90,27.50,89.00,10.40
Montevista,2023-01-11,25.00,22.70,28.80,89.00,32.10
Montevista,2023-01-12,24.80,23.20,27.70,90.00,7.00
Montevista,2023-01-13,25.60,22.80,29.00,88.00,5.90
Montevista,2023-01-14,24.90,23.10,27.50,91.00,26.10
Montevista,2023-01-15,25.70,22.90,30.60,88.00,13.50
Montevista,2023-01-16,25.60,22.60,30.60,88.00,8.00
Montevista,2023-01-17,25.50,22.50,30.90,88.00,6.40
Montevista,2023-01-18,25.70,21.50,30.90,88.00,19.30
Montevista,2023-01-19,26.50,22.70,31.90,82.00,5.70
Montevista,2023-01-20,26.20,23.30,30.40,81.00,0.90
Montevista,2023-01-21,25.30,23.00,29.30,86.00,12.10
Montevista,2023-01-22,23.80,22.70,25.50,93.00,57.60
Montevista,2023-01-23,24.70,22.90,27.90,90.00,23.80
Montevista,2023-01-24,25.00,22.90,29.10,88.00,15.60
Montevista,2023-01-25,24.80,22.80,27.80,83.00,7.00
Montevista,2023-01-26,24.80,22.80,27.90,88.00,20.10
Montevista,2023-01-27,25.40,22.90,31.00,88.00,11.10
Montevista,2023-01-28,26.60,22.80,32.00,81.00,1.80
Montevista,2023-01-29,24.90,23.40,27.80,89.00,16.60
Montevista,2023-01-30,25.70,23.30,29.30,88.00,2.60
Montevista,2023-01-31,25.90,23.20,29.80,86.00,1.50
Montevista,2023-02-01,26.50,23.10,32.00,81.00,0.70
Montevista,2023-02-02,26.40,23.10,31.20,81.00,1.90
Montevista,2023-02-03,26.30,23.00,31.00,80.00,0.60
Montevista,2023-02-04,25.40,22.90,29.00,86.00,7.40
Montevista,2023-02-05,24.80,22.10,29.50,88.00,46.10
Montevista,2023-02-06,25.60,22.60,29.90,84.00,4.20
Montevista,2023-02-07,25.40,22.90,30.10,86.00,9.50
Montevista,2023-02-08,24.90,22.40,29.20,85.00,3.80
Montevista,2023-02-09,25.40,22.20,29.90,84.00,7.10
Montevista,2023-02-10,26.10,22.30,31.70,80.00,0.70
Montevista,2023-02-11,26.20,22.90,30.10,82.00,2.20
Montevista,2023-02-12,26.20,23.40,30.90,79.00,1.40
Montevista,2023-02-13,24.50,23.20,25.80,90.00,11.80
Montevista,2023-02-14,24.30,22.90,27.80,92.00,61.50
Montevista,2023-02-15,25.40,23.00,29.80,85.00,38.40
Montevista,2023-02-16,25.40,23.00,29.30,84.00,9.50
Montevista,2023-02-17,24.30,23.00,26.00,89.00,10.20
Montevista,2023-02-18,25.30,23.10,29.90,87.00,32.80
Montevista,2023-02-19,26.40,22.50,30.70,82.00,0.20
Montevista,2023-02-20,26.30,23.00,31.30,85.00,10.20
Montevista,2023-02-21,26.00,23.60,31.50,87.00,20.90
Montevista,2023-02-22,25.50,22.40,31.70,87.00,11.70
Montevista,2023-02-23,26.90,22.90,32.50,81.00,1.30
Montevista,2023-02-24,26.60,22.50,31.10,84.00,0.80
Montevista,2023-02-25,26.50,23.10,32.60,82.00,2.10
Montevista,2023-02-26,26.10,23.10,29.80,82.00,2.90
Montevista,2023-02-27,26.70,23.20,31.60,79.00,1.40
Montevista,2023-02-28,26.40,23.40,31.00,82.00,1.60
Montevista,2023-03-01,26.60,23.20,31.80,82.00,4.50
Montevista,2023-03-02,25.50,22.90,30.00,83.00,4.20
Montevista,2023-03-03,25.60,21.10,30.00,76.00,0.00
Montevista,2023-03-04,25.10,23.70,27.30,84.00,7.60
Montevista,2023-03-05,26.10,22.00,30.80,81.00,3.50
Montevista,2023-03-06,25.30,21.00,29.90,85.00,2.00
Montevista,2023-03-07,25.10,23.40,28.40,86.00,10.20
Montevista,2023-03-08,26.70,23.00,32.00,79.00,0.50
Montevista,2023-03-09,26.50,23.50,31.00,80.00,1.10
Montevista,2023-03-10,26.80,22.00,32.00,76.00,0.00
Montevista,2023-03-11,26.40,21.90,31.90,79.00,1.30
Montevista,2023-03-12,25.90,22.50,29.70,82.00,5.70
Montevista,2023-03-13,25.20,23.30,28.90,86.00,17.10
Montevista,2023-03-14,24.10,22.90,26.40,90.00,14.90
Montevista,2023-03-15,25.80,21.60,32.20,82.00,2.40
Montevista,2023-03-16,26.00,22.70,31.40,85.00,11.60
Montevista,2023-03-17,26.40,23.40,30.80,84.00,3.70
Montevista,2023-03-18,25.80,22.80,30.90,85.00,14.20
Montevista,2023-03-19,26.80,23.20,32.00,83.00,8.50
Montevista,2023-03-20,27.10,23.60,31.90,77.00,0.30
Montevista,2023-03-21,27.00,22.10,33.00,76.00,0.00
Montevista,2023-03-22,26.60,22.50,31.00,80.00,1.20
Montevista,2023-03-23,26.00,21.70,32.60,85.00,14.50
Montevista,2023-03-24,26.50,22.70,31.80,86.00,12.50
Montevista,2023-03-25,27.10,23.60,31.90,82.00,4.80
Montevista,2023-03-26,27.50,23.50,32.70,78.00,0.40
Montevista,2023-03-27,26.80,23.50,31.20,81.00,1.80
Montevista,2023-03-28,26.20,24.00,30.00,84.00,27.70
Montevista,2023-03-29,25.50,23.00,30.50,88.00,20.80
Montevista,2023-03-30,26.00,22.80,30.50,86.00,23.60
Montevista,2023-03-31,25.60,23.20,28.50,88.00,23.10
Montevista,2023-04-01,25.40,22.80,30.60,89.00,15.50
Montevista,2023-04-02,25.70,23.10,30.50,89.00,15.20
Montevista,2023-04-03,26.20,22.20,31.60,84.00,3.10
Montevista,2023-04-04,26.50,21.40,32.00,78.00,0.60
Montevista,2023-04-05,25.80,22.60,30.20,84.00,8.60
Montevista,2023-04-06,26.80,22.60,31.50,76.00,0.20
Montevista,2023-04-07,26.90,22.80,32.20,77.00,0.00
Montevista,2023-04-08,26.70,23.30,31.30,80.00,2.30
Montevista,2023-04-09,26.10,23.10,31.40,84.00,2.70
Montevista,2023-04-10,25.50,21.80,29.00,85.00,1.20
Montevista,2023-04-11,26.50,22.70,32.40,83.00,3.30
Montevista,2023-04-12,27.40,23.50,32.80,80.00,0.10
Montevista,2023-04-13,27.50,24.50,32.60,82.00,2.20
Montevista,2023-04-14,26.70,23.90,31.10,87.00,6.40
Montevista,2023-04-15,26.40,23.00,31.40,87.00,9.90
Montevista,2023-04-16,26.40,22.80,32.20,86.00,4.20
Montevista,2023-04-17,26.20,23.00,31.50,87.00,15.50
Montevista,2023-04-18,27.20,22.40,32.50,82.00,0.70
Montevista,2023-04-19,27.50,22.60,32.40,83.00,0.60
Montevista,2023-04-20,27.50,24.50,32.40,83.00,2.80
Montevista,2023-04-21,26.30,23.50,32.00,87.00,6.80
Montevista,2023-04-22,26.40,23.20,33.20,86.00,10.00
Montevista,2023-04-23,26.90,22.80,32.00,85.00,10.80
Montevista,2023-04-24,27.80,23.50,33.10,79.00,0.40
Montevista,2023-04-25,27.70,22.60,33.80,77.00,0.00
Montevista,2023-04-26,27.50,22.80,33.00,79.00,0.00
Montevista,2023-04-27,27.30,22.50,31.80,80.00,3.20
Montevista,2023-04-28,28.60,24.00,34.00,74.00,0.10
Montevista,2023-04-29,27.20,24.50,32.50,82.00,21.60
Montevista,2023-04-30,26.50,24.00,31.90,87.00,26.80
Montevista,2023-05-01,27.10,23.50,31.50,81.00,7.50
Montevista,2023-05-02,25.80,24.00,30.20,91.00,44.00
Montevista,2023-05-03,26.90,23.50,31.40,85.00,1.90
Montevista,2023-05-04,26.70,23.80,31.80,86.00,2.70
Montevista,2023-05-05,26.20,23.50,31.90,89.00,17.20
Montevista,2023-05-06,26.60,23.20,32.50,87.00,21.50
Montevista,2023-05-07,27.80,23.10,33.10,79.00,1.60
Montevista,2023-05-08,28.40,24.40,33.80,77.00,0.00
Montevista,2023-05-09,28.00,23.10,33.40,79.00,0.30
Montevista,2023-05-10,28.00,23.50,33.00,80.00,1.80
Montevista,2023-05-11,27.40,23.70,33.40,80.00,1.70
Montevista,2023-05-12,27.50,23.60,33.80,82.00,3.50
Montevista,2023-05-13,27.80,23.50,33.80,81.00,2.80
Montevista,2023-05-14,27.20,23.80,33.30,85.00,5.60
Montevista,2023-05-15,26.40,22.90,32.70,87.00,6.70
Montevista,2023-05-16,26.80,23.00,33.00,84.00,4.10
Montevista,2023-05-17,26.90,22.50,32.80,83.00,6.20
Montevista,2023-05-18,27.40,23.20,33.80,81.00,4.60
Montevista,2023-05-19,25.90,23.50,30.20,89.00,31.50
Montevista,2023-05-20,26.10,22.70,31.40,88.00,8.70
Montevista,2023-05-21,26.60,24.00,31.60,88.00,58.40
Montevista,2023-05-22,26.60,24.00,32.50,87.00,31.80
Montevista,2023-05-23,26.70,23.10,31.10,85.00,25.90
Montevista,2023-05-24,26.30,23.00,30.70,87.00,7.80
Montevista,2023-05-25,27.00,24.00,31.40,86.00,19.80
Montevista,2023-05-26,26.60,24.00,32.10,85.00,15.90
Montevista,2023-05-27,26.80,23.90,31.60,83.00,21.20
Montevista,2023-05-28,27.80,23.90,31.50,78.00,0.80
Montevista,2023-05-29,28.40,24.40,33.20,77.00,0.10
Montevista,2023-05-30,28.80,25.20,33.30,76.00,0.10
Montevista,2023-05-31,28.70,25.10,32.80,77.00,0.20
Montevista,2023-06-01,28.70,24.80,33.10,77.00,1.00
Montevista,2023-06-02,28.20,24.80,33.70,81.00,23.50
Montevista,2023-06-03,27.00,24.10,33.00,85.00,11.10
Montevista,2023-06-04,26.70,23.90,32.00,86.00,40.40
Montevista,2023-06-05,26.60,24.00,31.80,88.00,29.50
Montevista,2023-06-06,26.10,23.90,31.60,89.00,42.20
Montevista,2023-06-07,26.70,23.10,31.50,86.00,11.80
Montevista,2023-06-08,26.70,23.70,31.80,86.00,16.30
Montevista,2023-06-09,27.00,23.40,32.20,84.00,9.10
Montevista,2023-06-10,27.70,23.50,32.40,81.00,0.80
Montevista,2023-06-11,27.60,24.00,32.80,83.00,1.70
Montevista,2023-06-12,27.80,24.60,32.90,82.00,2.30
Montevista,2023-06-13,27.20,23.70,32.90,83.00,3.20
Montevista,2023-06-14,26.30,23.90,31.00,87.00,31.90
Montevista,2023-06-15,26.20,23.50,30.20,88.00,10.90
Montevista,2023-06-16,25.90,23.90,30.30,89.00,11.40
Montevista,2023-06-17,25.80,23.00,30.80,88.00,17.60
Montevista,2023-06-18,26.40,23.40,31.00,88.00,6.10
Montevista,2023-06-19,25.80,23.20,30.50,91.00,22.10
Montevista,2023-06-20,26.00,23.20,31.00,88.00,21.00
Montevista,2023-06-21,25.80,22.70,30.70,88.00,13.20
Montevista,2023-06-22,25.80,23.20,28.60,87.00,4.50
Montevista,2023-06-23,26.40,23.50,29.70,87.00,2.90
Montevista,2023-06-24,26.00,23.00,31.40,89.00,20.80
Montevista,2023-06-25,25.50,23.10,31.00,88.00,26.70
Montevista,2023-06-26,26.40,23.50,31.40,86.00,2.70
Montevista,2023-06-27,27.20,24.20,31.60,85.00,4.60
Montevista,2023-06-28,26.40,23.80,32.00,87.00,32.00
Montevista,2023-06-29,26.10,22.50,32.00,86.00,13.20
Montevista,2023-06-30,26.40,23.10,31.10,86.00,9.90
Montevista,2023-07-01,26.50,23.50,31.00,88.00,5.20
Montevista,2023-07-02,27.10,23.80,31.10,85.00,6.60
Montevista,2023-07-03,25.90,24.50,29.10,91.00,20.90
Montevista,2023-07-04,25.80,23.90,29.50,90.00,16.50
Montevista,2023-07-05,26.60,23.30,30.90,85.00,1.60
Montevista,2023-07-06,26.70,24.60,32.30,87.00,4.90
Montevista,2023-07-07,27.00,24.00,31.50,86.00,4.30
Montevista,2023-07-08,26.30,23.50,30.40,88.00,9.50
Montevista,2023-07-09,25.60,23.00,30.80,89.00,19.50
Montevista,2023-07-10,26.30,22.70,31.50,87.00,15.60
Montevista,2023-07-11,26.70,23.70,31.60,85.00,37.50
Montevista,2023-07-12,26.60,23.40,29.80,85.00,4.00
Montevista,2023-07-13,27.40,24.00,31.90,80.00,2.70
Montevista,2023-07-14,28.00,24.50,32.30,76.00,0.00
Montevista,2023-07-15,28.40,24.60,32.60,74.00,0.30
Montevista,2023-07-16,27.70,24.30,31.60,78.00,0.30
Montevista,2023-07-17,27.20,24.00,30.00,77.00,23.80
Montevista,2023-07-18,24.80,23.60,26.10,92.00,15.30
Montevista,2023-07-19,25.30,23.00,29.20,89.00,3.70
Montevista,2023-07-20,26.20,23.00,31.60,86.00,2.90
Montevista,2023-07-21,27.00,23.20,31.80,82.00,0.00
Montevista,2023-07-22,26.90,23.80,31.20,83.00,4.80
Montevista,2023-07-23,27.50,24.20,31.40,76.00,0.00
Montevista,2023-07-24,27.70,24.90,31.20,75.00,1.10
Montevista,2023-07-25,28.00,25.30,31.80,75.00,1.20
Montevista,2023-07-26,27.50,23.70,32.00,79.00,0.00
Montevista,2023-07-27,27.60,24.00,31.50,78.00,0.40
Montevista,2023-07-28,26.70,24.50,31.00,85.00,4.40
Montevista,2023-07-29,27.10,23.90,31.50,83.00,1.10
Montevista,2023-07-30,27.70,24.30,32.20,79.00,0.80
Montevista,2023-07-31,27.80,23.40,33.00,77.00,0.10
Montevista,2023-08-01,28.00,23.90,32.80,78.00,0.10
Montevista,2023-08-02,27.90,23.60,32.70,77.00,0.10
Montevista,2023-08-03,28.30,24.20,33.00,77.00,0.20
Montevista,2023-08-04,28.30,24.40,34.00,78.00,4.80
Montevista,2023-08-05,28.30,24.10,34.00,80.00,5.20
Montevista,2023-08-06,27.60,24.60,33.00,82.00,7.90
Montevista,2023-08-07,27.90,24.40,33.50,78.00,1.30
Montevista,2023-08-08,28.60,24.80,33.80,73.00,7.20
Montevista,2023-08-09,26.60,23.60,33.20,84.00,22.30
Montevista,2023-08-10,26.00,23.50,31.20,88.00,19.40
Montevista,2023-08-11,26.60,23.40,30.70,84.00,14.10
Montevista,2023-08-12,26.10,23.00,30.70,86.00,31.90
Montevista,2023-08-13,26.70,24.30,31.00,83.00,23.00
Montevista,2023-08-14,26.30,23.50,30.20,88.00,3.30
Montevista,2023-08-15,26.30,24.20,30.10,88.00,13.90
Montevista,2023-08-16,26.00,23.80,30.60,89.00,16.20
Montevista,2023-08-17,26.30,23.80,30.40,87.00,1.70
Montevista,2023-08-18,26.40,23.60,31.90,83.00,9.90
Montevista,2023-08-19,26.00,23.20,30.60,89.00,55.50
Montevista,2023-08-20,25.50,22.60,30.60,88.00,47.40
Montevista,2023-08-21,25.60,22.50,29.50,90.00,19.30
Montevista,2023-08-22,26.00,23.20,30.10,89.00,18.30
Montevista,2023-08-23,26.40,22.80,30.40,85.00,2.60
Montevista,2023-08-24,26.80,23.50,32.50,84.00,10.30
Montevista,2023-08-25,26.60,22.20,31.30,85.00,3.90
Montevista,2023-08-26,27.20,23.60,31.80,83.00,10.60
Montevista,2023-08-27,27.50,23.60,32.20,77.00,0.10
Montevista,2023-08-28,27.90,24.40,31.80,76.00,0.40
Montevista,2023-08-29,28.10,24.60,32.70,77.00,2.60
Montevista,2023-08-30,28.30,23.90,33.10,75.00,0.00
Montevista,2023-08-31,28.40,24.50,33.20,77.00,0.00
Montevista,2023-09-01,28.50,24.50,33.20,76.00,0.00
Montevista,2023-09-02,28.60,24.50,33.10,74.00,0.50
Montevista,2023-09-03,28.50,25.20,33.20,75.00,6.00
Montevista,2023-09-04,27.90,24.20,33.40,80.00,1.40
Montevista,2023-09-05,27.10,23.40,33.60,83.00,3.50
Montevista,2023-09-06,26.70,24.60,30.50,86.00,17.20
Montevista,2023-09-07,26.30,23.40,31.40,86.00,1.70
Montevista,2023-09-08,26.30,23.40,31.60,88.00,21.30
Montevista,2023-09-09,26.20,22.90,31.60,86.00,5.90
Montevista,2023-09-10,26.20,23.70,30.90,87.00,13.70
Montevista,2023-09-11,26.50,23.20,32.20,84.00,37.40
Montevista,2023-09-12,26.30,22.90,31.80,86.00,39.60
Montevista,2023-09-13,26.20,24.00,31.10,86.00,47.10
Montevista,2023-09-14,26.60,23.00,31.70,84.00,6.20
Montevista,2023-09-15,25.80,23.50,30.10,89.00,17.10
Montevista,2023-09-16,25.80,23.40,30.40,87.00,20.70
Montevista,2023-09-17,25.60,23.00,30.60,89.00,39.40
Montevista,2023-09-18,25.30,23.00,28.60,90.00,6.90
Montevista,2023-09-19,26.30,23.00,30.50,86.00,5.90
Montevista,2023-09-20,26.40,24.30,30.20,86.00,6.90
Montevista,2023-09-21,25.90,23.60,30.20,90.00,18.60
Montevista,2023-09-22,27.10,24.00,31.90,83.00,1.70
Montevista,2023-09-23,27.60,23.60,31.80,78.00,0.10
Montevista,2023-09-24,26.70,23.50,32.00,82.00,11.50
Montevista,2023-09-25,26.40,23.40,31.50,84.00,27.20
Montevista,2023-09-26,25.20,22.10,30.80,89.00,33.50
Montevista,2023-09-27,26.70,22.90,31.90,82.00,7.40
Montevista,2023-09-28,27.70,24.60,32.00,78.00,10.20
Montevista,2023-09-29,27.20,23.90,31.10,85.00,1.50
Montevista,2023-09-30,27.90,23.90,32.50,79.00,0.40
Montevista,2023-10-01,28.40,25.40,32.40,75.00,0.00
Montevista,2023-10-02,28.50,24.70,33.30,77.00,0.00
Montevista,2023-10-03,27.10,24.00,32.40,87.00,9.80
Montevista,2023-10-04,27.00,24.10,33.30,85.00,2.80
Montevista,2023-10-05,26.80,22.90,33.20,83.00,12.10
Montevista,2023-10-06,26.80,23.40,32.60,85.00,6.50
Montevista,2023-10-07,26.60,23.10,30.70,86.00,3.10
Montevista,2023-10-08,26.70,23.20,31.50,87.00,10.30
Montevista,2023-10-09,25.50,23.00,29.00,91.00,18.90
Montevista,2023-10-10,25.30,23.50,27.90,91.00,29.70
Montevista,2023-10-11,25.80,22.80,30.10,88.00,18.50
Montevista,2023-10-12,27.00,24.40,32.30,83.00,14.30
Montevista,2023-10-13,26.50,24.10,29.70,86.00,1.20
Montevista,2023-10-14,27.00,24.40,31.40,85.00,5.30
Montevista,2023-10-15,27.10,24.40,31.80,84.00,3.00
Montevista,2023-10-16,26.20,22.90,31.20,87.00,5.20
Montevista,2023-10-17,26.60,23.00,31.00,86.00,6.30
Montevista,2023-10-18,26.30,23.10,32.00,87.00,16.80
Montevista,2023-10-19,26.10,22.70,31.70,88.00,7.00
Montevista,2023-10-20,26.20,22.50,31.00,87.00,10.20
Montevista,2023-10-21,26.70,23.10,31.50,85.00,2.80
Montevista,2023-10-22,26.00,23.00,31.60,89.00,9.70
Montevista,2023-10-23,25.90,21.50,32.00,86.00,1.40
Montevista,2023-10-24,26.30,22.50,32.40,87.00,8.20
Montevista,2023-10-25,25.90,22.30,31.50,89.00,12.60
Montevista,2023-10-26,25.60,23.00,28.90,89.00,7.40
Montevista,2023-10-27,26.20,23.00,30.90,87.00,9.90
Montevista,2023-10-28,27.10,23.40,32.10,82.00,0.90
Montevista,2023-10-29,26.00,23.00,31.20,88.00,2.20
Montevista,2023-10-30,25.40,22.60,30.10,91.00,7.30
Montevista,2023-10-31,27.50,23.50,32.70,80.00,0.30
Montevista,2023-11-01,26.80,23.60,31.80,86.00,5.00
Montevista,2023-11-02,26.80,22.10,31.90,84.00,0.90
Montevista,2023-11-03,26.10,23.10,30.90,88.00,18.00
Montevista,2023-11-04,25.70,23.00,31.20,90.00,14.10
Montevista,2023-11-05,26.20,23.60,31.00,88.00,2.00
Montevista,2023-11-06,27.30,23.00,32.80,81.00,0.70
Montevista,2023-11-07,26.40,24.30,30.10,86.00,13.50
Montevista,2023-11-08,26.30,24.10,30.80,87.00,8.80
Montevista,2023-11-09,26.90,23.50,31.60,85.00,8.60
Montevista,2023-11-10,26.30,22.90,31.00,88.00,8.40
Montevista,2023-11-11,26.90,23.40,31.30,82.00,0.10
Montevista,2023-11-12,26.20,21.80,31.40,85.00,1.90
Montevista,2023-11-13,26.90,22.70,32.30,83.00,2.00
Montevista,2023-11-14,27.00,21.50,32.20,81.00,0.80
Montevista,2023-11-15,27.40,23.70,32.50,78.00,0.90
Montevista,2023-11-16,25.80,23.50,28.00,88.00,20.40
Montevista,2023-11-17,25.80,23.50,29.20,89.00,13.90
Montevista,2023-11-18,26.90,23.90,31.30,85.00,6.10
Montevista,2023-11-19,26.60,24.10,30.40,86.00,8.60
Montevista,2023-11-20,26.70,23.80,32.20,86.00,14.90
Montevista,2023-11-21,26.70,24.20,30.60,88.00,13.00
Montevista,2023-11-22,26.30,23.00,31.60,88.00,5.30
Montevista,2023-11-23,26.40,24.00,30.00,88.00,8.60
Montevista,2023-11-24,26.70,23.70,31.00,84.00,5.30
Montevista,2023-11-25,25.90,22.50,31.10,88.00,9.80
Montevista,2023-11-26,26.90,23.10,31.10,81.00,1.00
Montevista,2023-11-27,26.70,23.90,31.00,84.00,8.20
Montevista,2023-11-28,26.40,23.80,30.60,87.00,23.70
Montevista,2023-11-29,26.20,23.60,30.50,87.00,18.30
Montevista,2023-11-30,26.80,23.50,32.30,81.00,1.90
Montevista,2023-12-01,27.10,24.50,31.50,83.00,5.20
Montevista,2023-12-02,26.30,24.20,30.40,86.00,9.30
Montevista,2023-12-03,26.50,23.50,30.90,84.00,8.50
Montevista,2023-12-04,26.50,22.90,31.00,86.00,7.20
Montevista,2023-12-05,26.40,23.70,31.30,88.00,17.80
Montevista,2023-12-06,25.80,23.90,28.00,87.00,5.80
Montevista,2023-12-07,26.50,24.10,30.70,86.00,9.20
Montevista,2023-12-08,26.70,24.00,30.10,85.00,5.80
Montevista,2023-12-09,26.40,23.00,30.40,84.00,2.70
Montevista,2023-12-10,26.70,22.50,31.90,82.00,0.10
Montevista,2023-12-11,26.90,23.40,31.50,80.00,0.20
Montevista,2023-12-12,26.70,22.40,31.60,83.00,0.30
Montevista,2023-12-13,26.50,23.50,29.60,83.00,1.00
Montevista,2023-12-14,27.20,24.00,31.80,79.00,0.30
Montevista,2023-12-15,26.80,23.40,32.20,81.00,1.30
Montevista,2023-12-16,26.80,22.80,31.10,79.00,1.20
Montevista,2023-12-17,25.30,23.50,27.70,87.00,5.10
Montevista,2023-12-18,24.40,23.20,25.80,94.00,72.40
Montevista,2023-12-19,25.30,23.00,28.70,91.00,7.70
Montevista,2023-12-20,26.80,23.50,32.50,83.00,0.10
Montevista,2023-12-21,26.10,21.50,31.60,84.00,1.20
Montevista,2023-12-22,25.80,23.20,28.70,88.00,15.50
Montevista,2023-12-23,26.70,23.30,32.20,81.00,0.30
Montevista,2023-12-24,26.60,23.00,31.50,82.00,1.10
Montevista,2023-12-25,25.40,23.90,28.20,88.00,12.40
Montevista,2023-12-26,26.80,23.90,31.00,84.00,3.80
Montevista,2023-12-27,26.50,23.50,30.70,85.00,8.00
Montevista,2023-12-28,26.90,23.50,31.50,79.00,0.40
Montevista,2023-12-29,26.60,23.50,31.20,85.00,11.50
Montevista,2023-12-30,25.80,23.80,29.70,90.00,9.30
Montevista,2023-12-31,26.90,23.30,32.20,86.00,1.50
Montevista,2024-01-01,25.90,23.70,29.40,87.00,9.00
Montevista,2024-01-02,25.20,23.90,27.40,93.00,153.80
Montevista,2024-01-03,25.60,23.00,28.50,89.00,15.90
Montevista,2024-01-04,26.50,22.00,31.30,84.00,0.40
Montevista,2024-01-05,26.50,21.70,32.50,80.00,0.00
Montevista,2024-01-06,26.20,23.90,29.50,85.00,6.80
Montevista,2024-01-07,27.30,24.10,32.10,80.00,0.60
Montevista,2024-01-08,26.70,23.70,31.00,81.00,6.00
Montevista,2024-01-09,26.40,23.40,30.60,86.00,3.50
Montevista,2024-01-10,26.90,23.80,32.80,82.00,0.30
Montevista,2024-01-11,27.00,22.30,32.20,79.00,0.10
Montevista,2024-01-12,27.00,24.50,31.20,78.00,0.60
Montevista,2024-01-13,26.50,23.60,30.60,82.00,2.60
Montevista,2024-01-14,26.30,23.90,31.50,80.00,1.90
Montevista,2024-01-15,25.70,23.90,29.10,86.00,25.90
Montevista,2024-01-16,25.10,23.90,26.90,86.00,37.40
Montevista,2024-01-17,25.10,23.40,27.90,87.00,8.50
Montevista,2024-01-18,25.00,23.30,27.90,91.00,17.50
Montevista,2024-01-19,26.10,23.20,30.40,83.00,1.00
Montevista,2024-01-20,26.20,23.00,30.70,81.00,0.70
Montevista,2024-01-21,26.60,22.50,31.50,79.00,0.10
Montevista,2024-01-22,26.70,23.80,30.70,79.00,0.10
Montevista,2024-01-23,26.40,23.00,30.50,80.00,0.30
Montevista,2024-01-24,25.90,22.50,30.20,82.00,1.80
Montevista,2024-01-25,25.80,23.20,30.50,79.00,1.00
Montevista,2024-01-26,25.10,23.20,28.00,83.00,14.50
Montevista,2024-01-27,24.80,21.60,29.00,77.00,0.70
Montevista,2024-01-28,24.80,23.00,27.50,80.00,0.20
Montevista,2024-01-29,24.40,23.50,26.00,90.00,27.00
Montevista,2024-01-30,25.00,23.00,28.80,89.00,87.40
Montevista,2024-01-31,24.30,23.40,25.90,93.00,54.40
Montevista,2024-02-01,24.90,23.40,27.70,91.00,30.10
Montevista,2024-02-02,26.30,23.50,30.40,85.00,3.60
Montevista,2024-02-03,26.20,22.50,30.40,83.00,0.30
Montevista,2024-02-04,26.00,23.50,29.10,85.00,5.60
Montevista,2024-02-05,26.20,22.40,31.10,79.00,0.60
Montevista,2024-02-06,25.20,21.70,28.00,88.00,2.20
Montevista,2024-02-07,25.10,23.40,28.00,91.00,11.90
Montevista,2024-02-08,25.10,23.20,27.10,90.00,3.80
Montevista,2024-02-09,25.60,21.60,30.10,82.00,0.30
Montevista,2024-02-10,26.30,22.80,30.60,77.00,0.00
Montevista,2024-02-11,25.10,23.50,27.80,82.00,16.20
Montevista,2024-02-12,26.10,23.20,30.80,76.00,1.70
Montevista,2024-02-13,26.50,23.10,31.10,74.00,1.00
Montevista,2024-02-14,26.60,23.50,31.60,75.00,0.30
Montevista,2024-02-15,26.40,20.60,32.90,76.00,0.40
Montevista,2024-02-16,26.00,22.50,29.80,84.00,5.20
Montevista,2024-02-17,26.50,23.10,31.40,79.00,0.20
Montevista,2024-02-18,27.00,23.90,31.50,79.00,0.70
Montevista,2024-02-19,26.30,22.10,31.80,79.00,0.20
Montevista,2024-02-20,26.40,22.00,33.00,75.00,0.00
Montevista,2024-02-21,25.40,20.50,31.10,86.00,2.30
Montevista,2024-02-22,26.20,23.50,30.50,87.00,3.90
Montevista,2024-02-23,25.90,23.40,29.90,87.00,7.30
Montevista,2024-02-24,26.60,23.40,31.70,80.00,0.10
Montevista,2024-02-25,26.30,20.90,31.80,79.00,0.80
Montevista,2024-02-26,25.90,22.80,29.80,80.00,1.00
Montevista,2024-02-27,25.80,23.70,30.00,79.00,8.20
Montevista,2024-02-28,24.70,23.10,27.20,86.00,9.20
Montevista,2024-02-29,26.10,23.80,29.70,85.00,4.20
Montevista,2024-03-01,26.80,24.00,31.00,80.00,0.50
Montevista,2024-03-02,26.40,22.90,31.00,78.00,0.40
Montevista,2024-03-03,26.00,22.10,31.90,77.00,0.00
Montevista,2024-03-04,26.10,20.90,31.90,76.00,0.10
Montevista,2024-03-05,26.70,22.80,31.60,79.00,0.80
Montevista,2024-03-06,27.10,22.50,33.20,80.00,0.30
Montevista,2024-03-07,26.50,22.40,32.00,77.00,0.00
Montevista,2024-03-08,25.80,21.00,31.00,80.00,0.60
Montevista,2024-03-09,26.70,22.70,32.00,77.00,0.00
Montevista,2024-03-10,26.40,22.20,32.00,75.00,0.30
Montevista,2024-03-11,26.40,21.40,32.30,75.00,0.10
Montevista,2024-03-12,26.50,23.80,30.50,83.00,8.40
Montevista,2024-03-13,26.70,23.70,30.60,78.00,0.20
Montevista,2024-03-14,26.70,23.10,32.00,75.00,0.60
Montevista,2024-03-15,26.90,23.00,32.50,76.00,0.10
Montevista,2024-03-16,26.80,21.70,32.20,76.00,0.40
Montevista,2024-03-17,26.80,23.20,32.20,73.00,0.10
Montevista,2024-03-18,26.60,21.80,32.30,74.00,0.00
Montevista,2024-03-19,26.70,21.90,32.20,76.00,0.50
Montevista,2024-03-20,27.30,22.60,32.50,75.00,0.50
Montevista,2024-03-21,26.80,24.00,31.50,77.00,1.30
Montevista,2024-03-22,27.60,24.50,32.80,69.00,0.50
Montevista,2024-03-23,27.50,22.90,33.30,69.00,0.10
Montevista,2024-03-24,27.50,24.00,32.70,72.00,0.20
Montevista,2024-03-25,28.10,23.90,33.30,76.00,0.60
Montevista,2024-03-26,28.70,24.50,34.80,77.00,0.10
Montevista,2024-03-27,28.40,23.70,34.30,75.00,0.10
Montevista,2024-03-28,27.80,24.00,32.60,79.00,7.20
Montevista,2024-03-29,27.00,24.00,31.80,80.00,6.50
Montevista,2024-03-30,27.80,22.20,34.20,74.00,0.60
Montevista,2024-03-31,27.90,23.60,34.00,74.00,0.20
Montevista,2024-04-01,27.60,21.90,34.50,72.00,0.00
Montevista,2024-04-02,27.70,22.60,33.80,73.00,0.20
Montevista,2024-04-03,28.30,21.90,34.80,71.00,0.00
Montevista,2024-04-04,28.50,24.30,33.90,72.00,0.00
Montevista,2024-04-05,28.80,25.00,33.70,69.00,0.00
Montevista,2024-04-06,28.10,25.20,32.20,74.00,8.90
Montevista,2024-04-07,27.70,22.80,33.70,74.00,0.00
Montevista,2024-04-08,25.90,20.90,31.30,82.00,4.00
Montevista,2024-04-09,27.80,21.80,35.00,74.00,0.10
Montevista,2024-04-10,27.70,23.60,33.40,74.00,1.40
Montevista,2024-04-11,27.90,22.10,34.70,73.00,0.20
Montevista,2024-04-12,28.00,22.50,35.10,73.00,0.00
Montevista,2024-04-13,28.00,22.50,34.70,74.00,0.10
Montevista,2024-04-14,28.10,22.10,35.50,73.00,0.10
Montevista,2024-04-15,28.80,23.50,35.50,72.00,0.20
Montevista,2024-04-16,29.20,24.40,34.70,70.00,0.60
Montevista,2024-04-17,29.20,24.60,35.20,69.00,0.60
Montevista,2024-04-18,29.30,23.70,36.50,68.00,0.10
Montevista,2024-04-19,28.80,23.90,35.30,69.00,0.40
Montevista,2024-04-20,28.50,21.90,35.30,68.00,0.10
Montevista,2024-04-21,28.20,25.50,32.40,77.00,1.90
Montevista,2024-04-22,29.50,24.50,36.50,73.00,0.60
Montevista,2024-04-23,29.20,24.80,35.00,72.00,0.00
Montevista,2024-04-24,29.60,25.20,35.50,71.00,0.20
Montevista,2024-04-25,29.90,23.60,37.00,67.00,0.00
Montevista,2024-04-26,29.50,26.00,35.70,73.00,4.20
Montevista,2024-04-27,28.10,25.40,34.60,81.00,6.90
Montevista,2024-04-28,29.10,24.70,35.80,72.00,0.30
Montevista,2024-04-29,28.40,25.00,33.20,75.00,3.90
Montevista,2024-04-30,26.70,24.40,31.00,87.00,12.40
Montevista,2024-05-01,28.10,23.10,34.60,79.00,0.80
Montevista,2024-05-02,28.70,24.00,35.20,73.00,0.00
Montevista,2024-05-03,28.10,22.50,34.30,73.00,0.10
Montevista,2024-05-04,28.30,25.20,33.80,76.00,0.80
Montevista,2024-05-05,28.80,23.60,34.90,73.00,0.10
Montevista,2024-05-06,28.70,24.60,34.00,75.00,0.90
Montevista,2024-05-07,28.40,23.50,34.20,73.00,0.60
Montevista,2024-05-08,28.40,23.00,34.80,75.00,0.10
Montevista,2024-05-09,27.20,22.90,35.00,84.00,11.90
Montevista,2024-05-10,28.30,24.20,34.20,78.00,0.90
Montevista,2024-05-11,29.00,24.10,36.20,75.00,0.50
Montevista,2024-05-12,27.40,25.00,31.20,86.00,10.20
Montevista,2024-05-13,28.70,24.70,35.20,79.00,0.50
Montevista,2024-05-14,29.30,24.00,36.00,73.00,0.10
Montevista,2024-05-15,29.10,23.90,35.20,73.00,1.00
Montevista,2024-05-16,29.00,23.70,35.80,71.00,0.60
Montevista,2024-05-17,29.50,23.40,36.70,70.00,0.20
Montevista,2024-05-18,30.20,24.80,36.80,65.00,0.00
Montevista,2024-05-19,30.10,23.90,37.50,66.00,0.60
Montevista,2024-05-20,29.30,25.20,34.60,72.00,1.30
Montevista,2024-05-21,28.10,25.30,32.50,80.00,10.60
Montevista,2024-05-22,29.10,24.50,35.30,71.00,1.30
Montevista,2024-05-23,28.70,23.60,35.40,78.00,9.30
Montevista,2024-05-24,28.20,25.60,33.20,80.00,2.10
Montevista,2024-05-25,29.30,25.00,34.80,77.00,2.50
Montevista,2024-05-26,27.50,25.20,34.20,87.00,24.60
Montevista,2024-05-27,27.60,23.90,33.80,84.00,2.70
Montevista,2024-05-28,28.30,25.00,34.50,80.00,1.60
Montevista,2024-05-29,28.20,24.40,35.10,80.00,1.50
Montevista,2024-05-30,28.20,25.00,34.00,81.00,1.70
Montevista,2024-05-31,28.80,24.80,35.20,81.00,2.90
Montevista,2024-06-01,29.10,25.30,35.50,77.00,5.80
Montevista,2024-06-02,28.10,24.00,33.50,80.00,1.80
Montevista,2024-06-03,28.10,23.80,34.60,79.00,17.20
Montevista,2024-06-04,27.50,23.20,32.40,81.00,19.30
Montevista,2024-06-05,28.30,25.40,34.80,80.00,2.60
Montevista,2024-06-06,27.40,24.50,33.00,84.00,7.10
Montevista,2024-06-07,26.80,23.60,32.30,84.00,10.40
Montevista,2024-06-08,27.10,23.50,33.00,83.00,1.50
Montevista,2024-06-09,27.70,24.50,34.00,82.00,18.30
Montevista,2024-06-10,26.50,23.90,29.40,87.00,4.60
Montevista,2024-06-11,27.40,24.30,33.20,83.00,8.40
Montevista,2024-06-12,27.10,23.00,34.20,83.00,3.00
Montevista,2024-06-13,26.20,24.50,28.60,88.00,9.30
Montevista,2024-06-14,27.40,24.40,32.80,81.00,4.70
Montevista,2024-06-15,26.80,24.10,32.80,82.00,15.40
Montevista,2024-06-16,26.40,23.10,32.10,85.00,10.10
Montevista,2024-06-17,26.70,23.50,32.00,85.00,7.20
Montevista,2024-06-18,27.40,23.90,32.80,81.00,6.20
Montevista,2024-06-19,25.90,24.00,28.90,88.00,6.10
Montevista,2024-06-20,25.30,23.80,26.90,93.00,9.70
Montevista,2024-06-21,27.00,23.70,31.40,85.00,1.60
Montevista,2024-06-22,26.30,24.00,31.40,88.00,2.80
Montevista,2024-06-23,26.40,23.50,32.60,85.00,3.90
Montevista,2024-06-24,26.30,23.30,31.80,87.00,20.80
Montevista,2024-06-25,26.80,23.70,32.60,85.00,5.80
Montevista,2024-06-26,25.30,24.00,27.50,91.00,20.00
Montevista,2024-06-27,26.30,22.80,31.40,88.00,10.30
Montevista,2024-06-28,27.10,23.40,31.10,85.00,0.90
Montevista,2024-06-29,27.70,23.60,32.60,82.00,1.00
Montevista,2024-06-30,26.40,24.30,30.50,88.00,34.20
Montevista,2024-07-01,26.00,24.10,30.60,89.00,23.30
Montevista,2024-07-02,26.00,23.30,31.80,88.00,5.00
Montevista,2024-07-03,26.60,23.40,31.50,85.00,17.00
Montevista,2024-07-04,25.40,23.00,30.50,89.00,33.10
Montevista,2024-07-05,26.10,22.30,30.40,86.00,1.30
Montevista,2024-07-06,26.70,23.20,31.40,86.00,1.60
Montevista,2024-07-07,26.80,23.10,32.50,84.00,1.70
Montevista,2024-07-08,26.20,24.00,29.10,87.00,5.60
Montevista,2024-07-09,26.60,22.80,31.40,85.00,5.40
Montevista,2024-07-10,26.70,23.60,31.90,85.00,14.50
Montevista,2024-07-11,25.70,22.90,31.00,89.00,32.70
Montevista,2024-07-12,25.70,23.30,29.80,89.00,27.20
Montevista,2024-07-13,25.70,22.90,30.60,87.00,28.70
Montevista,2024-07-14,25.60,24.00,27.60,85.00,7.20
Montevista,2024-07-15,25.30,23.60,28.40,91.00,23.70
Montevista,2024-07-16,25.20,23.10,29.00,91.00,29.80
Montevista,2024-07-17,26.10,22.90,29.20,87.00,1.50
Montevista,2024-07-18,26.20,24.20,29.10,89.00,3.70
Montevista,2024-07-19,26.20,23.20,29.90,87.00,3.30
Montevista,2024-07-20,27.20,23.80,31.60,83.00,1.00
Montevista,2024-07-21,27.30,23.50,32.40,83.00,2.70
Montevista,2024-07-22,27.30,24.30,30.20,83.00,0.00
Montevista,2024-07-23,28.40,25.50,32.50,75.00,0.00
Montevista,2024-07-24,28.50,25.40,32.80,76.00,0.00
Montevista,2024-07-25,28.20,24.90,32.00,79.00,0.00
Montevista,2024-07-26,27.70,25.00,32.90,84.00,12.10
Montevista,2024-07-27,25.70,23.50,28.40,90.00,8.00
Montevista,2024-07-28,26.50,23.50,31.50,86.00,9.40
Montevista,2024-07-29,26.10,23.30,31.40,88.00,21.00
Montevista,2024-07-30,26.40,22.40,31.50,86.00,8.80
Montevista,2024-07-31,26.70,24.20,31.00,87.00,16.40
Montevista,2024-08-01,26.60,23.80,31.10,86.00,8.00
Montevista,2024-08-02,26.90,23.10,32.20,83.00,3.20
Montevista,2024-08-03,27.20,23.70,32.70,81.00,0.80
Montevista,2024-08-04,27.70,24.10,32.50,78.00,0.00
Montevista,2024-08-05,28.00,24.50,32.20,76.00,0.00
Montevista,2024-08-06,27.70,24.40,32.20,81.00,4.10
Montevista,2024-08-07,27.90,24.50,32.50,81.00,2.10
Montevista,2024-08-08,26.80,24.20,31.10,85.00,15.70
Montevista,2024-08-09,26.00,23.10,31.00,88.00,19.10
Montevista,2024-08-10,27.50,23.40,33.20,80.00,5.30
Montevista,2024-08-11,27.30,23.80,32.00,83.00,4.30
Montevista,2024-08-12,27.40,24.50,32.50,84.00,2.60
Montevista,2024-08-13,26.50,23.20,31.60,86.00,12.40
Montevista,2024-08-14,27.00,22.70,32.20,85.00,1.70
Montevista,2024-08-15,27.40,24.10,32.40,84.00,2.00
Montevista,2024-08-16,26.80,24.40,31.90,85.00,5.00
Montevista,2024-08-17,26.80,24.30,32.00,85.00,14.00
Montevista,2024-08-18,26.80,23.50,33.20,84.00,4.60
Montevista,2024-08-19,27.20,23.80,32.70,83.00,3.90
Montevista,2024-08-20,26.60,23.60,30.70,86.00,3.70
Montevista,2024-08-21,27.10,24.20,31.50,86.00,13.40
Montevista,2024-08-22,26.30,23.50,31.40,89.00,37.60
Montevista,2024-08-23,27.10,23.90,32.00,84.00,10.60
Montevista,2024-08-24,25.70,23.30,27.70,88.00,4.40
Montevista,2024-08-25,27.10,23.40,32.50,83.00,5.50
Montevista,2024-08-26,27.60,24.40,32.20,82.00,0.50
Montevista,2024-08-27,27.00,23.90,32.30,85.00,6.60
Montevista,2024-08-28,27.50,23.70,33.00,82.00,4.70
Montevista,2024-08-29,25.50,23.80,27.20,90.00,9.10
Montevista,2024-08-30,26.40,23.80,31.40,85.00,19.80
Montevista,2024-08-31,25.40,24.50,26.50,90.00,7.20
Montevista,2024-09-01,26.90,23.60,31.20,82.00,0.20
Montevista,2024-09-02,28.10,24.40,32.70,75.00,0.00
Montevista,2024-09-03,28.10,24.60,33.20,80.00,0.30
Montevista,2024-09-04,28.10,24.40,33.50,80.00,3.70
Montevista,2024-09-05,27.40,24.40,33.80,81.00,19.20
Montevista,2024-09-06,27.40,23.50,32.50,85.00,8.30
Montevista,2024-09-07,28.00,25.00,32.80,83.00,12.50
Montevista,2024-09-08,27.40,24.60,32.70,82.00,14.50
Montevista,2024-09-09,27.00,24.10,32.80,84.00,24.10
Montevista,2024-09-10,26.40,22.80,31.40,86.00,6.00
Montevista,2024-09-11,26.90,24.10,31.00,85.00,13.70
Montevista,2024-09-12,26.70,24.80,29.10,83.00,1.40
Montevista,2024-09-13,27.10,23.30,31.20,80.00,0.90
Montevista,2024-09-14,27.90,25.10,32.00,73.00,0.30
Montevista,2024-09-15,27.40,24.20,31.40,76.00,0.80
Montevista,2024-09-16,27.90,24.20,31.80,75.00,0.80
Montevista,2024-09-17,28.60,25.60,32.80,73.00,0.20
Montevista,2024-09-18,28.60,24.90,33.00,73.00,0.10
Montevista,2024-09-19,27.50,24.80,31.00,82.00,1.10
Montevista,2024-09-20,27.10,24.90,32.50,87.00,21.00
Montevista,2024-09-21,26.80,23.80,31.60,87.00,3.00
Montevista,2024-09-22,26.40,24.30,30.90,87.00,1.90
Montevista,2024-09-23,26.60,23.40,30.60,87.00,2.20
Montevista,2024-09-24,25.60,23.30,30.00,91.00,24.60
Montevista,2024-09-25,26.60,23.00,31.40,85.00,0.30
Montevista,2024-09-26,26.50,22.60,32.50,85.00,6.80
Montevista,2024-09-27,26.70,23.40,33.50,83.00,10.90
Montevista,2024-09-28,27.80,24.10,33.20,78.00,0.10
Montevista,2024-09-29,28.20,24.00,33.00,79.00,1.40
Montevista,2024-09-30,26.90,24.20,32.00,84.00,16.50
Montevista,2024-10-01,26.00,23.10,31.30,88.00,12.10
Montevista,2024-10-02,27.30,23.30,32.90,83.00,2.30
Montevista,2024-10-03,25.80,22.90,28.60,87.00,1.20
Montevista,2024-10-04,27.50,23.80,33.20,81.00,2.00
Montevista,2024-10-05,27.40,23.50,33.20,80.00,0.60
Montevista,2024-10-06,27.70,24.00,33.00,79.00,0.20
Montevista,2024-10-07,28.50,25.00,33.20,75.00,0.50
Montevista,2024-10-08,27.80,24.50,33.20,81.00,4.80
Montevista,2024-10-09,27.70,24.70,33.00,79.00,0.70
Montevista,2024-10-10,27.80,24.50,33.50,80.00,1.60
Montevista,2024-10-11,27.20,24.20,33.20,82.00,11.90
Montevista,2024-10-12,26.20,23.20,31.20,87.00,10.90
Montevista,2024-10-13,27.40,23.20,32.30,84.00,1.30
Montevista,2024-10-14,27.00,24.00,31.90,85.00,8.90
Montevista,2024-10-15,25.80,22.70,31.90,87.00,6.60
Montevista,2024-10-16,26.40,23.00,31.60,84.00,8.20
Montevista,2024-10-17,27.00,24.40,32.30,84.00,1.10
Montevista,2024-10-18,27.50,23.90,32.80,81.00,0.50
Montevista,2024-10-19,27.20,23.90,33.10,83.00,4.80
Montevista,2024-10-20,27.10,23.60,33.40,83.00,19.40
Montevista,2024-10-21,27.40,23.90,31.60,77.00,0.30
Montevista,2024-10-22,27.90,25.10,30.50,70.00,0.00
Montevista,2024-10-23,28.30,24.10,32.60,72.00,0.50
Montevista,2024-10-24,28.30,23.40,33.30,75.00,0.20
Montevista,2024-10-25,28.40,24.10,33.70,74.00,1.00
Montevista,2024-10-26,26.60,24.50,30.10,82.00,3.00
Montevista,2024-10-27,27.40,23.10,31.60,71.00,0.00
Montevista,2024-10-28,28.20,23.70,33.00,72.00,0.70
Montevista,2024-10-29,28.30,24.40,33.50,72.00,0.10
Montevista,2024-10-30,27.50,23.40,34.00,78.00,17.30
Montevista,2024-10-31,27.10,23.90,33.40,83.00,2.50
Montevista,2024-11-01,27.00,23.70,33.00,81.00,4.30
Montevista,2024-11-02,26.40,22.60,31.40,84.00,3.40
Montevista,2024-11-03,26.10,22.40,32.00,87.00,6.10
Montevista,2024-11-04,25.60,22.80,31.40,88.00,25.50
Montevista,2024-11-05,26.00,22.60,29.90,85.00,0.80
Montevista,2024-11-06,27.00,23.30,32.80,83.00,1.20
Montevista,2024-11-07,26.50,24.20,31.10,88.00,7.00
Montevista,2024-11-08,27.20,23.00,32.70,82.00,2.60
Montevista,2024-11-09,27.10,22.50,32.80,83.00,2.50
Montevista,2024-11-10,27.20,23.40,33.00,84.00,1.80
Montevista,2024-11-11,27.40,24.20,33.20,83.00,4.10
Montevista,2024-11-12,26.70,23.80,33.10,83.00,4.60
Montevista,2024-11-13,28.10,23.70,34.90,74.00,0.90
Montevista,2024-11-14,28.60,22.70,36.20,72.00,0.00
Montevista,2024-11-15,27.70,23.50,34.90,80.00,3.40
Montevista,2024-11-16,27.90,24.20,34.50,80.00,2.00
Montevista,2024-11-17,28.10,23.60,35.30,76.00,1.60
Montevista,2024-11-18,27.40,23.80,32.80,81.00,6.00
Montevista,2024-11-19,27.40,24.00,33.40,78.00,1.00
Montevista,2024-11-20,27.90,24.00,33.30,74.00,0.90
Montevista,2024-11-21,28.60,23.50,35.20,71.00,0.00
Montevista,2024-11-22,27.60,24.20,34.80,79.00,4.10
Montevista,2024-11-23,26.00,23.60,30.80,87.00,11.30
Montevista,2024-11-24,26.10,24.00,30.20,88.00,18.00
Montevista,2024-11-25,26.30,23.80,30.20,86.00,1.90
Montevista,2024-11-26,27.20,23.50,32.80,80.00,1.80
Montevista,2024-11-27,26.20,23.70,30.00,88.00,8.00
Montevista,2024-11-28,25.70,23.80,29.20,91.00,11.50
Montevista,2024-11-29,25.80,24.30,28.50,91.00,10.80
Montevista,2024-11-30,25.70,23.10,30.50,90.00,9.60
Montevista,2024-12-01,25.60,24.00,29.40,93.00,19.90
Montevista,2024-12-02,26.20,23.40,31.80,90.00,12.00
Montevista,2024-12-03,26.70,23.50,30.80,87.00,1.20
Montevista,2024-12-04,26.70,22.60,31.90,83.00,0.20
Montevista,2024-12-05,27.00,22.10,32.20,81.00,0.10
Montevista,2024-12-06,27.40,23.30,32.60,82.00,0.20
Montevista,2024-12-07,25.90,23.50,29.40,90.00,16.10
Montevista,2024-12-08,25.20,23.90,27.40,94.00,17.90
Montevista,2024-12-09,26.00,24.10,30.20,92.00,16.70
Montevista,2024-12-10,25.90,24.50,28.30,93.00,21.40
Montevista,2024-12-11,25.90,23.50,30.40,89.00,17.90
Montevista,2024-12-12,25.40,23.90,27.00,94.00,5.40
Montevista,2024-12-13,26.00,23.10,30.70,89.00,1.20
Montevista,2024-12-14,25.90,23.00,30.40,86.00,4.70
Montevista,2024-12-15,25.40,22.20,29.20,86.00,1.90
Montevista,2024-12-16,24.80,23.30,27.10,92.00,31.70
Montevista,2024-12-17,24.20,23.20,26.10,96.00,17.80
Montevista,2024-12-18,25.60,23.00,29.10,90.00,9.70
Montevista,2024-12-19,25.60,23.10,29.10,92.00,17.10
Montevista,2024-12-20,25.70,23.80,29.90,93.00,19.50
Montevista,2024-12-21,26.00,23.60,29.60,91.00,3.70
Montevista,2024-12-22,26.00,24.00,30.00,93.00,11.90
Montevista,2024-12-23,26.30,23.50,30.90,89.00,4.90
Montevista,2024-12-24,25.90,24.20,28.40,92.00,1.00
Montevista,2024-12-25,25.50,23.80,28.20,92.00,20.70
Montevista,2024-12-26,25.30,23.80,28.00,93.00,5.70
Montevista,2024-12-27,24.80,23.40,27.00,95.00,14.00
Montevista,2024-12-28,25.60,23.40,30.20,90.00,5.60
Montevista,2024-12-29,26.00,23.10,30.90,89.00,24.70
Montevista,2024-12-30,25.80,23.50,29.60,92.00,19.90
Montevista,2024-12-31,25.70,24.20,28.60,92.00,8.90
Montevista,2025-01-01,25.50,23.30,28.20,90.00,1.50
Montevista,2025-01-02,25.80,23.20,30.30,91.00,8.30
Montevista,2025-01-03,25.90,22.90,29.40,88.00,1.50
Montevista,2025-01-04,25.70,23.90,30.30,91.00,15.50
Montevista,2025-01-05,25.40,22.80,29.40,91.00,17.60
Montevista,2025-01-06,26.00,23.00,29.80,87.00,1.50
Montevista,2025-01-07,25.70,23.10,30.20,90.00,2.40
Montevista,2025-01-08,25.70,23.40,29.80,90.00,2.90
Montevista,2025-01-09,25.10,23.10,27.80,93.00,28.00
Montevista,2025-01-10,25.10,22.80,28.90,92.00,27.50
Montevista,2025-01-11,25.90,23.00,30.40,86.00,2.20
Montevista,2025-01-12,25.30,22.90,29.20,90.00,14.30
Montevista,2025-01-13,26.10,23.10,30.50,85.00,1.30
Montevista,2025-01-14,26.00,23.20,30.20,85.00,2.90
Montevista,2025-01-15,25.10,23.20,27.90,90.00,5.80
Montevista,2025-01-16,26.30,23.40,30.10,86.00,1.30
Montevista,2025-01-17,26.70,23.50,31.90,81.00,0.10
Montevista,2025-01-18,26.00,22.00,31.10,80.00,0.10
Montevista,2025-01-19,25.80,23.30,28.60,84.00,6.30
Montevista,2025-01-20,25.60,23.60,29.20,92.00,1.30
Montevista,2025-01-21,25.90,22.90,29.80,90.00,15.10
Montevista,2025-01-22,26.60,23.40,31.20,85.00,6.10
Montevista,2025-01-23,25.90,23.00,31.00,89.00,27.00
Montevista,2025-01-24,26.60,23.00,30.80,86.00,1.10
Montevista,2025-01-25,25.90,24.00,29.00,88.00,5.80
Montevista,2025-01-26,25.60,22.90,29.20,89.00,3.00
Montevista,2025-01-27,25.30,23.10,29.30,89.00,21.40
Montevista,2025-01-28,26.10,23.00,30.40,83.00,0.20
Montevista,2025-01-29,24.70,23.80,27.20,92.00,8.70
Montevista,2025-01-30,25.80,22.70,30.90,86.00,0.80
Montevista,2025-01-31,26.40,23.00,31.50,81.00,0.20
Montevista,2025-02-01,25.60,21.60,30.20,88.00,9.60
Montevista,2025-02-02,25.60,23.40,28.70,89.00,4.20
Montevista,2025-02-03,25.80,23.00,30.00,84.00,0.80
Montevista,2025-02-04,25.90,24.00,29.50,83.00,3.20
Montevista,2025-02-05,24.70,23.40,26.30,92.00,18.90
Montevista,2025-02-06,24.60,23.10,27.50,93.00,13.30
Montevista,2025-02-07,25.00,23.20,27.90,93.00,9.60
Montevista,2025-02-08,25.90,23.20,29.60,89.00,2.00
Montevista,2025-02-09,25.90,23.10,30.80,88.00,15.50
Montevista,2025-02-10,24.90,23.20,28.00,93.00,7.70
Montevista,2025-02-11,26.20,23.50,30.50,84.00,0.10
Montevista,2025-02-12,24.80,23.50,27.00,93.00,10.80
Montevista,2025-02-13,24.90,23.10,28.10,92.00,30.20
Montevista,2025-02-14,25.40,22.90,28.30,90.00,3.30
Montevista,2025-02-15,26.00,23.60,31.00,90.00,5.40
Montevista,2025-02-16,24.90,21.80,29.40,92.00,8.20
Montevista,2025-02-17,24.90,22.00,30.10,92.00,22.90
Montevista,2025-02-18,25.40,22.50,30.00,87.00,4.10
Montevista,2025-02-19,25.20,22.80,28.60,89.00,40.40
Montevista,2025-02-20,25.60,22.70,31.30,87.00,4.40
Montevista,2025-02-21,24.40,22.60,27.00,93.00,6.90
Montevista,2025-02-22,25.70,22.50,31.10,85.00,0.60
Montevista,2025-02-23,25.60,21.30,30.50,83.00,0.50
Montevista,2025-02-24,25.30,22.50,29.00,86.00,19.50
Montevista,2025-02-25,24.60,22.50,28.00,90.00,16.50
Montevista,2025-02-26,25.50,22.10,29.80,86.00,5.40
Montevista,2025-02-27,24.60,22.40,27.50,90.00,13.20
Montevista,2025-02-28,24.80,22.80,27.20,91.00,5.00
Montevista,2025-03-01,26.30,23.20,31.10,87.00,2.00
Montevista,2025-03-02,26.50,22.80,31.80,82.00,0.90
Montevista,2025-03-03,25.90,23.70,29.90,90.00,3.20
Montevista,2025-03-04,25.50,23.70,29.20,93.00,18.60
Montevista,2025-03-05,25.30,23.50,29.80,92.00,11.20
Montevista,2025-03-06,25.30,22.20,29.00,92.00,7.20
Montevista,2025-03-07,26.20,23.00,30.60,88.00,3.00
Montevista,2025-03-08,26.80,23.10,32.20,80.00,0.30
Montevista,2025-03-09,26.30,23.40,30.70,84.00,1.10
Montevista,2025-03-10,25.80,23.00,30.00,88.00,3.80
Montevista,2025-03-11,26.60,22.90,32.00,81.00,3.20
Montevista,2025-03-12,26.80,22.80,32.20,81.00,0.00
Montevista,2025-03-13,26.70,22.90,32.00,81.00,0.20
Montevista,2025-03-14,26.80,23.40,31.20,83.00,1.10
Montevista,2025-03-15,27.30,24.30,31.30,83.00,4.50
Montevista,2025-03-16,26.10,24.00,30.00,90.00,25.60
Montevista,2025-03-17,25.70,23.10,28.80,91.00,26.20
Montevista,2025-03-18,26.20,23.00,30.60,86.00,1.80
Montevista,2025-03-19,26.50,24.00,31.00,88.00,14.60
Montevista,2025-03-20,27.20,24.20,32.60,82.00,0.30
Montevista,2025-03-21,26.10,23.50,29.10,88.00,5.70
Montevista,2025-03-22,27.00,24.00,31.50,81.00,3.10
Montevista,2025-03-23,25.80,23.30,28.50,89.00,7.40
Montevista,2025-03-24,26.30,23.80,30.00,88.00,11.70
Montevista,2025-03-25,26.10,22.00,31.20,87.00,0.70
Montevista,2025-03-26,25.90,23.20,31.60,90.00,5.50
Montevista,2025-03-27,26.30,23.70,30.80,86.00,1.90
Montevista,2025-03-28,26.20,23.10,31.00,89.00,17.80
Montevista,2025-03-29,25.90,23.60,30.10,92.00,32.30
Montevista,2025-03-30,25.80,23.70,30.00,90.00,14.50
Montevista,2025-03-31,26.50,23.20,32.00,85.00,7.50
Montevista,2025-04-01,26.30,21.60,32.30,84.00,0.30
Montevista,2025-04-02,26.80,22.00,32.40,82.00,0.10
Montevista,2025-04-03,26.50,22.00,31.40,84.00,4.10
Montevista,2025-04-04,26.60,23.20,30.80,84.00,11.80
Montevista,2025-04-05,25.30,21.80,28.80,89.00,8.80
Montevista,2025-04-06,25.80,23.60,29.90,90.00,9.10
Montevista,2025-04-07,25.60,22.50,29.80,90.00,16.30
Montevista,2025-04-08,26.10,23.40,31.20,88.00,6.30
Montevista,2025-04-09,26.90,23.30,32.60,82.00,0.30
Montevista,2025-04-10,26.60,22.50,31.80,86.00,3.50
Montevista,2025-04-11,26.30,23.50,30.90,90.00,12.60
Montevista,2025-04-12,26.10,24.20,30.50,90.00,9.10
Montevista,2025-04-13,26.50,23.80,30.70,88.00,5.40
Montevista,2025-04-14,25.80,23.40,30.60,90.00,5.90
Montevista,2025-04-15,26.10,23.40,30.20,91.00,27.70
Montevista,2025-04-16,27.00,22.90,33.00,82.00,0.40
Montevista,2025-04-17,26.50,21.10,32.80,83.00,3.60
Montevista,2025-04-18,27.80,24.00,33.30,78.00,0.00
Montevista,2025-04-19,27.10,23.50,32.30,82.00,0.40
Montevista,2025-04-20,27.20,23.60,33.00,82.00,0.70
Montevista,2025-04-21,27.70,24.50,32.80,79.00,1.10
Montevista,2025-04-22,27.70,23.50,32.20,78.00,0.30
Montevista,2025-04-23,27.60,22.80,33.20,77.00,0.20
Montevista,2025-04-24,27.90,23.50,33.20,76.00,0.20
Montevista,2025-04-25,27.40,22.90,32.10,80.00,1.90
Montevista,2025-04-26,25.70,23.60,28.40,88.00,11.10
Montevista,2025-04-27,25.70,23.50,29.90,91.00,34.50
Montevista,2025-04-28,26.10,23.00,31.00,88.00,14.70
Montevista,2025-04-29,25.90,24.00,29.90,91.00,14.70
Montevista,2025-04-30,25.80,23.60,29.90,91.00,20.40
Montevista,2025-05-01,26.10,23.90,31.40,90.00,12.30
Montevista,2025-05-02,25.60,23.90,28.60,93.00,30.30
Montevista,2025-05-03,25.80,23.50,31.30,91.00,21.50
Montevista,2025-05-04,26.20,22.90,30.90,89.00,6.00
Montevista,2025-05-05,26.50,23.70,30.20,89.00,14.20
Montevista,2025-05-06,25.90,23.60,29.60,92.00,24.20
Montevista,2025-05-07,26.00,23.40,29.60,90.00,14.10
Montevista,2025-05-08,26.40,23.20,30.90,88.00,0.80
Montevista,2025-05-09,26.30,23.60,30.20,89.00,2.00
Montevista,2025-05-10,26.30,22.60,31.80,89.00,7.60
Montevista,2025-05-11,26.30,23.40,31.40,87.00,0.20
Montevista,2025-05-12,26.50,22.60,32.00,87.00,5.00
Montevista,2025-05-13,26.10,23.60,30.30,90.00,10.50
Montevista,2025-05-14,26.20,23.70,30.70,89.00,25.90
Montevista,2025-05-15,25.80,23.90,29.50,92.00,11.70
Montevista,2025-05-16,26.50,23.30,31.00,89.00,24.10
Montevista,2025-05-17,25.80,24.00,29.30,92.00,21.10
Montevista,2025-05-18,25.30,23.70,28.40,92.00,18.40
Montevista,2025-05-19,25.70,22.80,31.20,90.00,12.80
Montevista,2025-05-20,25.60,23.00,28.30,92.00,13.60
Montevista,2025-05-21,25.40,23.80,29.00,93.00,12.70
Montevista,2025-05-22,25.60,23.70,29.90,92.00,17.30
Montevista,2025-05-23,25.20,23.50,29.40,94.00,18.10
Montevista,2025-05-24,25.60,23.20,29.50,93.00,10.10
Montevista,2025-05-25,25.80,23.00,31.20,91.00,9.60
Montevista,2025-05-26,26.40,22.40,31.10,88.00,1.00
Montevista,2025-05-27,26.30,24.20,30.50,92.00,11.20
Montevista,2025-05-28,25.80,24.00,28.60,92.00,4.60
Montevista,2025-05-29,26.20,23.40,30.00,89.00,5.50
Montevista,2025-05-30,26.60,23.00,31.60,88.00,2.40
Montevista,2025-05-31,26.40,23.40,30.90,90.00,8.30
Montevista,2025-06-01,26.10,23.90,31.00,90.00,13.20
Montevista,2025-06-02,26.00,23.60,30.70,89.00,4.00
Montevista,2025-06-03,26.20,23.50,30.20,90.00,8.30
Montevista,2025-06-04,26.50,23.60,30.90,88.00,11.90
Montevista,2025-06-05,25.70,23.10,29.40,92.00,20.40
Montevista,2025-06-06,25.80,23.60,31.10,91.00,11.90
Montevista,2025-06-07,26.10,23.70,29.90,89.00,10.80
Montevista,2025-06-08,27.00,24.20,31.30,83.00,7.20
Montevista,2025-06-09,27.20,24.10,31.10,83.00,0.00
Montevista,2025-06-10,27.60,24.10,32.00,85.00,0.80
Montevista,2025-06-11,27.20,24.90,30.90,85.00,1.40
Montevista,2025-06-12,26.40,24.20,31.90,89.00,16.50
Montevista,2025-06-13,25.90,22.80,30.90,91.00,28.80
Montevista,2025-06-14,26.30,23.90,30.20,89.00,9.10
Montevista,2025-06-15,25.10,23.50,28.30,94.00,22.20
Montevista,2025-06-16,26.30,23.10,31.00,86.00,1.10
Montevista,2025-06-17,26.00,23.40,30.00,90.00,18.10
Montevista,2025-06-18,26.50,23.40,30.80,86.00,2.20
Montevista,2025-06-19,25.30,23.20,28.90,91.00,7.30
Montevista,2025-06-20,25.40,23.40,28.80,91.00,8.30
Montevista,2025-06-21,25.20,23.50,28.90,92.00,16.70
Montevista,2025-06-22,26.00,22.50,31.50,87.00,18.20
Montevista,2025-06-23,24.80,23.20,27.40,91.00,8.50
Montevista,2025-06-24,25.70,22.60,30.20,89.00,9.50
Montevista,2025-06-25,25.90,22.80,30.80,89.00,4.90
Montevista,2025-06-26,26.30,23.20,30.10,87.00,1.70
Montevista,2025-06-27,26.00,23.30,31.30,89.00,12.80
Montevista,2025-06-28,26.20,22.70,31.80,88.00,37.40
Montevista,2025-06-29,25.30,22.80,30.60,92.00,39.20
Montevista,2025-06-30,25.50,23.10,29.70,90.00,18.60
Montevista,2025-07-01,26.10,23.20,30.30,89.00,10.20
Montevista,2025-07-02,26.90,23.90,32.00,84.00,3.70
Montevista,2025-07-03,26.80,23.20,32.00,85.00,0.00
Montevista,2025-07-04,26.50,24.10,31.00,87.00,6.20
Montevista,2025-07-05,27.10,23.60,32.00,86.00,9.40
Montevista,2025-07-06,25.70,23.40,29.30,89.00,8.70
Montevista,2025-07-07,26.30,23.10,32.40,86.00,24.30
Montevista,2025-07-08,26.20,22.80,31.40,87.00,10.70
Montevista,2025-07-09,26.20,23.60,30.50,85.00,5.50
Montevista,2025-07-10,26.20,23.50,31.20,86.00,19.40
Montevista,2025-07-11,26.40,24.00,30.60,84.00,12.90
Montevista,2025-07-12,26.30,23.10,30.70,88.00,2.60
Montevista,2025-07-13,26.90,24.20,30.50,85.00,13.00
Montevista,2025-07-14,26.40,23.50,30.70,87.00,31.70
Montevista,2025-07-15,26.20,23.90,31.00,88.00,7.50
Montevista,2025-07-16,26.90,23.90,30.80,84.00,1.10
Montevista,2025-07-17,26.70,24.10,30.10,81.00,3.40
Montevista,2025-07-18,26.90,23.70,31.00,80.00,0.90
Montevista,2025-07-19,27.20,24.80,30.40,78.00,0.50
Montevista,2025-07-20,27.20,23.60,31.20,82.00,0.00
Montevista,2025-07-21,27.40,24.40,32.20,84.00,1.10
Montevista,2025-07-22,26.70,24.20,31.50,85.00,6.70
Montevista,2025-07-23,27.90,24.40,32.40,74.00,0.70
Montevista,2025-07-24,28.50,24.80,32.90,74.00,0.00
Montevista,2025-07-25,28.10,23.70,32.80,77.00,0.00
Montevista,2025-07-26,28.20,24.20,32.80,78.00,0.30
Montevista,2025-07-27,27.90,23.60,32.90,78.00,0.00
Montevista,2025-07-28,28.20,23.60,33.50,75.00,0.00
Montevista,2025-07-29,28.50,24.30,33.50,73.00,0.10
Montevista,2025-07-30,28.40,24.40,33.70,74.00,0.00
Montevista,2025-07-31,28.70,24.00,34.30,73.00,0.20
Montevista,2025-08-01,28.10,24.50,33.50,79.00,12.40
Montevista,2025-08-02,27.80,22.90,33.70,81.00,0.60
Montevista,2025-08-03,27.70,24.30,33.40,83.00,7.40
Montevista,2025-08-04,27.60,23.10,33.30,81.00,5.10
Montevista,2025-08-05,27.60,23.80,33.30,78.00,2.30
Montevista,2025-08-06,26.90,23.80,33.60,81.00,3.40
Montevista,2025-08-07,26.60,23.10,32.60,84.00,9.50
Montevista,2025-08-08,26.50,24.00,30.50,84.00,6.80
Montevista,2025-08-09,26.60,23.40,32.80,85.00,11.20
Montevista,2025-08-10,26.10,23.20,32.00,86.00,6.00
Montevista,2025-08-11,25.70,23.00,31.80,87.00,16.60
Montevista,2025-08-12,25.50,22.50,30.10,87.00,2.70
Montevista,2025-08-13,25.80,22.40,30.90,88.00,17.30
Montevista,2025-08-14,25.70,23.80,30.50,89.00,7.20
Montevista,2025-08-15,25.60,23.10,30.40,89.00,5.50
Montevista,2025-08-16,26.00,22.10,31.30,85.00,1.40
Montevista,2025-08-17,25.80,23.10,30.00,89.00,10.60
Montevista,2025-08-18,25.90,23.00,30.10,89.00,13.90
Montevista,2025-08-19,25.00,23.40,28.00,92.00,18.40
Montevista,2025-08-20,25.90,22.30,31.50,85.00,0.90
Montevista,2025-08-21,25.90,22.80,31.50,86.00,3.60
Montevista,2025-08-22,25.30,22.50,30.80,89.00,25.60
Montevista,2025-08-23,25.80,22.40,30.60,85.00,4.90
Montevista,2025-08-24,25.50,23.20,28.40,85.00,1.60
Montevista,2025-08-25,25.70,22.90,29.20,87.00,3.90
Montevista,2025-08-26,25.90,22.90,31.60,82.00,41.40
Montevista,2025-08-27,26.30,23.20,30.80,82.00,8.70
Montevista,2025-08-28,27.00,23.90,31.00,80.00,0.90
Montevista,2025-08-29,26.60,24.40,30.50,82.00,0.00
Montevista,2025-08-30,24.80,23.80,26.50,94.00,14.90
Montevista,2025-08-31,25.60,23.10,29.20,84.00,2.50
Montevista,2025-09-01,27.50,23.60,32.50,73.00,0.00
Montevista,2025-09-02,27.30,23.60,33.30,81.00,8.30
Montevista,2025-09-03,26.40,23.00,31.10,85.00,0.90
Montevista,2025-09-04,26.50,24.40,31.90,84.00,4.40
Montevista,2025-09-05,26.40,23.20,31.50,86.00,11.10
Montevista,2025-09-06,26.70,23.40,31.40,85.00,5.70
Montevista,2025-09-07,26.10,23.70,31.00,88.00,8.90
Montevista,2025-09-08,25.20,23.00,28.30,90.00,15.40
Montevista,2025-09-09,26.20,21.90,31.90,85.00,12.90
Montevista,2025-09-10,25.90,22.50,32.00,88.00,8.00
Montevista,2025-09-11,26.00,22.80,32.20,87.00,1.50
Montevista,2025-09-12,26.00,23.40,29.10,87.00,7.80
Montevista,2025-09-13,26.50,23.60,31.80,86.00,9.50
Montevista,2025-09-14,25.80,23.20,30.80,90.00,15.90
Montevista,2025-09-15,25.50,22.90,30.50,90.00,14.70
Montevista,2025-09-16,26.30,23.20,30.60,86.00,1.10
Montevista,2025-09-17,26.00,23.50,31.50,89.00,15.90
Montevista,2025-09-18,25.70,22.50,30.80,90.00,15.30
Montevista,2025-09-19,26.50,23.20,31.10,86.00,1.00
Montevista,2025-09-20,27.00,24.00,32.00,84.00,1.40
Montevista,2025-09-21,27.80,23.60,32.70,78.00,0.50
Montevista,2025-09-22,28.00,24.40,33.00,77.00,2.00
Montevista,2025-09-23,27.30,24.50,31.00,79.00,0.50
Montevista,2025-09-24,28.20,24.60,33.40,71.00,0.00
Montevista,2025-09-25,27.70,23.80,32.00,68.00,0.00
Montevista,2025-09-26,28.60,23.80,33.60,64.00,0.00
Montevista,2025-09-27,27.50,23.40,33.80,76.00,1.00
Montevista,2025-09-28,26.80,23.00,33.00,82.00,4.90
Montevista,2025-09-29,26.50,23.40,31.70,84.00,2.60
Montevista,2025-09-30,26.40,22.90,32.00,85.00,5.10
Montevista,2025-10-01,26.30,22.60,32.00,82.00,0.50
Montevista,2025-10-02,26.90,23.20,34.70,81.00,11.20
Montevista,2025-10-03,26.40,22.50,33.80,82.00,14.50
Montevista,2025-10-04,26.90,22.40,33.30,81.00,3.50
Montevista,2025-10-05,27.30,22.70,32.50,78.00,7.10
Montevista,2025-10-06,26.60,23.20,32.60,84.00,12.70
Montevista,2025-10-07,25.90,23.00,31.00,87.00,14.00
Montevista,2025-10-08,26.60,23.40,31.20,82.00,6.40
Montevista,2025-10-09,27.60,23.80,31.70,74.00,0.90
Montevista,2025-10-10,26.60,23.80,30.90,79.00,3.90
Montevista,2025-10-11,26.40,24.10,31.40,85.00,1.90
Montevista,2025-10-12,27.60,23.60,33.20,80.00,6.60
Montevista,2025-10-13,26.20,23.80,31.10,86.00,6.40
Montevista,2025-10-14,26.80,22.80,33.50,83.00,12.60
Montevista,2025-10-15,26.70,23.10,33.50,84.00,4.60
Montevista,2025-10-16,27.60,23.00,33.50,81.00,1.40
Montevista,2025-10-17,27.00,24.20,33.30,85.00,14.80
Montevista,2025-10-18,27.60,23.40,32.70,76.00,0.00
Montevista,2025-10-19,27.90,23.60,34.00,77.00,0.10
Montevista,2025-10-20,28.30,23.90,33.90,80.00,3.20
Montevista,2025-10-21,27.30,24.50,33.20,84.00,7.30
Montevista,2025-10-22,26.70,23.70,33.30,85.00,4.40
Montevista,2025-10-23,27.10,23.00,33.90,84.00,1.80
Montevista,2025-10-24,27.40,24.10,33.30,82.00,10.00
Montevista,2025-10-25,26.10,22.40,30.60,87.00,14.50
Montevista,2025-10-26,25.20,23.70,27.70,92.00,25.40
Montevista,2025-10-27,26.40,22.90,31.30,85.00,1.30
Montevista,2025-10-28,26.60,23.40,31.00,83.00,0.20
Montevista,2025-10-29,25.90,23.80,30.70,86.00,5.70
Montevista,2025-10-30,26.00,23.80,29.50,89.00,14.10
Montevista,2025-10-31,26.90,23.60,31.10,85.00,1.10
Montevista,2025-11-01,26.10,23.10,31.20,89.00,8.90
Montevista,2025-11-02,26.40,22.30,32.30,85.00,3.40
Montevista,2025-11-03,25.80,23.10,31.00,86.00,14.00
Montevista,2025-11-04,26.80,22.80,32.00,81.00,0.60
Montevista,2025-11-05,27.70,22.90,33.70,78.00,0.30
Montevista,2025-11-06,27.10,23.80,33.30,85.00,21.90
Montevista,2025-11-07,27.30,23.20,32.80,81.00,0.30
Montevista,2025-11-08,26.60,22.80,31.10,83.00,1.40
Montevista,2025-11-09,27.90,24.60,32.50,74.00,1.30
Montevista,2025-11-10,27.80,23.00,33.50,76.00,1.10
Montevista,2025-11-11,27.70,24.20,33.70,80.00,7.00
Montevista,2025-11-12,27.00,23.10,32.50,85.00,4.70
Montevista,2025-11-13,25.90,23.80,30.50,89.00,13.30
Montevista,2025-11-14,25.20,23.60,28.50,92.00,15.30
Montevista,2025-11-15,26.10,23.80,30.20,89.00,21.60
Montevista,2025-11-16,25.70,24.00,29.00,92.00,5.00
Montevista,2025-11-17,25.90,23.00,30.80,88.00,7.40
Montevista,2025-11-18,25.80,22.80,29.40,88.00,4.80
Montevista,2025-11-19,25.70,24.00,29.40,91.00,16.00
Montevista,2025-11-20,26.60,22.60,31.50,81.00,0.50
Montevista,2025-11-21,26.80,23.50,31.00,81.00,2.20
Montevista,2025-11-22,27.30,23.20,32.50,78.00,3.00
Montevista,2025-11-23,25.90,24.10,28.90,90.00,5.30
Montevista,2025-11-24,25.50,24.30,27.50,91.00,7.00
Montevista,2025-11-25,27.40,23.60,31.90,80.00,0.20
Montevista,2025-11-26,27.70,24.00,32.80,83.00,2.20
Montevista,2025-11-27,26.90,24.30,33.00,86.00,8.50
Montevista,2025-11-28,26.50,23.60,32.40,88.00,6.40
Montevista,2025-11-29,26.30,23.00,32.80,87.00,3.40
Montevista,2025-11-30,27.00,22.50,31.50,82.00,0.80
Montevista,2025-12-01,25.10,24.00,27.90,92.00,25.50
Montevista,2025-12-02,26.20,22.40,31.20,83.00,0.10
Montevista,2025-12-03,26.60,22.90,31.00,82.00,0.30
Montevista,2025-12-04,26.60,22.50,32.40,82.00,6.00
Montevista,2025-12-05,26.00,23.20,32.00,89.00,29.00
Montevista,2025-12-06,26.20,23.10,32.50,87.00,8.20
Montevista,2025-12-07,26.20,23.20,30.90,88.00,13.10
Montevista,2025-12-08,26.70,23.80,31.10,87.00,0.20
Montevista,2025-12-09,26.90,23.40,31.80,83.00,0.60
Montevista,2025-12-10,26.60,22.10,31.00,82.00,2.90
Montevista,2025-12-11,27.30,24.00,32.50,80.00,0.50
Montevista,2025-12-12,27.20,23.40,33.20,77.00,0.20
Montevista,2025-12-13,27.00,22.40,32.60,77.00,0.20
Montevista,2025-12-14,26.90,24.00,31.00,79.00,0.50
Montevista,2025-12-15,25.90,23.60,29.20,86.00,15.90
Montevista,2025-12-16,26.50,22.80,31.40,82.00,1.10
Montevista,2025-12-17,25.40,23.10,29.50,89.00,12.40
Montevista,2025-12-18,25.20,23.10,28.30,90.00,3.50
Montevista,2025-12-19,25.40,23.10,27.90,90.00,10.20
Montevista,2025-12-20,26.10,23.40,30.20,88.00,18.20
Montevista,2025-12-21,26.10,23.40,30.40,87.00,8.20
Montevista,2025-12-22,25.90,24.00,29.00,89.00,1.10
Montevista,2025-12-23,25.40,23.30,29.00,91.00,7.50
Montevista,2025-12-24,26.00,23.50,30.40,89.00,13.50
Montevista,2025-12-25,26.40,23.30,31.90,86.00,1.90
Montevista,2025-12-26,26.90,23.10,32.30,81.00,0.40
Montevista,2025-12-27,26.50,23.90,30.80,86.00,21.60
Montevista,2025-12-28,25.90,23.50,29.90,86.00,0.60
Montevista,2025-12-29,26.20,22.50,30.50,86.00,3.00
Montevista,2025-12-30,26.50,24.10,31.20,87.00,12.00
Montevista,2025-12-31,26.10,23.20,31.50,86.00,9.10
Montevista,2026-01-01,26.20,22.40,31.00,84.00,1.90
Montevista,2026-01-02,25.40,23.10,30.80,91.00,15.10
Montevista,2026-01-03,25.80,22.50,30.60,87.00,5.40
Montevista,2026-01-04,25.30,23.50,28.50,93.00,25.30
Montevista,2026-01-05,26.20,22.50,30.40,83.00,0.20
Montevista,2026-01-06,26.90,23.40,31.80,81.00,0.90
Montevista,2026-01-07,27.00,23.20,31.90,83.00,0.50
Montevista,2026-01-08,27.00,23.40,31.80,80.00,0.10
Montevista,2026-01-09,26.60,22.90,32.80,83.00,0.80
Montevista,2026-01-10,25.80,23.10,30.00,88.00,17.20
Montevista,2026-01-11,26.00,23.30,29.70,83.00,2.20
Montevista,2026-01-12,26.50,23.00,31.40,79.00,0.40
Montevista,2026-01-13,25.30,23.10,30.00,87.00,5.70
Montevista,2026-01-14,25.30,23.20,29.80,87.00,5.90
Montevista,2026-01-15,26.10,23.00,29.90,81.00,0.50
Montevista,2026-01-16,25.80,22.60,31.80,84.00,21.10
Montevista,2026-01-17,27.10,22.00,32.60,76.00,0.40
Montevista,2026-01-18,27.50,22.40,33.00,73.00,0.80
Montevista,2026-01-19,26.50,23.10,32.50,84.00,13.20
Montevista,2026-01-20,26.60,23.00,31.50,80.00,0.70
Montevista,2026-01-21,26.30,22.40,31.40,76.00,0.20
Montevista,2026-01-22,25.20,21.00,30.40,81.00,0.90
Montevista,2026-01-23,25.60,21.20,30.10,76.00,0.30
Montevista,2026-01-24,24.90,21.90,30.00,83.00,21.80
Montevista,2026-01-25,24.60,22.70,27.50,86.00,23.20
Montevista,2026-01-26,25.80,22.80,30.20,81.00,0.60
Montevista,2026-01-27,26.30,22.70,31.40,83.00,0.00
Montevista,2026-01-28,25.90,23.00,29.20,80.00,3.00
Montevista,2026-01-29,25.70,21.90,30.20,75.00,0.20
Montevista,2026-01-30,24.60,20.10,30.10,80.00,0.00
Montevista,2026-01-31,26.00,20.90,32.00,78.00,2.70
Montevista,2026-02-01,26.70,22.70,33.50,79.00,0.80
Montevista,2026-02-02,26.30,22.00,31.90,81.00,1.80
Montevista,2026-02-03,25.50,23.60,29.80,85.00,13.50
Montevista,2026-02-04,25.30,22.40,28.40,83.00,0.60
Montevista,2026-02-05,24.20,23.20,25.10,94.00,45.10
Montevista,2026-02-06,26.80,22.90,31.90,83.00,1.60
Montevista,2026-02-07,27.00,22.70,32.50,80.00,4.70
Montevista,2026-02-08,26.30,23.50,30.10,84.00,2.50
Montevista,2026-02-09,26.10,22.60,30.80,86.00,2.50
Montevista,2026-02-10,26.10,23.30,30.60,87.00,4.10
Montevista,2026-02-11,26.50,23.60,30.40,84.00,1.80
Montevista,2026-02-12,25.90,23.40,29.40,85.00,43.80
Montevista,2026-02-13,25.80,22.90,30.30,85.00,30.70
Montevista,2026-02-14,25.80,21.20,31.50,83.00,1.90
Montevista,2026-02-15,26.30,21.40,32.30,80.00,0.10
Montevista,2026-02-16,26.60,23.30,31.10,80.00,1.10
Montevista,2026-02-17,26.40,22.90,31.10,81.00,0.70
Montevista,2026-02-18,24.70,23.20,26.90,90.00,11.40
Montevista,2026-02-19,23.90,22.60,27.00,95.00,33.40
Montevista,2026-02-20,23.10,22.50,23.80,96.00,134.10
Montevista,2026-02-21,24.90,22.60,29.00,91.00,18.40
Montevista,2026-02-22,24.20,23.00,26.40,95.00,20.50
Montevista,2026-02-23,25.10,22.90,28.90,92.00,16.70
Montevista,2026-02-24,25.40,23.10,29.90,91.00,6.40
Montevista,2026-02-25,25.00,22.00,29.20,91.00,23.50
Montevista,2026-02-26,24.70,23.00,27.20,91.00,5.80
Montevista,2026-02-27,25.90,22.00,30.50,83.00,0.00
Montevista,2026-02-28,25.60,23.30,29.50,84.00,2.70
Montevista,2026-03-01,26.00,22.30,31.00,83.00,0.60
Montevista,2026-03-02,26.10,22.50,31.40,83.00,0.40
Montevista,2026-03-03,25.50,22.40,28.60,86.00,1.80
Montevista,2026-03-04,26.00,22.60,29.60,83.00,2.70
Montevista,2026-03-05,26.40,23.90,29.80,80.00,0.70
Montevista,2026-03-06,26.20,21.60,31.10,80.00,0.00
Montevista,2026-03-07,26.00,22.10,31.00,83.00,0.40
Montevista,2026-03-08,25.80,22.80,30.50,87.00,21.00
Montevista,2026-03-09,24.60,23.20,27.90,93.00,32.90
Montevista,2026-03-10,24.90,23.00,28.10,89.00,7.00
Montevista,2026-03-11,24.80,22.00,28.50,87.00,4.60
Montevista,2026-03-12,24.30,20.20,29.30,88.00,4.40
Montevista,2026-03-13,24.80,21.50,28.30,82.00,1.60
Montevista,2026-03-14,24.20,20.80,28.10,77.00,0.50
Montevista,2026-03-15,23.70,18.90,29.10,77.00,0.00
Montevista,2026-03-16,24.00,18.90,29.50,79.00,0.00
Montevista,2026-03-17,24.90,20.10,30.30,79.00,0.00
Montevista,2026-03-18,25.60,20.10,31.00,81.00,0.20
Montevista,2026-03-19,26.00,22.60,30.50,79.00,0.60
Montevista,2026-03-20,25.50,20.50,30.50,81.00,1.50
Montevista,2026-03-21,25.30,23.20,28.60,84.00,3.80
Montevista,2026-03-22,25.90,22.50,30.40,79.00,0.70
Montevista,2026-03-23,25.70,20.20,31.20,77.00,0.00
Montevista,2026-03-24,26.50,21.10,32.20,77.00,0.00
Montevista,2026-03-25,27.30,22.50,32.70,76.00,0.50
Montevista,2026-03-26,24.50,22.90,26.20,94.00,61.20
Montevista,2026-03-27,25.70,20.50,30.60,85.00,0.30
Montevista,2026-03-28,26.20,21.70,30.90,76.00,0.00
Montevista,2026-03-29,25.20,19.10,31.90,78.00,0.00
Montevista,2026-03-30,25.80,21.30,31.40,79.00,0.70
Montevista,2026-03-31,25.60,20.50,31.40,83.00,0.40
Montevista,2026-04-01,26.10,21.80,31.00,83.00,2.60
Montevista,2026-04-02,26.70,21.60,32.50,78.00,0.50
Montevista,2026-04-03,26.80,22.10,32.00,76.00,0.80
Montevista,2026-04-04,26.30,23.50,30.70,84.00,3.90
Montevista,2026-04-05,26.70,22.20,32.50,81.00,0.00
Montevista,2026-04-06,26.80,21.20,33.30,78.00,0.20
Montevista,2026-04-07,26.40,23.60,31.20,87.00,6.20
Montevista,2026-04-08,26.50,22.80,31.70,84.00,3.10
Montevista,2026-04-09,26.60,21.60,32.30,78.00,0.00
Montevista,2026-04-10,26.50,21.90,32.30,80.00,19.30
Montevista,2026-04-11,26.50,21.70,32.40,76.00,0.70
Montevista,2026-04-12,26.80,21.60,32.20,72.00,0.00
Montevista,2026-04-13,26.70,20.00,33.00,72.00,0.20
Montevista,2026-04-14,27.20,21.40,33.20,73.00,0.30
Montevista,2026-04-15,27.80,22.50,33.50,70.00,0.00
Montevista,2026-04-16,27.60,21.40,34.20,70.00,0.20
Montevista,2026-04-17,28.00,22.20,34.30,68.00,0.30
Montevista,2026-04-18,28.40,22.40,34.20,66.00,0.20
Montevista,2026-04-19,28.70,23.10,35.20,65.00,0.00
Montevista,2026-04-20,28.20,21.50,35.60,66.00,0.00
Montevista,2026-04-21,28.50,23.00,34.90,68.00,0.20
Montevista,2026-04-22,29.30,23.40,35.40,65.00,0.40
Montevista,2026-04-23,29.50,24.50,35.60,66.00,0.20
Montevista,2026-04-24,29.40,24.10,36.90,66.00,0.00
Montevista,2026-04-25,28.70,23.20,34.20,70.00,1.40
Montevista,2026-04-26,27.60,24.60,35.50,80.00,23.60
Montevista,2026-04-27,28.60,24.00,35.70,73.00,0.10
Montevista,2026-04-28,29.20,24.00,36.70,65.00,0.00
Montevista,2026-04-29,28.80,22.50,35.30,64.00,0.00
Montevista,2026-04-30,27.90,24.90,33.00,77.00,15.00
Montevista,2026-05-01,26.40,24.20,31.70,87.00,29.00
Montevista,2026-05-02,25.90,24.20,30.60,90.00,22.70
Montevista,2026-05-03,26.40,23.50,32.30,87.00,9.30
Montevista,2026-05-04,26.30,23.60,32.00,89.00,21.30
Montevista,2026-05-05,27.20,22.10,33.50,82.00,0.50
Montevista,2026-05-06,27.20,23.10,32.80,84.00,6.30
Montevista,2026-05-07,26.60,24.10,30.20,89.00,3.50
Montevista,2026-05-08,27.00,24.50,31.00,88.00,6.20
Montevista,2026-05-09,27.10,23.90,32.30,86.00,11.80
Montevista,2026-05-10,26.20,22.80,30.40,90.00,21.80
Montevista,2026-05-11,28.30,24.00,33.60,80.00,0.50
Montevista,2026-05-12,28.30,24.60,34.00,83.00,4.90
Montevista,2026-05-13,27.90,24.80,32.50,87.00,8.20
Montevista,2026-05-14,27.50,24.40,33.50,87.00,14.50
Montevista,2026-05-15,27.10,23.30,32.60,88.00,21.30
Montevista,2026-05-16,27.20,24.40,32.30,90.00,15.60
Montevista,2026-05-17,28.40,25.20,32.90,81.00,1.70
Montevista,2026-05-18,27.10,24.20,32.20,89.00,9.80
Montevista,2026-05-19,26.60,23.90,32.70,89.00,36.00
Montevista,2026-05-20,27.00,23.20,32.70,86.00,2.70
Montevista,2026-05-21,27.80,24.00,33.20,84.00,4.50
Montevista,2026-05-22,26.50,24.50,31.30,92.00,19.00
Montevista,2026-05-23,25.70,24.30,28.90,95.00,45.10
Montevista,2026-05-24,26.50,23.70,31.20,91.00,9.40
Montevista,2026-05-25,27.10,24.20,32.20,88.00,8.30
Montevista,2026-05-26,26.60,24.00,31.10,88.00,9.40
Montevista,2026-05-27,26.70,24.50,32.10,89.00,10.40
Montevista,2026-05-28,26.90,23.50,33.00,88.00,12.50
Montevista,2026-05-29,26.70,24.10,32.00,89.00,5.70
Montevista,2026-05-30,28.20,25.20,32.20,80.00,0.40
Montevista,2026-05-31,27.10,24.70,32.00,85.00,8.70
Pantukan,2023-01-01,22.90,20.40,25.70,92.00,11.20
Pantukan,2023-01-02,22.30,21.00,24.90,94.00,45.40
Pantukan,2023-01-03,22.60,21.00,24.40,95.00,9.90
Pantukan,2023-01-04,22.80,21.10,24.40,95.00,8.60
Pantukan,2023-01-05,22.80,21.00,26.00,92.00,10.60
Pantukan,2023-01-06,23.70,20.20,27.90,88.00,2.90
Pantukan,2023-01-07,22.70,21.50,24.50,97.00,22.60
Pantukan,2023-01-08,22.40,20.80,24.80,91.00,7.90
Pantukan,2023-01-09,22.80,20.90,26.10,91.00,32.90
Pantukan,2023-01-10,22.90,21.00,25.50,93.00,15.10
Pantukan,2023-01-11,22.80,21.10,25.00,92.00,6.00
Pantukan,2023-01-12,22.70,20.40,25.40,94.00,21.60
Pantukan,2023-01-13,23.50,21.00,26.90,92.00,18.60
Pantukan,2023-01-14,22.80,21.70,25.50,95.00,10.20
Pantukan,2023-01-15,23.80,21.50,26.50,89.00,8.90
Pantukan,2023-01-16,23.70,21.00,27.60,89.00,6.90
Pantukan,2023-01-17,23.30,21.10,26.40,90.00,8.20
Pantukan,2023-01-18,23.20,20.80,26.40,90.00,35.60
Pantukan,2023-01-19,23.00,19.60,26.60,89.00,6.50
Pantukan,2023-01-20,23.10,20.40,26.10,90.00,4.10
Pantukan,2023-01-21,22.20,20.00,25.20,92.00,12.60
Pantukan,2023-01-22,22.20,21.20,24.00,97.00,41.10
Pantukan,2023-01-23,22.40,21.20,24.10,94.00,19.00
Pantukan,2023-01-24,22.80,20.60,26.00,94.00,39.40
Pantukan,2023-01-25,22.20,20.50,24.80,93.00,19.70
Pantukan,2023-01-26,22.70,20.80,25.10,92.00,12.10
Pantukan,2023-01-27,22.90,21.20,26.00,93.00,14.80
Pantukan,2023-01-28,23.20,19.50,26.20,90.00,3.50
Pantukan,2023-01-29,22.70,21.10,24.20,96.00,16.70
Pantukan,2023-01-30,22.90,21.60,24.90,96.00,11.50
Pantukan,2023-01-31,23.10,20.00,25.40,94.00,3.60
Pantukan,2023-02-01,23.40,20.40,26.80,89.00,2.90
Pantukan,2023-02-02,23.20,21.60,26.00,92.00,5.70
Pantukan,2023-02-03,23.00,19.50,25.70,88.00,3.00
Pantukan,2023-02-04,22.60,19.20,26.00,89.00,21.30
Pantukan,2023-02-05,22.30,18.90,25.90,91.00,11.00
Pantukan,2023-02-06,22.90,20.00,26.40,88.00,5.10
Pantukan,2023-02-07,22.80,20.50,25.80,92.00,10.50
Pantukan,2023-02-08,22.00,17.80,25.90,90.00,3.10
Pantukan,2023-02-09,22.70,19.90,26.10,89.00,4.50
Pantukan,2023-02-10,23.10,20.30,26.40,90.00,9.80
Pantukan,2023-02-11,23.10,19.60,26.60,90.00,5.30
Pantukan,2023-02-12,23.60,20.10,27.40,87.00,8.90
Pantukan,2023-02-13,23.10,21.80,25.80,94.00,18.50
Pantukan,2023-02-14,22.30,20.30,24.50,94.00,62.50
Pantukan,2023-02-15,22.60,21.40,25.60,95.00,67.90
Pantukan,2023-02-16,23.20,20.70,26.00,91.00,9.90
Pantukan,2023-02-17,22.80,21.40,24.80,88.00,10.90
Pantukan,2023-02-18,23.60,21.50,26.10,90.00,12.30
Pantukan,2023-02-19,24.20,21.00,28.00,83.00,0.50
Pantukan,2023-02-20,24.00,21.90,27.20,87.00,9.30
Pantukan,2023-02-21,23.40,21.10,26.90,91.00,52.90
Pantukan,2023-02-22,23.00,21.00,25.60,94.00,6.90
Pantukan,2023-02-23,23.50,20.20,27.10,90.00,2.80
Pantukan,2023-02-24,23.40,19.80,27.50,90.00,9.80
Pantukan,2023-02-25,23.20,20.50,26.40,93.00,25.10
Pantukan,2023-02-26,23.20,20.00,26.80,90.00,15.40
Pantukan,2023-02-27,23.50,20.80,26.10,88.00,4.10
Pantukan,2023-02-28,23.40,20.70,25.60,92.00,1.90
Pantukan,2023-03-01,23.00,20.50,25.80,92.00,9.70
Pantukan,2023-03-02,22.90,20.20,25.60,93.00,20.60
Pantukan,2023-03-03,23.60,19.00,28.60,79.00,3.00
Pantukan,2023-03-04,23.00,21.50,26.00,90.00,21.10
Pantukan,2023-03-05,23.20,19.90,27.90,88.00,8.00
Pantukan,2023-03-06,23.10,18.50,27.40,88.00,4.10
Pantukan,2023-03-07,22.90,21.10,25.50,92.00,12.90
Pantukan,2023-03-08,23.60,20.10,28.60,88.00,12.60
Pantukan,2023-03-09,23.20,20.40,27.10,91.00,15.80
Pantukan,2023-03-10,23.70,19.70,27.80,87.00,2.70
Pantukan,2023-03-11,23.70,19.20,28.20,87.00,9.40
Pantukan,2023-03-12,23.70,20.80,28.00,89.00,12.90
Pantukan,2023-03-13,23.30,21.40,27.30,90.00,28.60
Pantukan,2023-03-14,22.70,21.10,25.50,92.00,21.80
Pantukan,2023-03-15,23.90,20.30,27.60,85.00,0.70
Pantukan,2023-03-16,23.60,20.60,27.20,89.00,24.50
Pantukan,2023-03-17,23.50,20.40,26.90,91.00,4.20
Pantukan,2023-03-18,23.20,20.70,26.40,90.00,26.80
Pantukan,2023-03-19,23.40,21.10,26.80,91.00,15.50
Pantukan,2023-03-20,23.80,20.20,27.20,90.00,4.90
Pantukan,2023-03-21,23.90,20.40,27.10,88.00,4.50
Pantukan,2023-03-22,23.20,19.40,27.00,90.00,12.10
Pantukan,2023-03-23,23.50,19.50,27.00,90.00,5.30
Pantukan,2023-03-24,23.50,21.00,26.90,91.00,11.90
Pantukan,2023-03-25,23.80,20.90,27.00,92.00,4.80
Pantukan,2023-03-26,23.70,20.50,27.30,91.00,6.30
Pantukan,2023-03-27,23.40,21.80,25.90,94.00,16.40
Pantukan,2023-03-28,23.10,21.10,25.40,93.00,21.80
Pantukan,2023-03-29,22.70,20.90,25.80,95.00,23.80
Pantukan,2023-03-30,22.90,20.50,26.50,92.00,13.60
Pantukan,2023-03-31,23.20,21.10,26.10,93.00,13.60
Pantukan,2023-04-01,23.00,20.70,26.60,93.00,18.20
Pantukan,2023-04-02,23.00,21.20,26.10,94.00,16.50
Pantukan,2023-04-03,23.10,21.10,26.20,94.00,14.10
Pantukan,2023-04-04,23.40,19.50,27.70,87.00,2.30
Pantukan,2023-04-05,23.60,21.10,27.70,89.00,15.80
Pantukan,2023-04-06,23.60,20.90,27.20,89.00,3.60
Pantukan,2023-04-07,24.00,21.40,28.00,89.00,1.50
Pantukan,2023-04-08,23.60,21.20,28.20,86.00,3.50
Pantukan,2023-04-09,23.20,20.20,27.60,91.00,13.30
Pantukan,2023-04-10,24.10,20.40,28.00,87.00,0.10
Pantukan,2023-04-11,24.20,21.00,27.80,85.00,1.20
Pantukan,2023-04-12,24.60,21.10,28.40,84.00,0.60
Pantukan,2023-04-13,24.70,21.80,28.00,86.00,1.50
Pantukan,2023-04-14,24.30,21.70,27.50,91.00,22.10
Pantukan,2023-04-15,24.10,21.60,27.40,91.00,13.60
Pantukan,2023-04-16,24.00,20.90,27.50,88.00,10.90
Pantukan,2023-04-17,24.00,21.50,26.60,90.00,19.10
Pantukan,2023-04-18,24.10,20.90,27.90,89.00,2.40
Pantukan,2023-04-19,24.60,20.80,28.50,89.00,2.70
Pantukan,2023-04-20,24.60,22.40,27.50,91.00,10.90
Pantukan,2023-04-21,24.00,22.20,27.50,90.00,15.40
Pantukan,2023-04-22,24.00,21.30,28.00,87.00,9.00
Pantukan,2023-04-23,23.90,20.70,28.20,89.00,19.40
Pantukan,2023-04-24,24.10,21.70,27.30,91.00,5.90
Pantukan,2023-04-25,24.30,20.00,28.00,87.00,4.20
Pantukan,2023-04-26,24.30,19.80,28.40,84.00,1.40
Pantukan,2023-04-27,23.90,19.60,27.30,90.00,3.50
Pantukan,2023-04-28,24.80,21.40,28.00,85.00,3.50
Pantukan,2023-04-29,24.50,21.70,28.30,90.00,7.90
Pantukan,2023-04-30,24.20,22.50,27.40,92.00,18.90
Pantukan,2023-05-01,24.20,21.40,27.60,93.00,25.70
Pantukan,2023-05-02,23.90,22.20,26.20,93.00,12.30
Pantukan,2023-05-03,24.60,22.00,27.40,86.00,1.20
Pantukan,2023-05-04,24.50,21.90,28.30,92.00,15.40
Pantukan,2023-05-05,24.30,22.00,28.00,91.00,15.90
Pantukan,2023-05-06,24.50,22.00,27.60,92.00,10.90
Pantukan,2023-05-07,24.70,22.30,27.90,90.00,12.80
Pantukan,2023-05-08,24.90,21.50,27.90,91.00,4.60
Pantukan,2023-05-09,25.30,22.50,28.60,89.00,4.90
Pantukan,2023-05-10,24.60,21.90,28.50,89.00,20.80
Pantukan,2023-05-11,24.80,21.50,28.30,90.00,8.40
Pantukan,2023-05-12,25.10,22.80,28.40,88.00,2.80
Pantukan,2023-05-13,24.80,22.00,28.00,89.00,10.20
Pantukan,2023-05-14,24.50,22.20,27.90,90.00,17.50
Pantukan,2023-05-15,24.50,21.80,28.40,89.00,10.20
Pantukan,2023-05-16,24.70,21.50,28.50,86.00,6.10
Pantukan,2023-05-17,25.00,21.80,28.50,87.00,5.80
Pantukan,2023-05-18,24.70,22.10,28.50,88.00,2.30
Pantukan,2023-05-19,24.00,22.00,26.70,90.00,13.60
Pantukan,2023-05-20,24.00,21.40,26.60,90.00,13.40
Pantukan,2023-05-21,24.60,21.70,28.70,87.00,5.90
Pantukan,2023-05-22,24.60,22.20,27.80,91.00,8.80
Pantukan,2023-05-23,24.70,22.80,28.00,88.00,11.90
Pantukan,2023-05-24,24.10,22.80,26.40,91.00,21.40
Pantukan,2023-05-25,24.40,21.90,28.00,88.00,15.40
Pantukan,2023-05-26,24.60,22.40,27.40,87.00,16.40
Pantukan,2023-05-27,25.80,23.50,29.00,78.00,1.30
Pantukan,2023-05-28,25.00,22.30,27.70,85.00,3.80
Pantukan,2023-05-29,25.30,23.00,28.70,87.00,6.20
Pantukan,2023-05-30,25.30,22.80,28.50,88.00,11.10
Pantukan,2023-05-31,25.00,23.10,28.10,87.00,8.60
Pantukan,2023-06-01,25.30,22.40,28.90,85.00,1.10
Pantukan,2023-06-02,25.60,22.40,28.80,84.00,6.20
Pantukan,2023-06-03,24.90,22.00,28.20,87.00,10.40
Pantukan,2023-06-04,24.20,21.80,27.60,89.00,14.10
Pantukan,2023-06-05,24.60,22.80,27.50,91.00,12.40
Pantukan,2023-06-06,24.70,22.40,28.30,87.00,31.10
Pantukan,2023-06-07,24.90,22.60,28.20,87.00,3.70
Pantukan,2023-06-08,24.60,21.90,27.80,87.00,33.10
Pantukan,2023-06-09,25.00,22.50,28.00,86.00,8.40
Pantukan,2023-06-10,25.10,22.50,28.20,84.00,3.20
Pantukan,2023-06-11,25.20,22.50,28.00,84.00,1.30
Pantukan,2023-06-12,25.00,21.70,28.40,84.00,2.30
Pantukan,2023-06-13,24.30,21.90,27.70,90.00,14.30
Pantukan,2023-06-14,23.60,22.30,26.20,94.00,47.20
Pantukan,2023-06-15,23.90,21.80,25.90,91.00,16.30
Pantukan,2023-06-16,23.60,22.10,25.50,92.00,12.80
Pantukan,2023-06-17,23.80,21.40,26.50,90.00,10.00
Pantukan,2023-06-18,23.70,21.90,26.40,91.00,32.30
Pantukan,2023-06-19,23.40,21.40,26.20,92.00,24.00
Pantukan,2023-06-20,23.70,21.60,27.10,92.00,16.60
Pantukan,2023-06-21,23.40,21.30,26.90,90.00,23.80
Pantukan,2023-06-22,24.30,22.10,27.40,87.00,12.60
Pantukan,2023-06-23,23.80,21.50,26.20,90.00,12.70
Pantukan,2023-06-24,24.30,21.50,27.80,89.00,14.30
Pantukan,2023-06-25,24.40,22.00,27.80,88.00,8.80
Pantukan,2023-06-26,24.40,21.80,27.60,86.00,6.20
Pantukan,2023-06-27,24.80,21.90,28.20,84.00,4.40
Pantukan,2023-06-28,24.40,21.50,28.20,88.00,5.80
Pantukan,2023-06-29,23.70,21.40,26.80,91.00,16.60
Pantukan,2023-06-30,24.00,21.80,27.00,90.00,20.20
Pantukan,2023-07-01,24.00,21.10,27.40,90.00,22.00
Pantukan,2023-07-02,23.70,21.50,26.60,92.00,6.60
Pantukan,2023-07-03,23.30,22.00,25.00,96.00,27.80
Pantukan,2023-07-04,23.10,21.50,26.90,94.00,18.60
Pantukan,2023-07-05,23.60,21.00,26.40,94.00,14.80
Pantukan,2023-07-06,24.00,21.90,27.10,93.00,12.10
Pantukan,2023-07-07,23.70,20.70,27.20,90.00,11.20
Pantukan,2023-07-08,23.30,21.40,25.80,94.00,44.50
Pantukan,2023-07-09,24.10,21.30,27.80,87.00,7.20
Pantukan,2023-07-10,24.10,21.30,27.70,88.00,16.60
Pantukan,2023-07-11,24.30,21.80,27.40,89.00,22.80
Pantukan,2023-07-12,23.80,22.00,26.00,92.00,24.60
Pantukan,2023-07-13,24.40,21.60,27.90,87.00,11.40
Pantukan,2023-07-14,24.90,21.50,28.20,84.00,0.10
Pantukan,2023-07-15,24.70,22.40,27.80,85.00,29.90
Pantukan,2023-07-16,24.40,22.00,27.80,88.00,8.30
Pantukan,2023-07-17,24.30,22.00,27.10,85.00,10.10
Pantukan,2023-07-18,23.00,21.80,24.50,93.00,14.70
Pantukan,2023-07-19,23.70,21.30,27.00,88.00,4.70
Pantukan,2023-07-20,24.40,21.30,27.50,86.00,20.00
Pantukan,2023-07-21,24.40,21.50,27.90,87.00,15.90
Pantukan,2023-07-22,23.60,22.00,27.00,93.00,25.80
Pantukan,2023-07-23,25.10,22.40,28.10,80.00,0.30
Pantukan,2023-07-24,24.20,22.00,27.10,88.00,2.40
Pantukan,2023-07-25,24.30,22.10,27.00,90.00,22.30
Pantukan,2023-07-26,24.80,22.10,27.90,83.00,2.70
Pantukan,2023-07-27,24.40,22.60,27.60,88.00,24.70
Pantukan,2023-07-28,23.80,22.00,27.00,90.00,17.90
Pantukan,2023-07-29,24.30,22.10,27.40,87.00,3.00
Pantukan,2023-07-30,24.20,21.40,27.50,87.00,22.20
Pantukan,2023-07-31,24.20,21.00,27.80,84.00,1.30
Pantukan,2023-08-01,24.50,22.00,28.00,83.00,0.50
Pantukan,2023-08-02,24.60,22.20,27.90,85.00,4.40
Pantukan,2023-08-03,24.80,22.20,28.50,86.00,3.00
Pantukan,2023-08-04,24.80,20.90,28.50,87.00,2.90
Pantukan,2023-08-05,25.00,21.80,28.50,88.00,0.40
Pantukan,2023-08-06,24.70,22.10,28.00,87.00,2.90
Pantukan,2023-08-07,24.70,21.90,28.40,84.00,1.70
Pantukan,2023-08-08,25.00,21.50,29.10,83.00,7.80
Pantukan,2023-08-09,24.30,21.50,28.40,88.00,7.10
Pantukan,2023-08-10,24.30,21.70,27.50,89.00,17.40
Pantukan,2023-08-11,23.60,21.60,26.40,90.00,17.90
Pantukan,2023-08-12,23.60,21.10,26.80,91.00,9.90
Pantukan,2023-08-13,23.80,21.50,26.90,88.00,22.10
Pantukan,2023-08-14,23.90,21.60,27.00,89.00,8.50
Pantukan,2023-08-15,23.90,21.70,27.00,90.00,20.20
Pantukan,2023-08-16,23.50,21.80,26.30,91.00,35.20
Pantukan,2023-08-17,23.60,21.40,26.20,90.00,22.70
Pantukan,2023-08-18,23.70,21.00,27.80,89.00,15.30
Pantukan,2023-08-19,23.80,21.80,27.00,90.00,7.80
Pantukan,2023-08-20,23.70,21.40,27.00,91.00,9.50
Pantukan,2023-08-21,23.20,21.40,25.50,94.00,31.40
Pantukan,2023-08-22,23.30,21.00,26.20,91.00,8.60
Pantukan,2023-08-23,23.20,21.20,25.80,90.00,14.60
Pantukan,2023-08-24,24.40,21.40,28.20,86.00,5.30
Pantukan,2023-08-25,24.30,21.10,28.10,87.00,2.40
Pantukan,2023-08-26,24.20,21.30,27.80,87.00,19.30
Pantukan,2023-08-27,24.20,21.60,27.70,89.00,30.80
Pantukan,2023-08-28,24.30,21.40,27.50,87.00,8.90
Pantukan,2023-08-29,24.70,22.00,28.30,85.00,5.70
Pantukan,2023-08-30,24.80,21.40,28.90,84.00,0.90
Pantukan,2023-08-31,25.00,22.10,28.50,85.00,1.90
Pantukan,2023-09-01,24.90,21.70,28.50,86.00,3.80
Pantukan,2023-09-02,25.00,22.20,28.50,84.00,1.10
Pantukan,2023-09-03,24.60,22.00,27.60,87.00,6.30
Pantukan,2023-09-04,24.40,22.00,27.70,89.00,2.30
Pantukan,2023-09-05,24.20,21.20,27.40,90.00,9.80
Pantukan,2023-09-06,23.50,21.80,25.60,95.00,29.10
Pantukan,2023-09-07,23.50,21.20,27.20,92.00,15.40
Pantukan,2023-09-08,24.10,21.20,27.80,88.00,6.30
Pantukan,2023-09-09,23.60,21.50,25.90,91.00,15.10
Pantukan,2023-09-10,23.50,21.40,27.00,90.00,24.50
Pantukan,2023-09-11,24.40,21.10,28.20,85.00,7.00
Pantukan,2023-09-12,24.20,22.00,27.50,87.00,14.70
Pantukan,2023-09-13,24.10,22.00,27.80,89.00,16.10
Pantukan,2023-09-14,24.30,21.40,27.90,87.00,12.90
Pantukan,2023-09-15,23.60,22.00,25.60,91.00,4.80
Pantukan,2023-09-16,23.20,21.30,26.40,91.00,42.10
Pantukan,2023-09-17,23.00,21.50,26.50,94.00,30.30
Pantukan,2023-09-18,22.70,20.90,25.40,94.00,13.00
Pantukan,2023-09-19,23.90,21.50,27.00,90.00,14.00
Pantukan,2023-09-20,23.40,21.20,25.90,90.00,12.60
Pantukan,2023-09-21,23.10,21.00,25.90,92.00,27.80
Pantukan,2023-09-22,24.10,22.00,27.50,87.00,3.70
Pantukan,2023-09-23,24.70,21.10,28.20,84.00,1.00
Pantukan,2023-09-24,24.40,20.50,28.50,84.00,15.50
Pantukan,2023-09-25,24.40,21.80,27.20,85.00,20.80
Pantukan,2023-09-26,24.00,22.50,27.00,88.00,30.20
Pantukan,2023-09-27,23.90,21.00,27.60,89.00,20.50
Pantukan,2023-09-28,24.40,21.70,27.70,86.00,8.70
Pantukan,2023-09-29,24.50,21.70,27.70,89.00,3.70
Pantukan,2023-09-30,24.40,21.40,27.40,88.00,7.80
Pantukan,2023-10-01,24.80,22.10,28.10,87.00,1.90
Pantukan,2023-10-02,25.50,22.20,29.20,83.00,0.70
Pantukan,2023-10-03,25.10,22.40,28.80,86.00,5.20
Pantukan,2023-10-04,24.60,21.60,28.40,86.00,4.40
Pantukan,2023-10-05,24.60,21.50,28.80,86.00,9.20
Pantukan,2023-10-06,24.40,21.70,28.00,88.00,8.50
Pantukan,2023-10-07,24.00,21.40,27.50,92.00,23.80
Pantukan,2023-10-08,23.80,21.10,28.20,92.00,22.30
Pantukan,2023-10-09,23.50,21.40,26.20,93.00,33.30
Pantukan,2023-10-10,23.50,21.80,25.70,92.00,21.40
Pantukan,2023-10-11,24.00,21.50,26.70,90.00,30.50
Pantukan,2023-10-12,24.80,22.40,28.50,86.00,4.90
Pantukan,2023-10-13,23.90,22.50,25.60,91.00,6.30
Pantukan,2023-10-14,24.50,21.60,27.60,83.00,4.50
Pantukan,2023-10-15,24.80,21.70,28.20,83.00,0.80
Pantukan,2023-10-16,23.90,21.10,27.90,88.00,16.00
Pantukan,2023-10-17,23.60,20.80,27.10,88.00,19.80
Pantukan,2023-10-18,23.70,20.50,27.90,90.00,7.60
Pantukan,2023-10-19,23.50,20.80,27.60,91.00,11.10
Pantukan,2023-10-20,24.10,21.00,27.90,89.00,8.90
Pantukan,2023-10-21,23.40,21.00,27.50,89.00,27.60
Pantukan,2023-10-22,23.60,20.90,28.00,86.00,13.20
Pantukan,2023-10-23,24.00,21.10,28.30,88.00,7.20
Pantukan,2023-10-24,23.80,20.70,28.00,89.00,19.60
Pantukan,2023-10-25,24.10,21.40,28.20,89.00,8.80
Pantukan,2023-10-26,23.50,21.50,26.20,92.00,16.00
Pantukan,2023-10-27,23.70,21.00,27.60,88.00,14.80
Pantukan,2023-10-28,23.90,20.90,27.40,90.00,5.40
Pantukan,2023-10-29,23.50,21.90,26.20,93.00,12.00
Pantukan,2023-10-30,23.80,20.80,27.00,89.00,6.70
Pantukan,2023-10-31,24.50,21.40,28.40,84.00,0.50
Pantukan,2023-11-01,24.30,20.40,28.20,86.00,2.20
Pantukan,2023-11-02,24.00,20.80,28.10,87.00,3.00
Pantukan,2023-11-03,23.60,21.20,27.60,89.00,12.90
Pantukan,2023-11-04,23.70,21.40,26.90,90.00,24.90
Pantukan,2023-11-05,23.60,21.70,27.30,90.00,17.90
Pantukan,2023-11-06,23.70,20.10,27.60,91.00,10.20
Pantukan,2023-11-07,24.10,21.70,27.50,92.00,20.10
Pantukan,2023-11-08,23.20,21.60,26.00,95.00,21.40
Pantukan,2023-11-09,23.30,20.70,26.70,92.00,19.30
Pantukan,2023-11-10,23.40,20.40,26.30,91.00,28.90
Pantukan,2023-11-11,23.60,20.20,27.60,92.00,14.20
Pantukan,2023-11-12,24.00,20.10,27.70,89.00,4.10
Pantukan,2023-11-13,23.70,20.00,27.60,88.00,21.30
Pantukan,2023-11-14,23.90,19.50,27.90,87.00,1.70
Pantukan,2023-11-15,23.60,19.70,27.40,90.00,4.50
Pantukan,2023-11-16,22.90,21.40,24.50,93.00,10.00
Pantukan,2023-11-17,23.50,21.60,26.10,94.00,12.60
Pantukan,2023-11-18,24.40,21.80,28.80,89.00,7.50
Pantukan,2023-11-19,24.20,21.30,27.60,90.00,8.00
Pantukan,2023-11-20,24.70,22.00,28.50,88.00,2.20
Pantukan,2023-11-21,24.10,22.50,27.40,91.00,8.60
Pantukan,2023-11-22,24.10,21.80,27.20,89.00,9.30
Pantukan,2023-11-23,23.60,21.50,26.90,92.00,12.40
Pantukan,2023-11-24,23.30,20.90,26.80,93.00,6.70
Pantukan,2023-11-25,23.20,21.10,26.50,94.00,13.10
Pantukan,2023-11-26,23.80,20.50,27.50,91.00,7.60
Pantukan,2023-11-27,23.50,20.40,28.10,92.00,2.40
Pantukan,2023-11-28,23.10,20.20,26.00,94.00,9.90
Pantukan,2023-11-29,23.60,21.50,26.20,92.00,17.50
Pantukan,2023-11-30,23.60,21.50,25.80,93.00,4.30
Pantukan,2023-12-01,23.80,21.40,26.90,92.00,6.10
Pantukan,2023-12-02,23.50,19.90,27.60,91.00,9.00
Pantukan,2023-12-03,23.10,21.00,25.40,94.00,4.30
Pantukan,2023-12-04,23.60,20.70,26.40,90.00,2.50
Pantukan,2023-12-05,23.80,21.30,26.90,91.00,10.60
Pantukan,2023-12-06,23.80,21.80,27.10,92.00,39.90
Pantukan,2023-12-07,23.90,22.10,26.20,95.00,13.60
Pantukan,2023-12-08,23.10,20.80,27.20,94.00,9.80
Pantukan,2023-12-09,23.30,20.50,26.40,92.00,2.90
Pantukan,2023-12-10,23.50,19.10,27.50,89.00,2.80
Pantukan,2023-12-11,23.50,20.50,27.60,89.00,11.50
Pantukan,2023-12-12,23.50,18.90,27.80,87.00,4.60
Pantukan,2023-12-13,23.00,20.10,25.90,93.00,7.50
Pantukan,2023-12-14,23.50,20.00,27.30,88.00,4.00
Pantukan,2023-12-15,23.50,20.50,27.10,89.00,24.90
Pantukan,2023-12-16,23.90,19.00,28.50,84.00,0.80
Pantukan,2023-12-17,23.70,21.60,26.30,85.00,4.30
Pantukan,2023-12-18,23.20,22.20,24.90,94.00,10.90
Pantukan,2023-12-19,23.10,22.00,25.20,96.00,37.60
Pantukan,2023-12-20,23.80,20.90,27.30,91.00,2.50
Pantukan,2023-12-21,23.50,19.40,26.80,88.00,1.60
Pantukan,2023-12-22,23.00,20.50,26.80,90.00,12.00
Pantukan,2023-12-23,23.20,19.80,26.00,89.00,2.30
Pantukan,2023-12-24,23.40,19.60,26.70,88.00,5.00
Pantukan,2023-12-25,23.10,21.40,26.10,93.00,15.10
Pantukan,2023-12-26,23.30,20.20,26.50,91.00,5.10
Pantukan,2023-12-27,23.40,20.70,26.90,91.00,9.70
Pantukan,2023-12-28,23.60,20.80,26.60,92.00,3.60
Pantukan,2023-12-29,23.70,20.90,26.70,90.00,4.80
Pantukan,2023-12-30,23.70,21.80,25.80,94.00,19.40
Pantukan,2023-12-31,23.90,20.30,27.70,89.00,2.40
Pantukan,2024-01-01,23.80,21.20,27.10,91.00,19.00
Pantukan,2024-01-02,23.50,22.00,25.40,94.00,11.70
Pantukan,2024-01-03,23.80,21.30,26.90,92.00,8.10
Pantukan,2024-01-04,23.70,20.80,27.60,91.00,7.50
Pantukan,2024-01-05,24.00,20.00,27.60,87.00,1.60
Pantukan,2024-01-06,23.50,21.50,26.30,89.00,8.10
Pantukan,2024-01-07,23.80,20.60,26.90,89.00,4.50
Pantukan,2024-01-08,23.30,20.30,26.40,91.00,23.40
Pantukan,2024-01-09,23.10,20.70,25.40,94.00,8.10
Pantukan,2024-01-10,23.50,21.10,26.90,92.00,4.70
Pantukan,2024-01-11,23.80,20.10,27.00,89.00,2.30
Pantukan,2024-01-12,23.50,21.00,26.70,90.00,6.70
Pantukan,2024-01-13,22.80,19.50,26.00,91.00,3.30
Pantukan,2024-01-14,23.70,20.20,27.00,85.00,3.70
Pantukan,2024-01-15,23.60,21.40,26.50,91.00,56.00
Pantukan,2024-01-16,22.80,21.80,24.50,96.00,81.90
Pantukan,2024-01-17,22.80,20.70,26.10,94.00,35.80
Pantukan,2024-01-18,22.40,21.50,23.50,97.00,8.40
Pantukan,2024-01-19,23.30,20.40,26.00,94.00,4.60
Pantukan,2024-01-20,22.80,19.20,26.20,93.00,17.70
Pantukan,2024-01-21,23.90,20.30,28.00,89.00,11.40
Pantukan,2024-01-22,23.40,20.70,26.30,92.00,10.20
Pantukan,2024-01-23,23.10,20.20,26.90,92.00,4.40
Pantukan,2024-01-24,23.10,17.50,27.70,87.00,4.90
Pantukan,2024-01-25,23.40,20.10,27.50,89.00,4.10
Pantukan,2024-01-26,22.20,18.70,26.10,90.00,14.70
Pantukan,2024-01-27,22.90,20.00,27.00,79.00,0.00
Pantukan,2024-01-28,23.20,20.40,26.60,82.00,0.90
Pantukan,2024-01-29,22.50,20.80,23.80,96.00,40.20
Pantukan,2024-01-30,22.70,21.90,24.50,96.00,56.50
Pantukan,2024-01-31,22.30,21.80,23.00,99.00,51.00
Pantukan,2024-02-01,22.60,21.10,24.40,96.00,32.90
Pantukan,2024-02-02,22.70,21.20,24.90,96.00,7.00
Pantukan,2024-02-03,23.40,21.10,26.10,93.00,8.20
Pantukan,2024-02-04,23.10,21.50,25.90,94.00,12.50
Pantukan,2024-02-05,23.40,20.80,26.40,92.00,6.20
Pantukan,2024-02-06,22.70,20.50,24.90,94.00,5.40
Pantukan,2024-02-07,22.90,20.70,25.50,94.00,33.80
Pantukan,2024-02-08,22.70,21.20,24.40,95.00,16.80
Pantukan,2024-02-09,22.90,20.80,25.30,94.00,11.70
Pantukan,2024-02-10,22.90,18.20,27.00,89.00,10.00
Pantukan,2024-02-11,23.30,20.50,27.00,90.00,4.90
Pantukan,2024-02-12,22.90,19.60,26.60,87.00,4.80
Pantukan,2024-02-13,23.30,19.50,27.90,84.00,2.60
Pantukan,2024-02-14,23.50,21.20,26.20,89.00,5.40
Pantukan,2024-02-15,22.60,17.20,26.60,84.00,0.50
Pantukan,2024-02-16,23.20,20.50,26.30,90.00,3.20
Pantukan,2024-02-17,23.40,18.50,27.00,87.00,1.40
Pantukan,2024-02-18,23.60,22.00,25.70,94.00,5.50
Pantukan,2024-02-19,22.80,17.80,26.40,88.00,0.80
Pantukan,2024-02-20,23.20,19.20,27.00,88.00,1.50
Pantukan,2024-02-21,22.90,18.30,27.40,84.00,0.50
Pantukan,2024-02-22,23.50,22.00,25.50,95.00,10.20
Pantukan,2024-02-23,22.80,21.60,24.50,98.00,11.20
Pantukan,2024-02-24,23.20,21.00,27.40,94.00,9.30
Pantukan,2024-02-25,23.10,19.20,26.50,90.00,3.30
Pantukan,2024-02-26,23.90,19.50,28.10,86.00,4.10
Pantukan,2024-02-27,23.70,21.80,27.10,91.00,28.60
Pantukan,2024-02-28,23.10,20.10,26.40,90.00,15.90
Pantukan,2024-02-29,23.30,21.70,26.50,94.00,11.20
Pantukan,2024-03-01,23.70,22.10,26.80,95.00,8.60
Pantukan,2024-03-02,23.80,20.90,26.60,91.00,7.20
Pantukan,2024-03-03,23.40,19.50,26.90,89.00,3.60
Pantukan,2024-03-04,23.10,18.50,27.00,90.00,5.20
Pantukan,2024-03-05,23.70,20.10,27.90,89.00,4.00
Pantukan,2024-03-06,24.20,21.40,27.60,90.00,4.60
Pantukan,2024-03-07,24.30,21.00,28.90,87.00,2.00
Pantukan,2024-03-08,22.40,16.60,26.10,84.00,0.30
Pantukan,2024-03-09,23.60,20.50,27.50,88.00,1.90
Pantukan,2024-03-10,23.20,18.60,27.80,82.00,1.70
Pantukan,2024-03-11,22.70,17.00,27.10,79.00,0.50
Pantukan,2024-03-12,23.10,20.90,25.80,89.00,7.80
Pantukan,2024-03-13,23.20,20.80,27.00,94.00,29.00
Pantukan,2024-03-14,23.20,18.00,27.30,84.00,1.20
Pantukan,2024-03-15,23.10,19.90,26.10,85.00,2.90
Pantukan,2024-03-16,23.20,17.40,28.40,81.00,3.70
Pantukan,2024-03-17,23.80,19.30,30.00,81.00,1.00
Pantukan,2024-03-18,22.90,18.50,27.30,83.00,2.80
Pantukan,2024-03-19,23.40,19.40,27.60,85.00,2.60
Pantukan,2024-03-20,23.70,20.00,28.20,89.00,3.40
Pantukan,2024-03-21,23.30,20.20,27.50,90.00,14.10
Pantukan,2024-03-22,23.60,21.60,27.30,93.00,17.80
Pantukan,2024-03-23,23.50,19.40,27.30,88.00,1.70
Pantukan,2024-03-24,23.10,19.90,26.10,90.00,4.40
Pantukan,2024-03-25,23.90,19.50,28.50,87.00,1.70
Pantukan,2024-03-26,24.70,21.80,28.90,88.00,9.90
Pantukan,2024-03-27,24.00,21.90,27.10,91.00,8.80
Pantukan,2024-03-28,23.80,20.50,27.70,91.00,12.60
Pantukan,2024-03-29,23.10,21.10,25.50,93.00,9.80
Pantukan,2024-03-30,23.80,20.00,27.50,89.00,1.30
Pantukan,2024-03-31,24.00,21.20,27.00,89.00,3.60
Pantukan,2024-04-01,23.60,19.10,28.00,85.00,2.50
Pantukan,2024-04-02,23.60,19.70,28.00,83.00,1.40
Pantukan,2024-04-03,24.00,19.40,28.50,86.00,0.90
Pantukan,2024-04-04,24.10,21.00,27.20,89.00,2.30
Pantukan,2024-04-05,24.10,21.20,27.00,91.00,2.90
Pantukan,2024-04-06,23.60,22.00,26.50,91.00,15.50
Pantukan,2024-04-07,23.90,19.60,27.80,87.00,0.80
Pantukan,2024-04-08,23.10,18.20,27.50,89.00,10.50
Pantukan,2024-04-09,23.70,19.60,27.20,88.00,1.80
Pantukan,2024-04-10,23.70,21.00,27.20,91.00,7.30
Pantukan,2024-04-11,23.80,19.50,27.50,86.00,0.20
Pantukan,2024-04-12,24.20,20.60,28.00,86.00,1.50
Pantukan,2024-04-13,24.10,19.70,28.10,85.00,2.40
Pantukan,2024-04-14,24.30,20.40,28.00,86.00,3.20
Pantukan,2024-04-15,24.90,21.00,29.00,84.00,1.50
Pantukan,2024-04-16,24.30,20.40,27.20,89.00,2.70
Pantukan,2024-04-17,24.90,21.10,28.60,86.00,1.90
Pantukan,2024-04-18,24.70,20.40,28.80,82.00,0.70
Pantukan,2024-04-19,24.90,20.60,28.60,86.00,1.70
Pantukan,2024-04-20,24.30,19.00,28.70,82.00,0.10
Pantukan,2024-04-21,24.10,22.80,26.30,93.00,7.40
Pantukan,2024-04-22,24.90,21.80,27.80,89.00,2.70
Pantukan,2024-04-23,24.10,22.10,26.40,93.00,23.10
Pantukan,2024-04-24,24.90,22.20,28.00,91.00,4.90
Pantukan,2024-04-25,24.90,20.60,28.60,87.00,1.10
Pantukan,2024-04-26,25.20,22.50,28.40,87.00,1.50
Pantukan,2024-04-27,24.30,22.70,28.20,93.00,27.00
Pantukan,2024-04-28,24.80,22.10,27.90,88.00,1.60
Pantukan,2024-04-29,24.50,21.90,27.60,89.00,8.00
Pantukan,2024-04-30,23.30,22.20,25.30,97.00,31.50
Pantukan,2024-05-01,24.20,21.70,27.50,91.00,7.70
Pantukan,2024-05-02,24.80,21.50,28.80,89.00,2.20
Pantukan,2024-05-03,24.50,19.10,28.90,84.00,1.10
Pantukan,2024-05-04,24.00,22.30,27.40,90.00,36.30
Pantukan,2024-05-05,24.60,20.90,28.10,90.00,3.30
Pantukan,2024-05-06,24.40,22.10,28.10,91.00,4.40
Pantukan,2024-05-07,24.50,20.10,28.90,87.00,0.70
Pantukan,2024-05-08,24.60,21.00,28.80,88.00,4.80
Pantukan,2024-05-09,24.40,21.40,28.30,87.00,5.90
Pantukan,2024-05-10,24.10,20.80,28.00,90.00,14.70
Pantukan,2024-05-11,24.30,21.10,27.80,90.00,5.00
Pantukan,2024-05-12,23.80,22.50,25.40,94.00,7.50
Pantukan,2024-05-13,24.30,21.80,28.30,93.00,24.30
Pantukan,2024-05-14,24.80,21.50,28.60,91.00,5.00
Pantukan,2024-05-15,25.10,21.80,28.60,89.00,5.30
Pantukan,2024-05-16,24.90,22.20,28.10,90.00,3.60
Pantukan,2024-05-17,25.20,22.10,28.30,86.00,1.20
Pantukan,2024-05-18,25.60,22.30,29.40,83.00,1.00
Pantukan,2024-05-19,25.10,22.20,28.70,89.00,2.10
Pantukan,2024-05-20,24.50,22.00,27.20,93.00,11.00
Pantukan,2024-05-21,24.40,22.20,26.90,94.00,10.30
Pantukan,2024-05-22,24.70,21.80,28.70,91.00,18.00
Pantukan,2024-05-23,24.70,21.00,29.00,91.00,23.80
Pantukan,2024-05-24,24.70,23.00,27.20,91.00,20.20
Pantukan,2024-05-25,25.90,22.40,29.70,83.00,0.10
Pantukan,2024-05-26,25.00,22.80,28.80,91.00,7.80
Pantukan,2024-05-27,24.70,22.10,27.80,91.00,3.50
Pantukan,2024-05-28,25.10,22.50,29.00,86.00,0.30
Pantukan,2024-05-29,25.10,22.00,29.00,86.00,1.90
Pantukan,2024-05-30,25.10,22.50,28.80,87.00,5.10
Pantukan,2024-05-31,24.60,21.80,28.60,89.00,13.90
Pantukan,2024-06-01,24.80,22.80,27.50,93.00,6.70
Pantukan,2024-06-02,24.40,22.40,27.60,93.00,27.70
Pantukan,2024-06-03,25.10,22.20,28.80,89.00,20.30
Pantukan,2024-06-04,24.90,22.20,27.80,90.00,11.50
Pantukan,2024-06-05,25.20,22.60,29.00,87.00,5.00
Pantukan,2024-06-06,24.30,21.90,28.00,91.00,9.00
Pantukan,2024-06-07,24.40,21.50,27.90,90.00,8.20
Pantukan,2024-06-08,23.90,21.40,28.10,91.00,13.80
Pantukan,2024-06-09,24.50,21.50,28.50,88.00,29.90
Pantukan,2024-06-10,23.80,22.20,26.10,93.00,19.20
Pantukan,2024-06-11,24.10,21.80,27.70,91.00,12.80
Pantukan,2024-06-12,24.10,21.60,27.20,91.00,9.80
Pantukan,2024-06-13,23.20,21.70,24.90,96.00,9.70
Pantukan,2024-06-14,24.30,21.40,28.40,87.00,2.70
Pantukan,2024-06-15,24.30,21.60,28.10,87.00,9.50
Pantukan,2024-06-16,23.80,22.10,26.90,94.00,19.70
Pantukan,2024-06-17,24.20,21.60,27.20,90.00,18.30
Pantukan,2024-06-18,24.20,21.60,27.60,90.00,13.70
Pantukan,2024-06-19,23.60,22.20,26.10,94.00,15.20
Pantukan,2024-06-20,23.30,22.00,25.00,92.00,12.10
Pantukan,2024-06-21,24.00,21.50,26.90,90.00,1.10
Pantukan,2024-06-22,23.70,22.00,26.80,91.00,25.10
Pantukan,2024-06-23,23.60,21.40,27.00,92.00,23.90
Pantukan,2024-06-24,23.50,21.00,26.40,92.00,12.50
Pantukan,2024-06-25,23.70,21.60,27.60,93.00,11.20
Pantukan,2024-06-26,22.70,21.80,24.10,96.00,19.60
Pantukan,2024-06-27,24.20,21.70,27.70,90.00,9.90
Pantukan,2024-06-28,24.00,20.70,27.00,89.00,14.60
Pantukan,2024-06-29,24.20,22.00,27.60,90.00,14.40
Pantukan,2024-06-30,23.70,21.60,26.40,93.00,15.20
Pantukan,2024-07-01,23.90,22.00,26.80,90.00,2.40
Pantukan,2024-07-02,24.00,21.30,27.90,91.00,3.50
Pantukan,2024-07-03,23.80,21.70,27.50,93.00,19.60
Pantukan,2024-07-04,23.10,21.00,26.00,91.00,20.90
Pantukan,2024-07-05,23.50,20.10,27.40,90.00,7.70
Pantukan,2024-07-06,24.10,21.00,28.10,90.00,6.60
Pantukan,2024-07-07,24.00,21.00,28.00,88.00,28.20
Pantukan,2024-07-08,23.10,21.60,24.80,95.00,11.40
Pantukan,2024-07-09,23.80,21.10,26.90,88.00,13.60
Pantukan,2024-07-10,24.00,21.20,27.60,90.00,18.80
Pantukan,2024-07-11,23.30,21.40,26.90,94.00,23.30
Pantukan,2024-07-12,23.20,21.50,25.80,96.00,21.90
Pantukan,2024-07-13,23.60,21.20,27.30,92.00,16.70
Pantukan,2024-07-14,23.60,21.90,26.10,89.00,17.20
Pantukan,2024-07-15,23.40,21.90,25.80,94.00,21.90
Pantukan,2024-07-16,23.20,21.80,25.70,96.00,40.20
Pantukan,2024-07-17,23.60,21.50,25.90,93.00,13.40
Pantukan,2024-07-18,23.40,22.00,26.00,94.00,24.40
Pantukan,2024-07-19,23.30,21.40,26.60,93.00,43.20
Pantukan,2024-07-20,24.40,22.50,27.20,87.00,1.90
Pantukan,2024-07-21,24.40,22.00,28.50,88.00,25.70
Pantukan,2024-07-22,24.40,22.50,27.20,91.00,11.40
Pantukan,2024-07-23,24.90,22.10,27.60,85.00,0.90
Pantukan,2024-07-24,25.00,22.60,28.00,84.00,4.40
Pantukan,2024-07-25,25.10,22.80,28.20,84.00,0.60
Pantukan,2024-07-26,24.80,22.40,28.20,90.00,5.40
Pantukan,2024-07-27,23.50,21.80,25.80,95.00,26.00
Pantukan,2024-07-28,23.60,20.70,27.50,90.00,15.20
Pantukan,2024-07-29,24.00,21.20,27.50,89.00,18.60
Pantukan,2024-07-30,24.00,21.20,27.50,88.00,14.50
Pantukan,2024-07-31,23.90,21.40,27.00,89.00,6.40
Pantukan,2024-08-01,23.70,20.80,27.50,88.00,15.60
Pantukan,2024-08-02,24.30,20.90,28.30,86.00,6.40
Pantukan,2024-08-03,24.80,21.20,28.70,82.00,2.90
Pantukan,2024-08-04,24.60,21.80,28.20,84.00,3.60
Pantukan,2024-08-05,24.50,22.20,28.40,86.00,2.80
Pantukan,2024-08-06,24.50,21.50,28.30,88.00,3.50
Pantukan,2024-08-07,24.60,21.60,28.30,84.00,1.90
Pantukan,2024-08-08,24.00,21.60,27.10,90.00,14.70
Pantukan,2024-08-09,23.40,21.60,26.60,92.00,10.30
Pantukan,2024-08-10,24.60,21.30,28.40,85.00,1.70
Pantukan,2024-08-11,24.70,22.30,27.70,87.00,0.50
Pantukan,2024-08-12,24.10,21.50,27.60,89.00,11.70
Pantukan,2024-08-13,23.70,21.30,27.20,90.00,31.70
Pantukan,2024-08-14,23.80,20.80,27.50,88.00,3.10
Pantukan,2024-08-15,24.00,20.90,27.60,91.00,4.30
Pantukan,2024-08-16,24.20,21.50,27.70,90.00,15.70
Pantukan,2024-08-17,23.80,21.30,27.20,91.00,14.20
Pantukan,2024-08-18,23.80,20.50,27.00,90.00,4.20
Pantukan,2024-08-19,23.90,20.50,27.80,90.00,4.60
Pantukan,2024-08-20,23.80,21.10,27.00,92.00,15.00
Pantukan,2024-08-21,23.70,21.20,27.40,91.00,19.40
Pantukan,2024-08-22,23.60,21.60,26.60,92.00,24.30
Pantukan,2024-08-23,24.20,21.10,27.60,89.00,6.50
Pantukan,2024-08-24,24.20,21.90,28.00,88.00,3.40
Pantukan,2024-08-25,24.40,21.00,27.90,88.00,4.40
Pantukan,2024-08-26,24.70,21.70,28.00,87.00,2.50
Pantukan,2024-08-27,24.70,22.20,28.10,88.00,19.70
Pantukan,2024-08-28,24.90,21.30,28.60,85.00,1.90
Pantukan,2024-08-29,23.40,22.10,25.30,94.00,16.50
Pantukan,2024-08-30,24.30,22.20,26.50,90.00,7.10
Pantukan,2024-08-31,23.60,22.10,25.40,91.00,6.00
Pantukan,2024-09-01,24.00,21.80,26.80,89.00,19.60
Pantukan,2024-09-02,24.90,21.90,28.50,83.00,4.90
Pantukan,2024-09-03,24.70,22.60,27.20,88.00,4.30
Pantukan,2024-09-04,24.90,22.00,28.70,86.00,3.50
Pantukan,2024-09-05,24.70,21.20,28.50,85.00,7.90
Pantukan,2024-09-06,24.60,22.10,27.40,90.00,13.30
Pantukan,2024-09-07,24.50,22.30,27.50,89.00,33.00
Pantukan,2024-09-08,24.20,21.40,27.50,89.00,19.80
Pantukan,2024-09-09,24.50,21.50,28.50,88.00,21.10
Pantukan,2024-09-10,24.00,21.70,26.80,90.00,15.30
Pantukan,2024-09-11,24.50,21.90,28.00,89.00,15.40
Pantukan,2024-09-12,24.40,22.90,26.80,88.00,4.40
Pantukan,2024-09-13,23.90,22.40,26.60,93.00,7.30
Pantukan,2024-09-14,24.40,22.00,26.90,86.00,0.60
Pantukan,2024-09-15,24.30,21.90,27.10,85.00,0.20
Pantukan,2024-09-16,24.60,22.40,27.10,85.00,0.70
Pantukan,2024-09-17,24.80,22.50,28.50,86.00,2.20
Pantukan,2024-09-18,24.90,22.40,28.00,84.00,1.80
Pantukan,2024-09-19,24.50,22.40,27.50,88.00,3.40
Pantukan,2024-09-20,24.60,22.90,28.00,89.00,5.30
Pantukan,2024-09-21,24.00,21.80,27.00,91.00,11.40
Pantukan,2024-09-22,23.60,21.00,26.80,90.00,20.80
Pantukan,2024-09-23,24.00,21.30,27.00,88.00,13.70
Pantukan,2024-09-24,23.40,20.90,27.30,91.00,32.00
Pantukan,2024-09-25,24.20,21.20,27.90,89.00,3.80
Pantukan,2024-09-26,24.30,20.90,28.60,89.00,5.10
Pantukan,2024-09-27,24.20,21.00,28.40,88.00,4.60
Pantukan,2024-09-28,24.70,21.50,28.30,84.00,1.50
Pantukan,2024-09-29,24.80,22.40,27.90,89.00,4.30
Pantukan,2024-09-30,24.10,22.00,27.60,89.00,5.80
Pantukan,2024-10-01,23.40,21.50,26.50,91.00,30.40
Pantukan,2024-10-02,23.90,21.20,27.80,89.00,22.60
Pantukan,2024-10-03,23.40,20.60,26.20,90.00,3.20
Pantukan,2024-10-04,24.50,20.50,28.30,82.00,4.20
Pantukan,2024-10-05,24.70,21.40,28.10,86.00,5.10
Pantukan,2024-10-06,25.00,21.80,28.70,82.00,1.30
Pantukan,2024-10-07,24.70,21.10,28.40,86.00,3.80
Pantukan,2024-10-08,24.70,21.40,28.10,86.00,1.00
Pantukan,2024-10-09,24.90,21.40,28.20,85.00,1.80
Pantukan,2024-10-10,24.70,22.00,28.70,85.00,2.60
Pantukan,2024-10-11,24.40,21.60,28.20,86.00,10.80
Pantukan,2024-10-12,24.00,21.40,27.90,88.00,14.30
Pantukan,2024-10-13,24.30,21.10,28.10,88.00,9.50
Pantukan,2024-10-14,24.10,21.60,26.90,90.00,12.70
Pantukan,2024-10-15,23.90,21.00,27.50,91.00,15.40
Pantukan,2024-10-16,23.80,21.00,27.20,90.00,7.00
Pantukan,2024-10-17,23.80,21.20,26.90,91.00,5.60
Pantukan,2024-10-18,23.90,21.50,27.40,90.00,19.80
Pantukan,2024-10-19,24.60,21.00,28.10,87.00,0.90
Pantukan,2024-10-20,24.60,22.30,28.00,87.00,2.90
Pantukan,2024-10-21,24.90,22.30,28.40,83.00,0.60
Pantukan,2024-10-22,24.50,22.70,27.10,87.00,0.70
Pantukan,2024-10-23,25.30,22.80,28.00,81.00,0.80
Pantukan,2024-10-24,25.50,22.20,28.60,81.00,0.40
Pantukan,2024-10-25,25.30,21.90,29.20,82.00,1.10
Pantukan,2024-10-26,25.00,22.70,28.20,86.00,8.80
Pantukan,2024-10-27,25.30,22.50,27.90,73.00,0.20
Pantukan,2024-10-28,25.80,23.10,29.50,74.00,0.50
Pantukan,2024-10-29,25.30,21.80,29.20,78.00,0.40
Pantukan,2024-10-30,25.00,21.70,29.20,84.00,4.50
Pantukan,2024-10-31,24.30,22.10,28.10,86.00,30.30
Pantukan,2024-11-01,23.80,21.00,28.60,86.00,18.90
Pantukan,2024-11-02,23.50,20.80,26.90,90.00,8.10
Pantukan,2024-11-03,23.80,20.60,27.80,89.00,12.10
Pantukan,2024-11-04,23.60,20.70,27.50,88.00,6.40
Pantukan,2024-11-05,23.30,21.30,25.90,89.00,5.40
Pantukan,2024-11-06,24.30,21.40,27.90,86.00,8.20
Pantukan,2024-11-07,24.10,20.90,28.20,87.00,2.80
Pantukan,2024-11-08,24.10,20.60,28.00,88.00,6.80
Pantukan,2024-11-09,24.20,21.10,28.50,88.00,13.50
Pantukan,2024-11-10,24.10,21.10,28.20,89.00,3.90
Pantukan,2024-11-11,24.50,21.60,27.90,89.00,0.70
Pantukan,2024-11-12,24.30,20.50,28.50,87.00,3.20
Pantukan,2024-11-13,24.40,19.80,29.20,86.00,4.90
Pantukan,2024-11-14,24.40,20.10,28.60,87.00,1.30
Pantukan,2024-11-15,24.30,20.50,29.70,88.00,9.10
Pantukan,2024-11-16,24.30,21.50,29.30,89.00,2.80
Pantukan,2024-11-17,24.10,21.20,29.00,90.00,14.80
Pantukan,2024-11-18,23.00,20.50,25.90,93.00,34.40
Pantukan,2024-11-19,23.10,20.40,26.00,93.00,2.30
Pantukan,2024-11-20,23.70,20.50,27.50,90.00,2.70
Pantukan,2024-11-21,24.00,19.50,28.10,85.00,2.20
Pantukan,2024-11-22,24.30,21.90,27.50,90.00,4.50
Pantukan,2024-11-23,23.40,21.90,26.00,96.00,42.40
Pantukan,2024-11-24,23.50,20.90,26.50,94.00,19.60
Pantukan,2024-11-25,23.40,21.10,25.10,96.00,9.60
Pantukan,2024-11-26,24.10,20.80,27.40,90.00,3.00
Pantukan,2024-11-27,23.40,21.80,26.80,95.00,9.70
Pantukan,2024-11-28,23.30,21.40,25.50,96.00,18.00
Pantukan,2024-11-29,23.40,21.70,25.50,96.00,8.00
Pantukan,2024-11-30,23.50,20.90,26.90,94.00,15.30
Pantukan,2024-12-01,23.50,22.10,26.40,96.00,31.80
Pantukan,2024-12-02,23.20,21.10,26.40,95.00,17.40
Pantukan,2024-12-03,23.90,21.30,27.00,93.00,3.90
Pantukan,2024-12-04,24.30,20.60,28.80,89.00,3.10
Pantukan,2024-12-05,23.90,19.50,28.20,89.00,3.10
Pantukan,2024-12-06,24.10,20.10,28.00,90.00,3.30
Pantukan,2024-12-07,24.00,22.40,26.90,93.00,8.50
Pantukan,2024-12-08,23.30,22.10,25.80,97.00,32.80
Pantukan,2024-12-09,24.00,22.40,26.60,95.00,6.90
Pantukan,2024-12-10,23.00,20.50,25.00,95.00,10.90
Pantukan,2024-12-11,23.80,21.20,27.50,92.00,22.50
Pantukan,2024-12-12,23.30,21.50,25.80,96.00,18.00
Pantukan,2024-12-13,23.80,21.10,27.00,93.00,1.40
Pantukan,2024-12-14,23.20,18.90,27.90,91.00,16.90
Pantukan,2024-12-15,22.90,19.50,27.00,92.00,2.50
Pantukan,2024-12-16,22.90,20.60,25.20,94.00,20.60
Pantukan,2024-12-17,22.50,21.10,24.40,97.00,22.70
Pantukan,2024-12-18,23.10,20.50,25.80,96.00,30.80
Pantukan,2024-12-19,23.40,20.60,28.00,95.00,32.80
Pantukan,2024-12-20,23.50,21.80,26.10,96.00,45.10
Pantukan,2024-12-21,23.90,21.40,26.60,94.00,21.30
Pantukan,2024-12-22,24.10,21.10,28.10,92.00,22.00
Pantukan,2024-12-23,23.80,20.60,28.20,93.00,12.30
Pantukan,2024-12-24,23.50,21.90,25.60,95.00,2.40
Pantukan,2024-12-25,23.00,20.60,25.70,95.00,32.40
Pantukan,2024-12-26,22.90,21.60,24.50,97.00,14.20
Pantukan,2024-12-27,22.60,21.80,23.80,98.00,17.40
Pantukan,2024-12-28,23.40,21.40,25.80,94.00,8.70
Pantukan,2024-12-29,23.60,20.20,27.20,90.00,15.30
Pantukan,2024-12-30,23.30,20.60,26.60,94.00,24.80
Pantukan,2024-12-31,23.20,20.90,25.90,93.00,17.30
Pantukan,2025-01-01,22.90,21.10,24.50,97.00,17.50
Pantukan,2025-01-02,23.40,21.20,27.00,93.00,10.10
Pantukan,2025-01-03,23.50,20.60,27.40,91.00,3.10
Pantukan,2025-01-04,23.00,20.50,26.40,94.00,21.00
Pantukan,2025-01-05,22.80,20.20,25.50,95.00,27.50
Pantukan,2025-01-06,23.40,20.20,27.50,92.00,5.20
Pantukan,2025-01-07,23.60,20.50,27.40,92.00,10.10
Pantukan,2025-01-08,23.30,20.50,26.50,93.00,3.40
Pantukan,2025-01-09,22.50,20.00,25.00,96.00,16.20
Pantukan,2025-01-10,22.70,20.50,25.80,94.00,8.50
Pantukan,2025-01-11,22.40,19.90,25.00,93.00,2.20
Pantukan,2025-01-12,22.70,20.50,26.80,93.00,11.00
Pantukan,2025-01-13,23.10,20.00,26.30,91.00,3.50
Pantukan,2025-01-14,22.80,18.60,26.50,90.00,3.90
Pantukan,2025-01-15,22.70,20.10,26.40,94.00,3.40
Pantukan,2025-01-16,23.70,20.50,28.00,92.00,4.30
Pantukan,2025-01-17,23.30,19.10,27.50,87.00,2.60
Pantukan,2025-01-18,23.30,18.10,28.00,86.00,2.40
Pantukan,2025-01-19,23.00,19.80,26.50,90.00,7.20
Pantukan,2025-01-20,23.20,21.20,25.30,96.00,11.70
Pantukan,2025-01-21,23.40,20.70,26.60,93.00,24.30
Pantukan,2025-01-22,23.50,20.40,26.40,92.00,2.90
Pantukan,2025-01-23,23.00,21.50,25.40,95.00,13.50
Pantukan,2025-01-24,23.10,20.00,26.10,92.00,9.20
Pantukan,2025-01-25,23.00,20.90,25.20,96.00,30.60
Pantukan,2025-01-26,23.40,20.60,26.60,93.00,31.60
Pantukan,2025-01-27,22.40,20.20,25.00,95.00,34.90
Pantukan,2025-01-28,23.50,20.00,27.10,89.00,2.80
Pantukan,2025-01-29,22.30,19.60,25.00,94.00,14.40
Pantukan,2025-01-30,22.90,20.70,25.50,93.00,7.30
Pantukan,2025-01-31,23.10,20.50,26.00,90.00,4.10
Pantukan,2025-02-01,22.70,18.80,27.00,89.00,5.50
Pantukan,2025-02-02,22.30,21.00,24.30,97.00,13.40
Pantukan,2025-02-03,23.60,20.70,27.30,92.00,12.00
Pantukan,2025-02-04,22.80,20.60,26.60,94.00,10.70
Pantukan,2025-02-05,22.50,21.00,24.40,96.00,19.50
Pantukan,2025-02-06,21.90,19.60,23.90,95.00,13.50
Pantukan,2025-02-07,23.00,21.00,26.10,92.00,20.80
Pantukan,2025-02-08,23.10,20.70,26.00,93.00,9.30
Pantukan,2025-02-09,23.10,19.10,27.80,91.00,16.40
Pantukan,2025-02-10,22.90,20.80,25.40,95.00,23.20
Pantukan,2025-02-11,23.40,20.80,26.50,90.00,2.80
Pantukan,2025-02-12,22.30,21.00,24.10,96.00,25.40
Pantukan,2025-02-13,23.00,20.50,26.40,93.00,12.90
Pantukan,2025-02-14,22.70,20.70,24.70,96.00,23.30
Pantukan,2025-02-15,23.00,21.10,26.00,95.00,4.10
Pantukan,2025-02-16,22.10,19.10,24.80,96.00,12.90
Pantukan,2025-02-17,22.70,19.00,26.50,91.00,5.30
Pantukan,2025-02-18,23.10,19.90,27.90,92.00,32.00
Pantukan,2025-02-19,22.80,19.50,26.10,93.00,10.10
Pantukan,2025-02-20,22.90,19.80,26.80,93.00,2.10
Pantukan,2025-02-21,22.40,20.50,24.50,96.00,18.20
Pantukan,2025-02-22,22.90,20.10,26.30,92.00,5.60
Pantukan,2025-02-23,22.40,17.90,26.40,87.00,3.10
Pantukan,2025-02-24,22.70,18.80,27.30,91.00,17.50
Pantukan,2025-02-25,22.40,21.30,23.90,97.00,11.00
Pantukan,2025-02-26,22.60,20.00,26.40,94.00,7.40
Pantukan,2025-02-27,22.90,20.40,26.90,94.00,41.50
Pantukan,2025-02-28,22.30,21.20,23.70,98.00,17.60
Pantukan,2025-03-01,22.90,19.60,26.20,92.00,6.20
Pantukan,2025-03-02,23.30,21.10,26.40,94.00,10.00
Pantukan,2025-03-03,23.30,20.40,26.20,92.00,7.60
Pantukan,2025-03-04,23.10,21.20,26.40,96.00,29.50
Pantukan,2025-03-05,22.90,20.50,25.90,95.00,16.60
Pantukan,2025-03-06,22.80,20.10,25.50,95.00,9.10
Pantukan,2025-03-07,23.20,20.30,26.10,94.00,8.90
Pantukan,2025-03-08,23.40,19.80,27.40,91.00,3.30
Pantukan,2025-03-09,22.20,20.20,24.20,95.00,17.50
Pantukan,2025-03-10,22.60,20.20,26.30,94.00,6.70
Pantukan,2025-03-11,23.20,20.00,26.40,93.00,7.00
Pantukan,2025-03-12,23.30,18.40,27.60,87.00,1.30
Pantukan,2025-03-13,23.20,17.50,27.10,84.00,4.00
Pantukan,2025-03-14,23.40,19.60,27.10,88.00,4.30
Pantukan,2025-03-15,23.90,21.00,27.50,90.00,7.20
Pantukan,2025-03-16,22.90,20.80,25.40,97.00,18.10
Pantukan,2025-03-17,23.00,20.60,26.40,94.00,18.80
Pantukan,2025-03-18,23.50,19.90,28.40,92.00,20.50
Pantukan,2025-03-19,23.40,20.80,26.90,94.00,5.90
Pantukan,2025-03-20,23.80,20.50,27.10,90.00,4.40
Pantukan,2025-03-21,22.80,20.60,26.00,94.00,9.30
Pantukan,2025-03-22,23.50,19.60,27.50,92.00,10.60
Pantukan,2025-03-23,23.00,21.60,25.40,95.00,9.70
Pantukan,2025-03-24,23.40,20.70,26.80,91.00,6.10
Pantukan,2025-03-25,23.60,19.40,27.30,88.00,1.90
Pantukan,2025-03-26,23.80,20.80,28.30,91.00,17.50
Pantukan,2025-03-27,24.10,21.60,28.00,92.00,12.70
Pantukan,2025-03-28,23.90,21.20,28.50,91.00,4.60
Pantukan,2025-03-29,23.60,20.80,28.10,92.00,28.40
Pantukan,2025-03-30,23.10,20.80,26.90,95.00,25.00
Pantukan,2025-03-31,23.30,21.20,27.00,93.00,9.70
Pantukan,2025-04-01,23.40,18.50,27.60,89.00,2.70
Pantukan,2025-04-02,23.90,20.50,27.10,88.00,2.40
Pantukan,2025-04-03,23.80,19.50,28.40,88.00,7.80
Pantukan,2025-04-04,24.00,21.40,28.20,92.00,5.60
Pantukan,2025-04-05,22.80,19.80,25.50,93.00,15.80
Pantukan,2025-04-06,23.10,21.10,25.80,96.00,12.30
Pantukan,2025-04-07,23.50,20.80,27.60,94.00,21.70
Pantukan,2025-04-08,23.30,20.20,27.90,92.00,11.80
Pantukan,2025-04-09,23.60,19.80,27.50,90.00,1.80
Pantukan,2025-04-10,23.60,19.10,28.00,88.00,9.50
Pantukan,2025-04-11,23.30,21.20,26.00,96.00,21.90
Pantukan,2025-04-12,23.60,21.40,26.90,94.00,6.50
Pantukan,2025-04-13,23.20,20.70,27.20,93.00,6.20
Pantukan,2025-04-14,23.40,21.00,26.90,94.00,8.30
Pantukan,2025-04-15,23.40,20.60,26.90,94.00,16.90
Pantukan,2025-04-16,23.80,19.80,27.40,89.00,1.30
Pantukan,2025-04-17,23.60,18.10,28.40,85.00,1.30
Pantukan,2025-04-18,23.80,20.50,27.50,88.00,3.80
Pantukan,2025-04-19,22.90,20.00,25.60,92.00,15.00
Pantukan,2025-04-20,23.40,20.60,26.20,93.00,8.60
Pantukan,2025-04-21,23.60,21.50,27.50,93.00,19.50
Pantukan,2025-04-22,23.60,20.10,28.00,93.00,19.00
Pantukan,2025-04-23,23.80,20.40,27.90,91.00,11.30
Pantukan,2025-04-24,23.80,20.40,27.90,90.00,3.30
Pantukan,2025-04-25,23.50,21.10,26.70,94.00,23.00
Pantukan,2025-04-26,22.50,20.50,24.30,96.00,16.90
Pantukan,2025-04-27,23.10,20.90,27.00,93.00,18.90
Pantukan,2025-04-28,23.20,20.00,27.90,92.00,15.40
Pantukan,2025-04-29,23.40,21.10,26.90,91.00,2.90
Pantukan,2025-04-30,22.90,20.60,25.90,95.00,23.10
Pantukan,2025-05-01,23.80,20.50,28.40,90.00,3.40
Pantukan,2025-05-02,23.10,20.80,25.20,96.00,18.80
Pantukan,2025-05-03,23.80,21.00,28.40,90.00,4.40
Pantukan,2025-05-04,24.40,21.10,28.40,87.00,2.30
Pantukan,2025-05-05,24.00,21.10,28.00,91.00,9.00
Pantukan,2025-05-06,23.60,21.20,26.00,95.00,10.90
Pantukan,2025-05-07,23.30,21.40,26.70,95.00,19.00
Pantukan,2025-05-08,24.10,21.00,28.80,90.00,8.40
Pantukan,2025-05-09,23.40,20.50,26.80,94.00,10.00
Pantukan,2025-05-10,23.90,21.00,28.80,92.00,4.50
Pantukan,2025-05-11,23.60,20.30,27.90,92.00,24.10
Pantukan,2025-05-12,24.30,20.50,28.90,87.00,1.60
Pantukan,2025-05-13,23.80,20.90,27.60,92.00,23.20
Pantukan,2025-05-14,23.40,21.30,25.90,94.00,21.20
Pantukan,2025-05-15,23.70,21.60,26.50,94.00,6.70
Pantukan,2025-05-16,23.50,21.20,28.40,94.00,19.30
Pantukan,2025-05-17,23.00,21.10,24.50,97.00,19.90
Pantukan,2025-05-18,22.90,21.80,24.80,97.00,26.60
Pantukan,2025-05-19,23.50,20.60,26.60,93.00,11.40
Pantukan,2025-05-20,22.90,20.80,25.10,96.00,29.80
Pantukan,2025-05-21,23.20,21.40,25.30,96.00,10.60
Pantukan,2025-05-22,23.10,21.50,25.90,95.00,14.00
Pantukan,2025-05-23,23.40,21.40,26.00,95.00,8.80
Pantukan,2025-05-24,23.20,20.30,26.10,95.00,7.00
Pantukan,2025-05-25,23.90,21.20,27.60,92.00,6.60
Pantukan,2025-05-26,24.10,21.40,28.20,92.00,14.10
Pantukan,2025-05-27,24.10,21.10,28.40,93.00,8.70
Pantukan,2025-05-28,23.40,21.00,25.80,96.00,18.80
Pantukan,2025-05-29,23.80,20.80,27.50,92.00,5.80
Pantukan,2025-05-30,24.30,20.80,28.20,92.00,9.30
Pantukan,2025-05-31,23.60,21.20,26.50,94.00,14.90
Pantukan,2025-06-01,23.60,21.10,26.40,93.00,29.60
Pantukan,2025-06-02,23.70,20.90,28.20,93.00,17.00
Pantukan,2025-06-03,23.60,20.80,27.60,94.00,19.70
Pantukan,2025-06-04,24.10,21.20,27.60,90.00,4.20
Pantukan,2025-06-05,23.60,21.10,27.50,93.00,31.00
Pantukan,2025-06-06,24.00,21.60,28.10,92.00,10.20
Pantukan,2025-06-07,23.90,21.50,26.60,92.00,18.70
Pantukan,2025-06-08,24.60,21.50,29.00,88.00,10.40
Pantukan,2025-06-09,24.80,20.50,29.00,83.00,0.20
Pantukan,2025-06-10,24.80,21.00,28.90,85.00,5.00
Pantukan,2025-06-11,23.80,21.50,26.50,91.00,5.60
Pantukan,2025-06-12,23.30,21.20,27.00,92.00,41.50
Pantukan,2025-06-13,23.10,20.10,25.90,94.00,17.20
Pantukan,2025-06-14,23.30,20.40,26.70,92.00,3.40
Pantukan,2025-06-15,22.80,21.60,24.50,97.00,18.30
Pantukan,2025-06-16,23.60,21.00,27.20,89.00,6.60
Pantukan,2025-06-17,23.40,21.00,26.70,92.00,13.60
Pantukan,2025-06-18,23.50,20.90,27.80,92.00,8.60
Pantukan,2025-06-19,22.70,21.00,24.60,96.00,6.90
Pantukan,2025-06-20,23.30,21.00,26.10,94.00,27.50
Pantukan,2025-06-21,23.30,20.80,27.40,91.00,13.70
Pantukan,2025-06-22,23.60,20.70,27.50,92.00,16.00
Pantukan,2025-06-23,22.80,21.10,24.90,95.00,10.40
Pantukan,2025-06-24,23.40,20.90,27.20,91.00,13.90
Pantukan,2025-06-25,23.70,20.30,27.30,89.00,2.40
Pantukan,2025-06-26,23.60,21.50,25.60,89.00,22.90
Pantukan,2025-06-27,24.10,20.20,28.40,88.00,1.50
Pantukan,2025-06-28,24.10,20.60,28.50,88.00,8.40
Pantukan,2025-06-29,23.50,21.00,27.20,93.00,26.20
Pantukan,2025-06-30,23.20,21.70,25.40,95.00,30.20
Pantukan,2025-07-01,24.10,20.60,27.80,90.00,2.50
Pantukan,2025-07-02,24.50,21.00,28.10,87.00,4.30
Pantukan,2025-07-03,24.70,21.30,28.60,84.00,0.30
Pantukan,2025-07-04,24.40,21.30,29.80,87.00,17.50
Pantukan,2025-07-05,24.20,21.00,27.80,89.00,4.40
Pantukan,2025-07-06,23.20,21.10,26.20,94.00,7.00
Pantukan,2025-07-07,23.70,20.10,28.00,89.00,21.70
Pantukan,2025-07-08,23.80,21.00,27.20,89.00,10.10
Pantukan,2025-07-09,23.90,21.90,27.80,86.00,16.00
Pantukan,2025-07-10,24.30,21.90,28.10,85.00,1.40
Pantukan,2025-07-11,23.60,21.50,27.00,89.00,6.60
Pantukan,2025-07-12,23.40,20.90,25.60,93.00,20.50
Pantukan,2025-07-13,24.40,21.20,28.50,85.00,0.60
Pantukan,2025-07-14,24.90,21.50,28.20,84.00,3.40
Pantukan,2025-07-15,24.90,22.50,28.00,85.00,12.70
Pantukan,2025-07-16,24.70,21.80,28.40,83.00,2.70
Pantukan,2025-07-17,25.00,22.90,28.00,80.00,0.40
Pantukan,2025-07-18,24.20,22.00,27.50,88.00,4.90
Pantukan,2025-07-19,24.40,21.40,27.50,87.00,2.10
Pantukan,2025-07-20,24.50,21.00,28.40,86.00,3.20
Pantukan,2025-07-21,24.50,21.20,28.20,86.00,4.70
Pantukan,2025-07-22,24.00,20.70,27.40,88.00,0.00
Pantukan,2025-07-23,24.70,20.40,29.60,82.00,4.40
Pantukan,2025-07-24,24.90,22.00,28.20,85.00,8.60
Pantukan,2025-07-25,25.10,22.60,28.80,85.00,3.70
Pantukan,2025-07-26,25.10,22.20,28.90,86.00,2.70
Pantukan,2025-07-27,24.70,21.50,29.40,85.00,7.60
Pantukan,2025-07-28,25.10,20.90,29.90,82.00,0.90
Pantukan,2025-07-29,25.30,21.80,29.00,82.00,0.40
Pantukan,2025-07-30,25.20,21.90,28.80,83.00,0.60
Pantukan,2025-07-31,25.40,21.80,29.80,80.00,0.00
Pantukan,2025-08-01,24.90,22.10,28.40,84.00,4.00
Pantukan,2025-08-02,24.60,20.50,29.40,86.00,0.90
Pantukan,2025-08-03,24.40,21.00,28.50,86.00,9.60
Pantukan,2025-08-04,23.90,20.60,29.00,91.00,29.70
Pantukan,2025-08-05,23.50,21.00,28.40,91.00,4.40
Pantukan,2025-08-06,23.50,20.70,28.20,89.00,4.60
Pantukan,2025-08-07,23.90,21.00,27.10,90.00,28.80
Pantukan,2025-08-08,23.90,21.40,27.20,88.00,4.60
Pantukan,2025-08-09,23.60,20.50,27.50,92.00,14.30
Pantukan,2025-08-10,23.40,20.60,27.90,92.00,23.80
Pantukan,2025-08-11,22.70,20.80,25.90,95.00,12.10
Pantukan,2025-08-12,23.30,20.70,27.10,91.00,9.10
Pantukan,2025-08-13,23.10,20.00,26.20,91.00,19.40
Pantukan,2025-08-14,23.00,21.00,25.50,95.00,16.80
Pantukan,2025-08-15,23.40,20.50,27.50,90.00,5.90
Pantukan,2025-08-16,23.10,20.00,28.20,92.00,19.60
Pantukan,2025-08-17,23.30,20.00,27.50,91.00,9.20
Pantukan,2025-08-18,23.20,20.50,26.90,90.00,12.60
Pantukan,2025-08-19,22.40,20.90,25.00,95.00,25.30
Pantukan,2025-08-20,23.60,19.60,28.50,87.00,2.00
Pantukan,2025-08-21,23.20,20.30,27.00,92.00,8.90
Pantukan,2025-08-22,23.10,20.50,26.60,92.00,23.90
Pantukan,2025-08-23,23.30,20.40,27.60,88.00,8.10
Pantukan,2025-08-24,23.20,20.60,25.80,91.00,4.70
Pantukan,2025-08-25,23.30,22.00,25.80,87.00,6.20
Pantukan,2025-08-26,24.30,21.50,28.10,80.00,2.50
Pantukan,2025-08-27,24.10,21.70,28.00,84.00,7.30
Pantukan,2025-08-28,24.80,22.00,28.50,78.00,3.50
Pantukan,2025-08-29,24.50,21.90,27.60,79.00,0.50
Pantukan,2025-08-30,22.70,21.00,25.10,94.00,10.20
Pantukan,2025-08-31,23.60,21.00,26.20,84.00,8.70
Pantukan,2025-09-01,23.70,20.20,28.50,85.00,6.40
Pantukan,2025-09-02,24.30,20.80,28.90,87.00,4.80
Pantukan,2025-09-03,23.50,21.00,26.50,93.00,11.70
Pantukan,2025-09-04,23.40,21.20,26.50,94.00,19.00
Pantukan,2025-09-05,23.80,20.70,27.70,89.00,5.80
Pantukan,2025-09-06,24.00,20.10,27.90,87.00,2.90
Pantukan,2025-09-07,23.40,20.70,26.50,90.00,27.40
Pantukan,2025-09-08,23.20,21.20,26.20,94.00,20.50
Pantukan,2025-09-09,23.70,20.00,28.70,88.00,15.50
Pantukan,2025-09-10,23.40,20.10,28.10,92.00,17.80
Pantukan,2025-09-11,23.70,20.10,29.10,89.00,8.60
Pantukan,2025-09-12,23.60,20.50,27.60,90.00,5.70
Pantukan,2025-09-13,24.30,20.80,28.90,87.00,3.10
Pantukan,2025-09-14,23.60,20.60,27.70,92.00,14.80
Pantukan,2025-09-15,23.70,21.00,28.20,90.00,3.60
Pantukan,2025-09-16,23.60,21.70,26.40,89.00,9.00
Pantukan,2025-09-17,23.70,21.00,27.50,88.00,8.50
Pantukan,2025-09-18,23.60,20.50,27.90,90.00,5.50
Pantukan,2025-09-19,24.00,20.70,27.60,84.00,2.20
Pantukan,2025-09-20,24.90,20.80,29.80,80.00,0.70
Pantukan,2025-09-21,24.50,21.60,29.00,87.00,8.70
Pantukan,2025-09-22,25.10,21.50,29.20,82.00,0.30
Pantukan,2025-09-23,25.10,22.30,28.60,78.00,0.00
Pantukan,2025-09-24,25.40,21.80,30.00,73.00,0.00
Pantukan,2025-09-25,25.10,21.80,29.00,74.00,0.40
Pantukan,2025-09-26,24.90,21.50,29.00,78.00,0.00
Pantukan,2025-09-27,24.10,19.70,29.70,83.00,5.40
Pantukan,2025-09-28,23.70,20.50,28.70,91.00,30.50
Pantukan,2025-09-29,23.10,20.40,27.00,93.00,12.50
Pantukan,2025-09-30,23.80,20.50,29.10,89.00,6.70
Pantukan,2025-10-01,24.00,20.10,28.60,85.00,5.30
Pantukan,2025-10-02,23.90,20.60,29.00,89.00,17.10
Pantukan,2025-10-03,23.60,20.00,28.60,88.00,8.60
Pantukan,2025-10-04,23.10,19.30,27.80,90.00,17.60
Pantukan,2025-10-05,24.00,20.30,29.20,87.00,9.90
Pantukan,2025-10-06,23.30,21.20,26.50,93.00,34.10
Pantukan,2025-10-07,23.70,21.20,27.30,90.00,18.00
Pantukan,2025-10-08,23.80,21.20,27.90,89.00,11.60
Pantukan,2025-10-09,23.80,20.80,28.00,87.00,2.60
Pantukan,2025-10-10,23.30,20.50,26.50,90.00,3.90
Pantukan,2025-10-11,24.20,21.20,28.40,88.00,3.40
Pantukan,2025-10-12,24.30,20.50,29.20,89.00,6.70
Pantukan,2025-10-13,23.60,21.90,26.30,92.00,9.20
Pantukan,2025-10-14,23.90,20.50,29.30,89.00,8.10
Pantukan,2025-10-15,24.10,20.20,29.50,86.00,8.20
Pantukan,2025-10-16,24.60,20.20,28.80,86.00,3.70
Pantukan,2025-10-17,24.30,21.80,28.10,91.00,8.20
Pantukan,2025-10-18,24.80,21.20,29.40,81.00,0.00
Pantukan,2025-10-19,24.90,21.20,29.70,81.00,3.00
Pantukan,2025-10-20,24.60,20.60,29.00,86.00,6.90
Pantukan,2025-10-21,24.20,21.20,28.50,90.00,8.00
Pantukan,2025-10-22,23.70,21.10,28.00,93.00,8.10
Pantukan,2025-10-23,24.40,20.90,29.40,89.00,10.40
Pantukan,2025-10-24,24.40,21.60,28.90,90.00,13.10
Pantukan,2025-10-25,23.30,20.50,26.00,94.00,37.90
Pantukan,2025-10-26,22.70,21.30,24.50,97.00,15.40
Pantukan,2025-10-27,23.80,20.50,27.90,85.00,8.70
Pantukan,2025-10-28,23.50,20.50,28.00,84.00,0.20
Pantukan,2025-10-29,23.30,21.60,26.20,91.00,8.20
Pantukan,2025-10-30,23.80,20.50,27.60,90.00,21.00
Pantukan,2025-10-31,24.40,21.10,27.60,87.00,1.50
Pantukan,2025-11-01,24.30,20.60,29.00,86.00,2.90
Pantukan,2025-11-02,24.40,19.90,30.40,86.00,3.80
Pantukan,2025-11-03,24.20,20.90,28.30,84.00,0.90
Pantukan,2025-11-04,24.50,22.00,28.60,88.00,12.80
Pantukan,2025-11-05,25.50,20.90,30.90,76.00,0.00
Pantukan,2025-11-06,25.90,21.20,30.80,74.00,1.00
Pantukan,2025-11-07,25.80,22.50,30.20,75.00,0.20
Pantukan,2025-11-08,25.80,22.80,29.40,76.00,0.20
Pantukan,2025-11-09,25.40,22.20,28.60,82.00,1.70
Pantukan,2025-11-10,25.40,21.20,29.90,79.00,1.00
Pantukan,2025-11-11,25.30,21.00,30.30,80.00,0.90
Pantukan,2025-11-12,23.70,20.20,28.60,89.00,17.80
Pantukan,2025-11-13,23.30,21.50,27.20,94.00,23.70
Pantukan,2025-11-14,23.30,21.80,25.90,92.00,15.70
Pantukan,2025-11-15,23.50,20.80,27.20,91.00,15.30
Pantukan,2025-11-16,23.20,21.40,25.90,94.00,5.10
Pantukan,2025-11-17,23.60,20.70,27.00,90.00,14.40
Pantukan,2025-11-18,23.00,20.50,26.00,94.00,33.30
Pantukan,2025-11-19,22.90,21.20,25.80,95.00,19.80
Pantukan,2025-11-20,23.60,19.60,27.60,87.00,2.90
Pantukan,2025-11-21,23.10,20.40,27.80,90.00,13.10
Pantukan,2025-11-22,23.90,20.00,28.40,86.00,9.00
Pantukan,2025-11-23,23.50,21.60,26.90,94.00,16.80
Pantukan,2025-11-24,23.60,21.40,26.90,90.00,3.00
Pantukan,2025-11-25,24.70,21.80,28.30,85.00,7.90
Pantukan,2025-11-26,25.00,22.10,28.60,85.00,2.80
Pantukan,2025-11-27,24.50,21.60,28.90,89.00,7.20
Pantukan,2025-11-28,24.10,21.00,28.50,92.00,6.20
Pantukan,2025-11-29,23.80,21.00,28.10,92.00,20.60
Pantukan,2025-11-30,23.90,19.30,28.90,89.00,13.40
Pantukan,2025-12-01,22.80,21.80,24.10,97.00,34.00
Pantukan,2025-12-02,23.50,20.80,26.80,92.00,5.80
Pantukan,2025-12-03,24.50,19.90,29.10,84.00,1.60
Pantukan,2025-12-04,24.10,19.60,28.40,85.00,3.50
Pantukan,2025-12-05,24.30,20.50,28.80,87.00,1.90
Pantukan,2025-12-06,24.30,20.60,29.00,87.00,1.80
Pantukan,2025-12-07,24.00,21.00,28.50,89.00,16.10
Pantukan,2025-12-08,24.10,21.00,28.20,90.00,9.50
Pantukan,2025-12-09,24.10,21.20,28.50,90.00,2.60
Pantukan,2025-12-10,24.20,19.50,28.70,82.00,1.30
Pantukan,2025-12-11,24.00,20.70,28.10,87.00,3.10
Pantukan,2025-12-12,23.90,19.90,27.90,85.00,1.10
Pantukan,2025-12-13,23.30,18.20,28.90,83.00,1.00
Pantukan,2025-12-14,23.80,19.90,29.20,86.00,3.70
Pantukan,2025-12-15,22.80,19.90,25.50,94.00,3.40
Pantukan,2025-12-16,23.30,20.20,26.60,90.00,2.30
Pantukan,2025-12-17,23.00,20.90,25.70,92.00,4.10
Pantukan,2025-12-18,22.80,21.10,25.50,95.00,11.00
Pantukan,2025-12-19,22.60,20.80,25.00,96.00,21.60
Pantukan,2025-12-20,23.50,21.10,27.10,91.00,10.50
Pantukan,2025-12-21,23.10,21.20,25.50,94.00,6.90
Pantukan,2025-12-22,23.40,20.80,26.10,92.00,2.40
Pantukan,2025-12-23,23.30,21.00,25.20,96.00,15.80
Pantukan,2025-12-24,23.80,21.40,27.80,91.00,12.20
Pantukan,2025-12-25,23.60,20.70,27.90,89.00,12.80
Pantukan,2025-12-26,23.60,18.70,27.80,88.00,1.50
Pantukan,2025-12-27,23.40,19.40,27.40,88.00,9.10
Pantukan,2025-12-28,23.50,20.80,26.00,93.00,16.80
Pantukan,2025-12-29,23.50,20.50,27.00,93.00,21.10
Pantukan,2025-12-30,24.10,21.20,28.20,89.00,6.50
Pantukan,2025-12-31,23.80,21.40,27.50,91.00,9.90
Pantukan,2026-01-01,23.70,20.50,28.80,91.00,19.50
Pantukan,2026-01-02,23.20,20.90,26.40,94.00,31.20
Pantukan,2026-01-03,23.30,20.00,26.20,92.00,4.80
Pantukan,2026-01-04,22.70,20.90,25.10,96.00,56.10
Pantukan,2026-01-05,23.20,20.80,26.40,91.00,0.70
Pantukan,2026-01-06,24.00,21.10,29.00,86.00,8.40
Pantukan,2026-01-07,23.60,20.00,28.20,91.00,3.30
Pantukan,2026-01-08,23.90,19.40,28.10,90.00,1.40
Pantukan,2026-01-09,23.70,20.00,27.60,90.00,3.80
Pantukan,2026-01-10,23.10,20.10,26.00,91.00,29.30
Pantukan,2026-01-11,23.60,20.00,27.60,89.00,1.30
Pantukan,2026-01-12,23.40,19.90,27.80,89.00,6.70
Pantukan,2026-01-13,22.90,20.20,26.00,91.00,3.40
Pantukan,2026-01-14,23.70,20.80,27.60,81.00,0.30
Pantukan,2026-01-15,24.20,20.60,27.20,78.00,1.00
Pantukan,2026-01-16,24.50,20.90,28.70,79.00,2.70
Pantukan,2026-01-17,24.40,19.00,29.50,76.00,0.00
Pantukan,2026-01-18,24.60,19.10,29.60,76.00,0.00
Pantukan,2026-01-19,24.40,20.50,29.40,85.00,2.20
Pantukan,2026-01-20,24.10,19.90,28.90,84.00,0.40
Pantukan,2026-01-21,23.90,19.90,29.00,78.00,0.00
Pantukan,2026-01-22,23.70,19.20,28.50,76.00,0.00
Pantukan,2026-01-23,24.00,20.30,28.40,74.00,0.60
Pantukan,2026-01-24,23.70,19.20,28.70,78.00,3.40
Pantukan,2026-01-25,23.10,20.30,27.40,88.00,4.40
Pantukan,2026-01-26,24.20,20.00,28.40,83.00,2.40
Pantukan,2026-01-27,24.60,21.20,28.00,86.00,5.90
Pantukan,2026-01-28,23.70,21.00,28.00,92.00,7.10
Pantukan,2026-01-29,23.20,18.70,29.00,85.00,1.70
Pantukan,2026-01-30,23.30,19.00,29.00,79.00,0.10
Pantukan,2026-01-31,23.90,18.40,29.60,78.00,1.50
Pantukan,2026-02-01,23.60,19.70,27.10,87.00,1.50
Pantukan,2026-02-02,23.50,19.40,28.40,88.00,10.00
Pantukan,2026-02-03,22.80,19.50,27.20,92.00,13.30
Pantukan,2026-02-04,23.40,20.00,27.40,84.00,0.00
Pantukan,2026-02-05,23.00,21.80,25.30,89.00,23.80
Pantukan,2026-02-06,24.60,20.50,28.90,83.00,0.80
Pantukan,2026-02-07,25.20,21.00,30.10,78.00,1.50
Pantukan,2026-02-08,24.10,21.40,27.80,88.00,8.90
Pantukan,2026-02-09,23.60,20.40,27.40,90.00,10.80
Pantukan,2026-02-10,23.30,20.50,28.00,92.00,20.70
Pantukan,2026-02-11,23.70,20.00,27.90,90.00,5.10
Pantukan,2026-02-12,23.70,20.80,27.20,91.00,11.10
Pantukan,2026-02-13,22.60,21.00,24.50,95.00,6.20
Pantukan,2026-02-14,22.90,17.90,27.90,85.00,1.40
Pantukan,2026-02-15,23.20,18.00,28.30,79.00,0.80
Pantukan,2026-02-16,23.60,19.20,27.80,82.00,4.50
Pantukan,2026-02-17,23.80,19.00,28.40,81.00,2.20
Pantukan,2026-02-18,22.20,20.70,23.70,94.00,17.80
Pantukan,2026-02-19,22.30,20.50,25.00,96.00,16.40
Pantukan,2026-02-20,21.90,21.00,23.30,96.00,46.20
Pantukan,2026-02-21,23.00,20.00,27.90,92.00,39.00
Pantukan,2026-02-22,22.10,20.20,24.00,97.00,34.80
Pantukan,2026-02-23,22.50,20.80,26.40,95.00,15.80
Pantukan,2026-02-24,23.40,20.20,27.60,92.00,14.40
Pantukan,2026-02-25,23.50,19.60,27.50,90.00,17.30
Pantukan,2026-02-26,22.80,21.00,26.10,94.00,29.30
Pantukan,2026-02-27,23.70,18.60,28.60,87.00,0.50
Pantukan,2026-02-28,23.10,21.20,27.10,93.00,8.80
Pantukan,2026-03-01,22.90,20.10,27.50,92.00,16.70
Pantukan,2026-03-02,23.70,20.10,28.40,89.00,5.30
Pantukan,2026-03-03,23.50,17.80,28.50,85.00,0.10
Pantukan,2026-03-04,23.90,20.20,28.50,89.00,10.50
Pantukan,2026-03-05,23.40,19.90,28.00,90.00,11.90
Pantukan,2026-03-06,24.00,19.60,28.50,87.00,6.20
Pantukan,2026-03-07,23.10,18.10,28.20,88.00,7.60
Pantukan,2026-03-08,23.10,19.00,27.40,92.00,32.10
Pantukan,2026-03-09,22.80,20.60,25.60,94.00,42.50
Pantukan,2026-03-10,23.20,20.70,27.00,92.00,9.10
Pantukan,2026-03-11,23.50,20.10,27.90,87.00,2.50
Pantukan,2026-03-12,22.70,17.20,28.70,88.00,7.30
Pantukan,2026-03-13,23.10,18.50,28.30,82.00,0.60
Pantukan,2026-03-14,23.10,18.80,28.10,73.00,0.00
Pantukan,2026-03-15,22.20,17.50,28.00,75.00,0.00
Pantukan,2026-03-16,22.30,17.00,28.10,77.00,0.20
Pantukan,2026-03-17,22.40,16.90,28.00,83.00,1.60
Pantukan,2026-03-18,23.40,17.50,29.00,82.00,2.00
Pantukan,2026-03-19,23.50,18.80,28.60,89.00,4.40
Pantukan,2026-03-20,23.00,17.80,27.50,87.00,3.80
Pantukan,2026-03-21,22.30,19.50,26.90,94.00,43.90
Pantukan,2026-03-22,22.60,19.20,27.00,92.00,22.30
Pantukan,2026-03-23,23.10,17.50,28.40,83.00,1.90
Pantukan,2026-03-24,23.30,18.10,28.20,87.00,3.50
Pantukan,2026-03-25,23.90,18.50,28.10,84.00,1.00
Pantukan,2026-03-26,22.70,21.80,23.60,97.00,29.90
Pantukan,2026-03-27,23.80,20.00,28.30,87.00,2.00
Pantukan,2026-03-28,24.20,19.80,29.60,84.00,1.50
Pantukan,2026-03-29,23.00,16.40,28.70,82.00,0.00
Pantukan,2026-03-30,23.20,17.40,28.90,82.00,1.70
Pantukan,2026-03-31,23.30,18.00,28.00,83.00,1.50
Pantukan,2026-04-01,24.10,20.20,28.20,85.00,2.60
Pantukan,2026-04-02,24.10,20.40,28.60,89.00,3.40
Pantukan,2026-04-03,24.10,19.00,29.00,85.00,5.40
Pantukan,2026-04-04,23.50,19.90,27.90,90.00,15.00
Pantukan,2026-04-05,24.20,20.00,28.60,88.00,4.40
Pantukan,2026-04-06,24.10,19.00,28.70,85.00,0.80
Pantukan,2026-04-07,23.80,20.50,28.40,89.00,13.10
Pantukan,2026-04-08,23.80,21.00,29.00,89.00,11.10
Pantukan,2026-04-09,23.20,18.10,28.20,86.00,2.00
Pantukan,2026-04-10,24.10,19.20,29.10,85.00,3.70
Pantukan,2026-04-11,25.00,20.60,30.50,78.00,1.20
Pantukan,2026-04-12,24.30,19.70,29.50,81.00,0.50
Pantukan,2026-04-13,24.40,17.60,30.50,75.00,0.00
Pantukan,2026-04-14,24.50,18.90,30.70,76.00,0.20
Pantukan,2026-04-15,24.60,18.50,30.60,78.00,0.10
Pantukan,2026-04-16,24.20,19.00,29.10,81.00,0.50
Pantukan,2026-04-17,24.00,20.10,28.90,81.00,2.20
Pantukan,2026-04-18,24.50,20.10,29.40,80.00,0.90
Pantukan,2026-04-19,24.50,20.80,29.40,82.00,2.40
Pantukan,2026-04-20,24.10,19.40,29.00,85.00,2.00
Pantukan,2026-04-21,24.10,19.30,28.90,83.00,1.60
Pantukan,2026-04-22,24.40,20.90,28.30,86.00,2.80
Pantukan,2026-04-23,24.40,20.90,28.90,88.00,5.00
Pantukan,2026-04-24,24.90,21.10,29.90,83.00,1.60
Pantukan,2026-04-25,24.50,20.20,29.20,83.00,20.00
Pantukan,2026-04-26,24.70,21.50,29.30,88.00,13.70
Pantukan,2026-04-27,24.70,20.90,29.90,86.00,4.20
Pantukan,2026-04-28,24.80,20.70,29.30,81.00,1.90
Pantukan,2026-04-29,25.10,19.10,30.80,77.00,0.90
Pantukan,2026-04-30,24.80,20.40,30.50,82.00,8.90
Pantukan,2026-05-01,23.50,22.10,25.70,96.00,30.00
Pantukan,2026-05-02,23.50,21.20,27.10,94.00,35.20
Pantukan,2026-05-03,23.70,20.40,28.30,92.00,26.90
Pantukan,2026-05-04,23.50,20.50,26.90,92.00,21.90
Pantukan,2026-05-05,24.10,19.30,29.20,89.00,7.80
Pantukan,2026-05-06,24.30,20.50,28.60,90.00,12.90
Pantukan,2026-05-07,24.50,21.90,28.00,92.00,9.20
Pantukan,2026-05-08,24.30,22.00,28.30,93.00,16.30
Pantukan,2026-05-09,23.80,21.60,28.00,94.00,20.20
Pantukan,2026-05-10,24.10,20.00,28.80,91.00,4.90
Pantukan,2026-05-11,25.20,21.50,29.20,87.00,2.80
Pantukan,2026-05-12,25.70,22.90,29.40,86.00,2.00
Pantukan,2026-05-13,25.50,22.20,29.90,86.00,1.30
Pantukan,2026-05-14,25.30,22.10,29.40,87.00,2.80
Pantukan,2026-05-15,24.70,22.00,28.10,93.00,8.40
Pantukan,2026-05-16,24.20,22.20,26.90,93.00,12.20
Pantukan,2026-05-17,24.10,22.20,27.80,92.00,14.90
Pantukan,2026-05-18,24.10,21.50,27.20,95.00,24.70
Pantukan,2026-05-19,24.10,21.80,27.30,94.00,23.70
Pantukan,2026-05-20,24.30,20.50,28.50,90.00,7.00
Pantukan,2026-05-21,24.30,21.20,28.20,93.00,11.40
Pantukan,2026-05-22,24.30,21.50,27.80,94.00,14.80
Pantukan,2026-05-23,23.60,22.40,25.20,98.00,43.10
Pantukan,2026-05-24,24.40,21.50,28.30,92.00,22.40
Pantukan,2026-05-25,24.60,22.20,28.50,92.00,17.30
Pantukan,2026-05-26,24.30,22.10,27.30,93.00,5.90
Pantukan,2026-05-27,24.40,21.90,28.60,93.00,9.80
Pantukan,2026-05-28,24.50,21.50,29.00,90.00,4.00
Pantukan,2026-05-29,24.50,22.20,27.90,92.00,6.80
Pantukan,2026-05-30,24.90,21.50,29.50,87.00,3.40
Pantukan,2026-05-31,24.90,22.00,28.40,86.00,8.90
New Bataan,2023-01-01,23.20,20.90,25.00,93.00,13.70
New Bataan,2023-01-02,23.10,21.80,24.70,96.00,83.90
New Bataan,2023-01-03,23.50,21.60,26.40,94.00,47.50
New Bataan,2023-01-04,23.60,22.10,25.30,96.00,35.00
New Bataan,2023-01-05,24.50,22.00,28.40,90.00,2.90
New Bataan,2023-01-06,24.90,21.30,30.10,85.00,1.90
New Bataan,2023-01-07,23.20,22.30,24.40,94.00,30.10
New Bataan,2023-01-08,22.90,21.50,24.70,95.00,17.50
New Bataan,2023-01-09,23.60,22.30,25.70,93.00,28.40
New Bataan,2023-01-10,23.80,22.30,25.60,90.00,15.50
New Bataan,2023-01-11,23.80,21.90,26.30,89.00,11.70
New Bataan,2023-01-12,23.70,21.90,25.50,93.00,21.80
New Bataan,2023-01-13,24.30,22.30,26.40,92.00,12.00
New Bataan,2023-01-14,24.00,22.30,26.10,94.00,11.80
New Bataan,2023-01-15,24.70,22.40,28.00,87.00,2.30
New Bataan,2023-01-16,24.40,21.70,28.10,88.00,10.30
New Bataan,2023-01-17,24.20,21.40,28.50,88.00,10.30
New Bataan,2023-01-18,24.50,20.70,29.90,84.00,7.70
New Bataan,2023-01-19,25.00,21.10,30.00,81.00,0.50
New Bataan,2023-01-20,24.90,21.10,28.80,84.00,1.20
New Bataan,2023-01-21,24.10,22.20,27.50,89.00,12.10
New Bataan,2023-01-22,22.90,22.00,24.40,97.00,50.60
New Bataan,2023-01-23,23.50,21.80,26.20,94.00,29.90
New Bataan,2023-01-24,23.60,21.20,26.50,92.00,10.10
New Bataan,2023-01-25,23.50,21.50,26.70,85.00,13.50
New Bataan,2023-01-26,23.50,22.10,25.20,91.00,33.20
New Bataan,2023-01-27,24.10,21.50,28.60,92.00,7.70
New Bataan,2023-01-28,25.10,20.80,30.50,82.00,0.40
New Bataan,2023-01-29,23.50,22.30,25.40,95.00,21.80
New Bataan,2023-01-30,24.10,22.10,27.80,94.00,10.30
New Bataan,2023-01-31,24.40,21.30,28.30,89.00,3.50
New Bataan,2023-02-01,24.80,20.00,30.50,79.00,0.60
New Bataan,2023-02-02,25.00,21.90,29.50,84.00,2.80
New Bataan,2023-02-03,25.10,22.30,29.60,79.00,0.30
New Bataan,2023-02-04,23.70,21.40,26.60,88.00,13.90
New Bataan,2023-02-05,23.50,19.90,28.00,92.00,10.30
New Bataan,2023-02-06,24.30,21.20,29.30,89.00,2.90
New Bataan,2023-02-07,24.10,21.30,28.90,88.00,4.20
New Bataan,2023-02-08,23.40,19.80,27.70,85.00,3.30
New Bataan,2023-02-09,24.10,20.90,28.20,87.00,1.30
New Bataan,2023-02-10,24.70,20.70,30.20,81.00,1.40
New Bataan,2023-02-11,24.80,21.60,28.80,83.00,0.90
New Bataan,2023-02-12,24.70,21.60,29.60,82.00,1.10
New Bataan,2023-02-13,23.30,22.20,24.10,95.00,13.00
New Bataan,2023-02-14,23.20,21.50,25.00,93.00,46.40
New Bataan,2023-02-15,24.00,21.90,28.40,89.00,78.10
New Bataan,2023-02-16,24.20,21.50,28.80,85.00,2.80
New Bataan,2023-02-17,23.00,22.00,23.90,93.00,21.40
New Bataan,2023-02-18,24.70,22.70,28.00,84.00,27.60
New Bataan,2023-02-19,25.00,21.10,28.60,82.00,8.60
New Bataan,2023-02-20,24.70,22.30,28.40,87.00,29.80
New Bataan,2023-02-21,24.90,22.00,29.00,87.00,20.80
New Bataan,2023-02-22,24.50,21.10,29.60,90.00,4.00
New Bataan,2023-02-23,25.30,21.40,30.50,81.00,1.10
New Bataan,2023-02-24,25.10,21.00,29.50,81.00,1.40
New Bataan,2023-02-25,25.10,21.80,30.10,82.00,0.70
New Bataan,2023-02-26,24.60,20.90,29.00,85.00,1.60
New Bataan,2023-02-27,25.60,22.00,30.80,82.00,1.30
New Bataan,2023-02-28,25.10,20.80,29.50,84.00,0.70
New Bataan,2023-03-01,25.30,22.30,29.70,85.00,6.20
New Bataan,2023-03-02,24.20,21.70,27.80,87.00,4.80
New Bataan,2023-03-03,24.50,20.80,29.00,75.00,0.70
New Bataan,2023-03-04,23.70,22.40,25.60,91.00,15.40
New Bataan,2023-03-05,24.80,20.70,29.40,80.00,4.80
New Bataan,2023-03-06,24.10,20.40,27.30,83.00,4.40
New Bataan,2023-03-07,23.90,22.20,26.20,91.00,4.60
New Bataan,2023-03-08,25.30,21.40,30.60,81.00,1.40
New Bataan,2023-03-09,25.20,22.60,29.70,84.00,2.10
New Bataan,2023-03-10,25.60,20.50,30.80,76.00,0.40
New Bataan,2023-03-11,25.10,21.30,30.10,81.00,1.70
New Bataan,2023-03-12,24.70,22.50,28.10,86.00,9.00
New Bataan,2023-03-13,24.10,22.10,27.20,90.00,27.50
New Bataan,2023-03-14,23.00,22.00,24.90,91.00,18.50
New Bataan,2023-03-15,24.70,21.10,30.40,79.00,3.20
New Bataan,2023-03-16,24.90,21.60,29.10,84.00,20.80
New Bataan,2023-03-17,25.00,21.60,29.00,87.00,3.30
New Bataan,2023-03-18,24.60,21.20,28.80,89.00,5.00
New Bataan,2023-03-19,25.40,21.40,30.30,83.00,0.90
New Bataan,2023-03-20,25.50,21.90,30.20,80.00,0.00
New Bataan,2023-03-21,25.10,19.20,31.20,76.00,0.00
New Bataan,2023-03-22,24.80,20.30,29.80,80.00,0.40
New Bataan,2023-03-23,24.80,21.00,29.50,82.00,15.80
New Bataan,2023-03-24,24.90,20.60,28.80,87.00,6.20
New Bataan,2023-03-25,25.70,21.50,30.50,83.00,0.40
New Bataan,2023-03-26,26.10,21.40,31.00,77.00,0.20
New Bataan,2023-03-27,25.50,22.20,29.90,83.00,1.20
New Bataan,2023-03-28,25.00,22.20,28.50,88.00,7.80
New Bataan,2023-03-29,24.40,22.10,28.50,91.00,13.90
New Bataan,2023-03-30,24.80,21.10,29.00,87.00,1.60
New Bataan,2023-03-31,24.40,22.50,28.40,92.00,21.90
New Bataan,2023-04-01,24.00,22.20,27.60,93.00,23.50
New Bataan,2023-04-02,24.60,22.00,28.60,88.00,5.00
New Bataan,2023-04-03,25.00,21.50,29.50,84.00,2.20
New Bataan,2023-04-04,25.20,21.00,30.40,74.00,0.00
New Bataan,2023-04-05,24.60,21.80,28.40,87.00,6.90
New Bataan,2023-04-06,25.50,22.40,29.50,77.00,0.10
New Bataan,2023-04-07,25.20,20.20,29.80,77.00,0.20
New Bataan,2023-04-08,25.40,22.30,29.30,81.00,2.60
New Bataan,2023-04-09,24.80,21.70,28.90,85.00,5.90
New Bataan,2023-04-10,24.30,21.20,27.10,83.00,1.00
New Bataan,2023-04-11,25.30,21.40,29.40,81.00,0.90
New Bataan,2023-04-12,26.10,22.50,30.50,78.00,0.40
New Bataan,2023-04-13,25.60,21.70,29.30,85.00,3.30
New Bataan,2023-04-14,25.30,22.20,29.20,89.00,4.20
New Bataan,2023-04-15,25.30,22.20,29.90,86.00,2.20
New Bataan,2023-04-16,25.00,20.90,29.10,86.00,2.30
New Bataan,2023-04-17,24.80,21.80,29.00,90.00,14.00
New Bataan,2023-04-18,25.50,20.60,30.50,82.00,0.30
New Bataan,2023-04-19,25.70,20.70,30.30,83.00,2.50
New Bataan,2023-04-20,25.70,22.50,28.90,89.00,4.80
New Bataan,2023-04-21,25.10,22.60,29.80,89.00,8.90
New Bataan,2023-04-22,25.60,21.80,30.50,84.00,5.20
New Bataan,2023-04-23,25.30,20.90,29.50,86.00,2.60
New Bataan,2023-04-24,26.60,23.30,31.10,77.00,0.30
New Bataan,2023-04-25,25.70,20.20,31.80,74.00,0.00
New Bataan,2023-04-26,25.80,20.40,31.10,75.00,0.40
New Bataan,2023-04-27,25.60,20.40,30.50,78.00,0.60
New Bataan,2023-04-28,26.80,22.10,31.90,74.00,0.20
New Bataan,2023-04-29,26.00,23.60,30.20,84.00,20.00
New Bataan,2023-04-30,25.30,23.40,30.50,91.00,15.80
New Bataan,2023-05-01,26.00,22.90,30.50,84.00,3.20
New Bataan,2023-05-02,25.10,23.40,28.80,91.00,28.50
New Bataan,2023-05-03,25.60,22.30,28.90,87.00,14.20
New Bataan,2023-05-04,25.50,22.50,29.20,89.00,8.20
New Bataan,2023-05-05,25.70,23.70,30.30,88.00,5.80
New Bataan,2023-05-06,25.40,22.50,29.70,89.00,11.70
New Bataan,2023-05-07,27.00,23.50,29.90,78.00,1.00
New Bataan,2023-05-08,27.10,23.20,31.50,76.00,1.60
New Bataan,2023-05-09,26.60,22.00,31.40,79.00,1.00
New Bataan,2023-05-10,26.40,23.10,30.00,79.00,2.50
New Bataan,2023-05-11,26.50,22.80,30.90,82.00,1.60
New Bataan,2023-05-12,26.20,22.70,31.20,82.00,0.10
New Bataan,2023-05-13,26.70,22.70,30.80,82.00,1.10
New Bataan,2023-05-14,26.20,23.60,30.80,86.00,4.30
New Bataan,2023-05-15,26.10,23.50,31.00,82.00,0.80
New Bataan,2023-05-16,25.80,22.10,30.80,81.00,9.30
New Bataan,2023-05-17,26.40,22.10,31.60,81.00,3.40
New Bataan,2023-05-18,26.10,22.00,31.20,81.00,2.20
New Bataan,2023-05-19,25.10,23.10,28.50,89.00,9.50
New Bataan,2023-05-20,25.30,22.00,29.20,86.00,2.90
New Bataan,2023-05-21,25.90,22.80,30.70,81.00,15.80
New Bataan,2023-05-22,25.80,23.10,30.40,86.00,5.80
New Bataan,2023-05-23,25.90,22.50,29.90,84.00,5.20
New Bataan,2023-05-24,25.40,23.10,29.20,87.00,21.20
New Bataan,2023-05-25,25.60,22.70,29.50,84.00,2.10
New Bataan,2023-05-26,25.70,22.60,30.70,82.00,4.80
New Bataan,2023-05-27,26.50,23.90,30.50,77.00,16.90
New Bataan,2023-05-28,27.20,23.90,30.30,72.00,4.00
New Bataan,2023-05-29,27.70,23.90,32.30,72.00,0.00
New Bataan,2023-05-30,27.60,23.80,32.00,74.00,0.00
New Bataan,2023-05-31,27.50,23.90,31.80,74.00,0.10
New Bataan,2023-06-01,27.30,23.20,31.60,73.00,0.50
New Bataan,2023-06-02,27.30,23.70,32.00,73.00,3.20
New Bataan,2023-06-03,26.40,22.80,31.80,79.00,0.40
New Bataan,2023-06-04,26.10,23.60,30.90,80.00,4.50
New Bataan,2023-06-05,25.70,23.30,30.30,86.00,3.70
New Bataan,2023-06-06,25.40,22.40,29.60,88.00,7.00
New Bataan,2023-06-07,26.00,22.70,29.80,83.00,1.90
New Bataan,2023-06-08,26.10,22.50,30.80,81.00,6.70
New Bataan,2023-06-09,26.40,22.70,30.70,80.00,1.80
New Bataan,2023-06-10,27.10,23.20,30.60,76.00,0.40
New Bataan,2023-06-11,26.30,23.00,30.00,80.00,12.10
New Bataan,2023-06-12,26.20,22.20,30.40,80.00,2.60
New Bataan,2023-06-13,26.10,22.80,30.70,85.00,2.50
New Bataan,2023-06-14,25.30,22.60,30.20,87.00,36.00
New Bataan,2023-06-15,25.10,23.00,27.50,87.00,13.70
New Bataan,2023-06-16,24.60,23.00,26.80,90.00,19.10
New Bataan,2023-06-17,25.00,22.70,28.90,88.00,31.20
New Bataan,2023-06-18,25.10,22.00,29.20,85.00,14.40
New Bataan,2023-06-19,25.10,22.90,28.90,85.00,12.50
New Bataan,2023-06-20,24.90,22.50,29.10,89.00,15.20
New Bataan,2023-06-21,24.70,21.50,28.10,87.00,16.70
New Bataan,2023-06-22,25.10,23.30,27.70,85.00,6.70
New Bataan,2023-06-23,25.00,22.80,28.00,85.00,3.50
New Bataan,2023-06-24,25.00,21.60,29.70,87.00,18.50
New Bataan,2023-06-25,25.10,22.40,29.40,87.00,4.10
New Bataan,2023-06-26,25.70,23.10,30.10,83.00,1.50
New Bataan,2023-06-27,25.60,22.50,29.00,83.00,10.70
New Bataan,2023-06-28,25.50,22.30,30.40,89.00,25.10
New Bataan,2023-06-29,25.30,21.80,29.20,86.00,6.30
New Bataan,2023-06-30,25.60,22.70,28.90,86.00,10.10
New Bataan,2023-07-01,25.40,22.10,28.30,89.00,7.10
New Bataan,2023-07-02,26.00,22.60,30.10,86.00,2.00
New Bataan,2023-07-03,24.80,23.50,27.30,93.00,35.30
New Bataan,2023-07-04,24.90,22.70,28.50,91.00,61.40
New Bataan,2023-07-05,26.00,22.50,29.40,84.00,2.60
New Bataan,2023-07-06,26.20,23.90,29.80,87.00,6.30
New Bataan,2023-07-07,26.20,23.60,30.30,86.00,3.80
New Bataan,2023-07-08,25.30,22.40,28.60,89.00,36.80
New Bataan,2023-07-09,25.10,22.20,29.10,86.00,8.30
New Bataan,2023-07-10,25.30,22.40,29.80,85.00,8.70
New Bataan,2023-07-11,26.00,22.80,30.50,85.00,5.90
New Bataan,2023-07-12,26.00,22.80,29.50,83.00,4.30
New Bataan,2023-07-13,26.40,23.20,31.10,79.00,3.40
New Bataan,2023-07-14,27.00,23.10,31.70,75.00,0.00
New Bataan,2023-07-15,27.40,24.00,31.10,73.00,0.00
New Bataan,2023-07-16,26.60,23.20,30.80,74.00,0.30
New Bataan,2023-07-17,26.40,23.80,29.30,76.00,9.10
New Bataan,2023-07-18,24.50,23.20,25.90,88.00,12.30
New Bataan,2023-07-19,25.10,22.30,28.90,80.00,1.00
New Bataan,2023-07-20,25.70,22.00,30.80,83.00,3.20
New Bataan,2023-07-21,26.30,22.40,30.80,82.00,1.00
New Bataan,2023-07-22,26.20,22.70,30.60,80.00,5.30
New Bataan,2023-07-23,27.30,24.00,30.70,69.00,3.00
New Bataan,2023-07-24,27.10,24.20,30.90,72.00,0.60
New Bataan,2023-07-25,27.50,24.20,31.80,71.00,0.10
New Bataan,2023-07-26,26.70,22.80,31.60,75.00,0.00
New Bataan,2023-07-27,26.70,23.00,31.00,77.00,1.90
New Bataan,2023-07-28,26.20,23.60,30.60,84.00,3.70
New Bataan,2023-07-29,26.40,23.60,30.80,79.00,0.70
New Bataan,2023-07-30,26.90,23.00,31.70,76.00,0.00
New Bataan,2023-07-31,26.60,22.20,31.70,76.00,0.00
New Bataan,2023-08-01,27.00,22.20,32.50,72.00,0.00
New Bataan,2023-08-02,26.80,22.20,31.70,72.00,0.10
New Bataan,2023-08-03,26.90,22.20,32.50,74.00,1.30
New Bataan,2023-08-04,27.10,22.50,32.20,77.00,3.60
New Bataan,2023-08-05,27.40,22.80,32.50,77.00,0.10
New Bataan,2023-08-06,27.00,23.00,31.70,75.00,1.40
New Bataan,2023-08-07,27.10,23.30,32.00,71.00,1.10
New Bataan,2023-08-08,27.80,23.60,32.10,68.00,0.70
New Bataan,2023-08-09,26.50,23.10,32.00,79.00,10.60
New Bataan,2023-08-10,26.20,23.40,31.20,84.00,10.00
New Bataan,2023-08-11,26.50,23.60,29.70,78.00,0.90
New Bataan,2023-08-12,25.80,22.30,30.00,80.00,4.70
New Bataan,2023-08-13,26.10,23.30,30.60,80.00,5.10
New Bataan,2023-08-14,25.90,23.00,29.80,83.00,6.20
New Bataan,2023-08-15,25.50,22.80,29.40,85.00,3.00
New Bataan,2023-08-16,25.50,22.70,29.70,86.00,5.80
New Bataan,2023-08-17,25.60,23.10,29.60,83.00,5.30
New Bataan,2023-08-18,25.70,22.90,30.50,82.00,15.80
New Bataan,2023-08-19,25.30,22.90,29.60,86.00,15.80
New Bataan,2023-08-20,25.40,22.60,30.10,85.00,19.80
New Bataan,2023-08-21,25.10,22.00,29.20,86.00,15.80
New Bataan,2023-08-22,25.10,22.10,28.80,87.00,19.90
New Bataan,2023-08-23,25.30,21.80,28.00,88.00,17.70
New Bataan,2023-08-24,25.70,21.60,30.80,84.00,8.40
New Bataan,2023-08-25,25.30,21.50,29.60,86.00,4.50
New Bataan,2023-08-26,25.90,22.40,30.60,80.00,7.60
New Bataan,2023-08-27,26.50,22.60,31.50,77.00,5.80
New Bataan,2023-08-28,27.10,22.90,31.60,73.00,0.60
New Bataan,2023-08-29,27.20,23.80,32.10,73.00,0.10
New Bataan,2023-08-30,27.20,22.90,32.40,72.00,0.00
New Bataan,2023-08-31,27.30,23.00,32.30,73.00,0.00
New Bataan,2023-09-01,27.50,23.10,32.50,74.00,0.10
New Bataan,2023-09-02,27.50,23.30,32.10,73.00,1.40
New Bataan,2023-09-03,27.40,23.30,32.00,76.00,2.30
New Bataan,2023-09-04,26.70,22.80,32.20,80.00,2.60
New Bataan,2023-09-05,25.90,22.00,31.00,84.00,8.20
New Bataan,2023-09-06,25.60,23.20,29.90,88.00,19.80
New Bataan,2023-09-07,25.20,23.30,30.00,88.00,13.50
New Bataan,2023-09-08,25.40,21.80,29.50,85.00,11.70
New Bataan,2023-09-09,25.60,22.10,29.50,84.00,0.70
New Bataan,2023-09-10,25.20,22.20,29.40,86.00,14.20
New Bataan,2023-09-11,25.70,21.80,31.40,80.00,14.70
New Bataan,2023-09-12,25.90,23.00,30.80,85.00,23.20
New Bataan,2023-09-13,25.80,22.90,30.30,84.00,7.70
New Bataan,2023-09-14,26.10,22.40,30.50,82.00,2.60
New Bataan,2023-09-15,25.00,23.10,28.50,91.00,28.10
New Bataan,2023-09-16,24.90,22.00,29.20,87.00,10.50
New Bataan,2023-09-17,24.90,22.30,29.00,91.00,22.20
New Bataan,2023-09-18,24.30,21.40,26.80,90.00,31.70
New Bataan,2023-09-19,25.30,23.10,28.10,85.00,11.00
New Bataan,2023-09-20,25.10,22.10,28.80,85.00,2.50
New Bataan,2023-09-21,25.10,22.40,29.10,87.00,13.80
New Bataan,2023-09-22,26.00,22.20,30.60,80.00,0.30
New Bataan,2023-09-23,26.60,22.40,30.50,77.00,0.70
New Bataan,2023-09-24,26.20,23.00,31.40,78.00,5.70
New Bataan,2023-09-25,25.90,23.00,31.00,80.00,20.20
New Bataan,2023-09-26,25.10,22.50,29.50,86.00,24.90
New Bataan,2023-09-27,25.90,22.40,30.40,81.00,5.70
New Bataan,2023-09-28,26.50,23.20,30.40,79.00,3.10
New Bataan,2023-09-29,26.40,23.40,29.80,82.00,3.10
New Bataan,2023-09-30,27.00,23.40,31.40,76.00,0.50
New Bataan,2023-10-01,27.20,23.90,31.30,73.00,0.00
New Bataan,2023-10-02,27.30,23.10,32.30,73.00,0.00
New Bataan,2023-10-03,26.20,22.50,30.80,81.00,14.40
New Bataan,2023-10-04,26.20,22.00,31.10,80.00,3.10
New Bataan,2023-10-05,26.20,21.90,31.70,80.00,0.20
New Bataan,2023-10-06,26.30,22.80,31.20,80.00,1.20
New Bataan,2023-10-07,26.00,22.70,29.90,80.00,0.90
New Bataan,2023-10-08,25.90,22.80,30.30,82.00,1.70
New Bataan,2023-10-09,25.00,22.80,28.10,87.00,7.80
New Bataan,2023-10-10,24.70,23.00,26.80,88.00,6.40
New Bataan,2023-10-11,25.60,22.90,29.80,83.00,2.30
New Bataan,2023-10-12,26.00,22.50,30.90,82.00,2.00
New Bataan,2023-10-13,26.20,23.60,28.60,82.00,0.80
New Bataan,2023-10-14,25.90,22.10,29.20,84.00,3.10
New Bataan,2023-10-15,25.90,22.70,30.10,83.00,9.50
New Bataan,2023-10-16,25.40,22.10,29.80,83.00,0.50
New Bataan,2023-10-17,25.50,22.70,29.30,81.00,2.80
New Bataan,2023-10-18,25.50,21.90,29.50,85.00,3.20
New Bataan,2023-10-19,25.00,21.60,29.10,88.00,17.30
New Bataan,2023-10-20,25.00,21.60,29.30,87.00,23.90
New Bataan,2023-10-21,25.30,21.60,29.70,82.00,7.40
New Bataan,2023-10-22,25.00,21.60,30.10,85.00,14.20
New Bataan,2023-10-23,25.00,21.20,30.30,85.00,3.70
New Bataan,2023-10-24,25.40,21.40,30.40,84.00,2.50
New Bataan,2023-10-25,25.40,22.50,30.60,87.00,2.60
New Bataan,2023-10-26,24.80,22.40,27.40,84.00,3.40
New Bataan,2023-10-27,25.60,22.80,29.80,81.00,2.00
New Bataan,2023-10-28,26.50,23.00,30.80,79.00,0.30
New Bataan,2023-10-29,25.40,23.20,28.80,87.00,4.90
New Bataan,2023-10-30,24.60,21.50,28.20,87.00,10.70
New Bataan,2023-10-31,26.00,21.70,30.30,80.00,1.60
New Bataan,2023-11-01,25.70,22.10,30.00,84.00,10.20
New Bataan,2023-11-02,25.80,21.50,30.00,83.00,3.20
New Bataan,2023-11-03,25.30,22.00,28.80,82.00,3.20
New Bataan,2023-11-04,25.00,22.30,29.30,86.00,20.40
New Bataan,2023-11-05,25.20,22.30,29.30,87.00,12.40
New Bataan,2023-11-06,26.00,21.40,31.80,82.00,1.00
New Bataan,2023-11-07,25.50,23.70,29.20,86.00,18.60
New Bataan,2023-11-08,25.40,23.10,29.40,91.00,14.20
New Bataan,2023-11-09,25.80,21.80,30.20,85.00,2.60
New Bataan,2023-11-10,25.10,21.60,29.10,86.00,4.80
New Bataan,2023-11-11,25.60,22.20,30.30,85.00,0.90
New Bataan,2023-11-12,25.00,21.20,30.40,82.00,1.60
New Bataan,2023-11-13,26.10,22.00,31.50,78.00,1.10
New Bataan,2023-11-14,25.60,19.90,31.10,78.00,1.00
New Bataan,2023-11-15,26.00,22.60,31.30,75.00,1.30
New Bataan,2023-11-16,24.70,22.00,26.60,89.00,13.20
New Bataan,2023-11-17,24.90,22.80,27.20,88.00,12.70
New Bataan,2023-11-18,25.90,23.40,29.40,84.00,5.70
New Bataan,2023-11-19,25.80,23.40,28.70,85.00,0.90
New Bataan,2023-11-20,25.70,22.90,30.30,86.00,7.90
New Bataan,2023-11-21,25.50,23.20,28.90,90.00,24.00
New Bataan,2023-11-22,25.20,22.10,29.00,88.00,11.00
New Bataan,2023-11-23,25.60,22.50,29.40,87.00,6.10
New Bataan,2023-11-24,25.90,22.90,29.90,84.00,2.60
New Bataan,2023-11-25,24.80,21.00,29.30,86.00,20.60
New Bataan,2023-11-26,25.70,21.40,30.80,81.00,0.80
New Bataan,2023-11-27,25.80,22.60,30.00,85.00,9.40
New Bataan,2023-11-28,25.10,21.90,28.70,86.00,10.30
New Bataan,2023-11-29,25.60,22.90,28.90,88.00,12.90
New Bataan,2023-11-30,25.90,22.70,30.00,86.00,4.30
New Bataan,2023-12-01,26.30,22.90,30.50,81.00,0.50
New Bataan,2023-12-02,25.30,21.40,30.10,87.00,9.10
New Bataan,2023-12-03,25.20,22.70,29.10,89.00,8.20
New Bataan,2023-12-04,25.30,21.00,30.00,85.00,2.10
New Bataan,2023-12-05,25.30,21.80,28.80,88.00,17.40
New Bataan,2023-12-06,25.10,23.00,27.40,91.00,9.70
New Bataan,2023-12-07,25.60,23.60,29.30,88.00,7.70
New Bataan,2023-12-08,25.60,23.40,28.60,89.00,13.60
New Bataan,2023-12-09,25.20,22.40,29.60,87.00,2.10
New Bataan,2023-12-10,25.40,21.50,31.10,77.00,0.50
New Bataan,2023-12-11,25.50,21.20,30.90,76.00,0.40
New Bataan,2023-12-12,25.00,19.70,30.70,78.00,0.70
New Bataan,2023-12-13,25.00,21.90,28.40,82.00,0.50
New Bataan,2023-12-14,25.60,22.00,30.30,80.00,0.10
New Bataan,2023-12-15,25.50,21.80,31.00,78.00,0.00
New Bataan,2023-12-16,25.50,21.30,30.80,76.00,1.00
New Bataan,2023-12-17,24.40,22.80,26.30,88.00,15.20
New Bataan,2023-12-18,23.80,22.80,25.40,97.00,35.60
New Bataan,2023-12-19,24.30,22.70,26.60,95.00,17.40
New Bataan,2023-12-20,25.70,22.10,31.40,83.00,0.50
New Bataan,2023-12-21,25.10,20.60,29.80,81.00,2.50
New Bataan,2023-12-22,24.30,21.40,28.10,86.00,7.90
New Bataan,2023-12-23,25.20,21.00,30.70,79.00,0.20
New Bataan,2023-12-24,25.00,21.30,29.90,81.00,3.80
New Bataan,2023-12-25,24.90,23.50,27.40,90.00,12.10
New Bataan,2023-12-26,26.00,22.00,30.70,82.00,1.50
New Bataan,2023-12-27,25.40,22.00,29.30,84.00,5.30
New Bataan,2023-12-28,25.80,22.80,30.60,79.00,0.70
New Bataan,2023-12-29,25.40,21.90,30.40,83.00,17.50
New Bataan,2023-12-30,24.80,22.90,27.20,93.00,27.30
New Bataan,2023-12-31,25.20,21.00,30.20,87.00,2.60
New Bataan,2024-01-01,24.90,22.40,27.50,89.00,13.10
New Bataan,2024-01-02,24.50,23.00,26.90,94.00,33.00
New Bataan,2024-01-03,24.60,21.60,27.20,88.00,1.20
New Bataan,2024-01-04,25.40,21.30,30.30,82.00,0.70
New Bataan,2024-01-05,25.20,19.90,31.10,76.00,0.00
New Bataan,2024-01-06,25.30,22.90,29.10,82.00,1.60
New Bataan,2024-01-07,25.60,21.50,31.30,80.00,0.30
New Bataan,2024-01-08,25.80,23.50,29.50,82.00,5.00
New Bataan,2024-01-09,25.30,23.00,29.40,88.00,3.80
New Bataan,2024-01-10,25.70,22.00,31.00,80.00,0.60
New Bataan,2024-01-11,25.60,21.60,30.70,77.00,0.10
New Bataan,2024-01-12,25.60,22.60,30.00,79.00,0.90
New Bataan,2024-01-13,24.90,21.50,29.60,80.00,0.80
New Bataan,2024-01-14,25.20,22.00,29.10,82.00,2.00
New Bataan,2024-01-15,24.80,23.10,28.40,91.00,32.60
New Bataan,2024-01-16,24.40,23.10,26.80,89.00,103.40
New Bataan,2024-01-17,24.20,22.50,26.90,92.00,11.20
New Bataan,2024-01-18,24.00,22.70,26.00,96.00,16.70
New Bataan,2024-01-19,24.90,22.00,29.30,86.00,2.90
New Bataan,2024-01-20,24.60,20.50,29.70,81.00,0.30
New Bataan,2024-01-21,25.30,21.20,30.20,77.00,0.30
New Bataan,2024-01-22,25.50,21.90,29.90,78.00,0.40
New Bataan,2024-01-23,25.00,21.10,29.50,78.00,0.10
New Bataan,2024-01-24,24.50,20.20,29.70,80.00,2.40
New Bataan,2024-01-25,24.70,21.00,29.50,80.00,0.00
New Bataan,2024-01-26,24.30,21.70,28.30,84.00,6.60
New Bataan,2024-01-27,23.90,20.90,27.40,80.00,1.20
New Bataan,2024-01-28,23.60,21.80,25.60,89.00,5.50
New Bataan,2024-01-29,23.50,22.50,25.10,97.00,32.60
New Bataan,2024-01-30,24.20,22.40,27.40,93.00,65.70
New Bataan,2024-01-31,23.50,22.90,24.40,98.00,44.60
New Bataan,2024-02-01,24.00,22.50,25.90,95.00,26.80
New Bataan,2024-02-02,25.40,23.10,29.40,88.00,1.20
New Bataan,2024-02-03,24.90,20.70,28.80,85.00,0.50
New Bataan,2024-02-04,24.60,21.50,27.00,91.00,13.80
New Bataan,2024-02-05,24.80,20.10,29.60,80.00,0.50
New Bataan,2024-02-06,23.70,20.60,26.60,83.00,2.60
New Bataan,2024-02-07,23.80,21.70,26.60,90.00,26.90
New Bataan,2024-02-08,24.10,22.30,25.80,94.00,4.60
New Bataan,2024-02-09,24.20,20.80,28.40,81.00,1.30
New Bataan,2024-02-10,24.70,20.40,29.40,77.00,0.50
New Bataan,2024-02-11,23.70,22.00,25.70,90.00,11.00
New Bataan,2024-02-12,24.60,21.90,28.70,80.00,0.30
New Bataan,2024-02-13,25.00,21.20,29.30,79.00,1.20
New Bataan,2024-02-14,25.20,21.60,29.90,79.00,1.90
New Bataan,2024-02-15,24.70,19.40,31.40,75.00,0.10
New Bataan,2024-02-16,25.00,20.90,29.40,84.00,1.10
New Bataan,2024-02-17,25.00,20.10,30.50,79.00,0.10
New Bataan,2024-02-18,25.60,21.70,30.30,82.00,1.20
New Bataan,2024-02-19,24.60,20.00,30.20,78.00,0.10
New Bataan,2024-02-20,24.60,20.10,31.30,76.00,0.00
New Bataan,2024-02-21,24.30,18.70,30.20,82.00,1.40
New Bataan,2024-02-22,25.30,23.20,29.00,92.00,6.30
New Bataan,2024-02-23,24.80,23.30,27.80,93.00,7.70
New Bataan,2024-02-24,25.30,21.30,30.20,83.00,0.30
New Bataan,2024-02-25,24.50,18.80,30.70,77.00,0.10
New Bataan,2024-02-26,25.00,20.20,29.00,83.00,1.50
New Bataan,2024-02-27,24.50,22.70,28.00,87.00,9.60
New Bataan,2024-02-28,23.60,21.50,26.00,92.00,10.20
New Bataan,2024-02-29,24.70,22.70,27.90,93.00,8.20
New Bataan,2024-03-01,25.70,22.70,30.00,84.00,3.00
New Bataan,2024-03-02,24.90,21.00,30.10,77.00,0.00
New Bataan,2024-03-03,24.10,19.80,29.80,75.00,0.00
New Bataan,2024-03-04,24.50,19.50,30.00,76.00,0.00
New Bataan,2024-03-05,25.40,21.10,30.50,80.00,0.40
New Bataan,2024-03-06,25.80,21.40,31.00,80.00,0.80
New Bataan,2024-03-07,24.90,20.50,30.20,74.00,0.00
New Bataan,2024-03-08,24.30,18.30,30.40,79.00,0.20
New Bataan,2024-03-09,24.40,19.70,30.20,76.00,0.00
New Bataan,2024-03-10,24.00,19.60,30.00,73.00,0.00
New Bataan,2024-03-11,24.30,19.40,30.10,71.00,0.00
New Bataan,2024-03-12,25.30,22.50,29.70,84.00,4.50
New Bataan,2024-03-13,25.00,21.10,29.00,83.00,1.40
New Bataan,2024-03-14,24.60,20.30,29.80,78.00,0.40
New Bataan,2024-03-15,24.70,20.60,30.40,73.00,0.00
New Bataan,2024-03-16,24.40,18.90,30.60,74.00,0.00
New Bataan,2024-03-17,25.30,20.60,30.90,72.00,0.00
New Bataan,2024-03-18,24.80,20.00,30.60,71.00,0.00
New Bataan,2024-03-19,25.00,20.10,30.40,73.00,0.60
New Bataan,2024-03-20,25.90,22.10,30.90,71.00,0.50
New Bataan,2024-03-21,25.50,22.20,30.00,78.00,2.90
New Bataan,2024-03-22,25.50,21.90,30.50,79.00,4.70
New Bataan,2024-03-23,25.40,20.60,31.30,74.00,0.00
New Bataan,2024-03-24,25.70,21.90,30.80,76.00,0.40
New Bataan,2024-03-25,26.60,21.30,32.80,76.00,0.70
New Bataan,2024-03-26,26.90,23.10,31.60,84.00,1.10
New Bataan,2024-03-27,26.40,22.00,31.50,80.00,1.50
New Bataan,2024-03-28,26.40,22.20,31.60,78.00,1.70
New Bataan,2024-03-29,25.40,21.90,29.10,83.00,23.30
New Bataan,2024-03-30,25.90,20.50,32.10,76.00,0.40
New Bataan,2024-03-31,26.60,22.30,32.00,73.00,0.20
New Bataan,2024-04-01,25.40,20.50,32.40,69.00,0.00
New Bataan,2024-04-02,25.60,20.60,31.90,72.00,0.00
New Bataan,2024-04-03,25.90,19.90,32.90,72.00,0.00
New Bataan,2024-04-04,26.30,22.10,32.00,73.00,0.00
New Bataan,2024-04-05,27.00,22.30,31.90,74.00,0.00
New Bataan,2024-04-06,26.60,23.90,29.80,76.00,1.60
New Bataan,2024-04-07,26.30,20.90,31.50,75.00,0.00
New Bataan,2024-04-08,24.20,17.90,29.80,76.00,0.90
New Bataan,2024-04-09,25.80,19.30,32.70,73.00,0.00
New Bataan,2024-04-10,26.50,22.50,32.40,76.00,0.80
New Bataan,2024-04-11,26.00,19.20,33.40,71.00,0.00
New Bataan,2024-04-12,26.30,20.70,33.40,71.00,0.00
New Bataan,2024-04-13,26.30,20.40,32.80,70.00,0.60
New Bataan,2024-04-14,26.40,20.00,33.40,73.00,0.10
New Bataan,2024-04-15,27.10,22.00,33.60,70.00,0.00
New Bataan,2024-04-16,27.50,22.40,33.30,69.00,0.00
New Bataan,2024-04-17,27.40,22.30,33.90,70.00,0.10
New Bataan,2024-04-18,27.50,21.80,34.70,66.00,0.00
New Bataan,2024-04-19,27.00,21.50,33.30,68.00,0.20
New Bataan,2024-04-20,26.30,19.40,32.90,66.00,0.00
New Bataan,2024-04-21,26.20,24.30,29.40,87.00,19.60
New Bataan,2024-04-22,27.80,22.90,33.70,77.00,2.10
New Bataan,2024-04-23,27.60,23.30,32.60,77.00,0.70
New Bataan,2024-04-24,28.00,23.60,33.30,75.00,0.40
New Bataan,2024-04-25,28.00,22.00,34.80,69.00,0.20
New Bataan,2024-04-26,27.70,24.00,33.00,77.00,7.20
New Bataan,2024-04-27,26.70,23.80,30.80,85.00,2.20
New Bataan,2024-04-28,27.20,21.90,33.70,76.00,0.10
New Bataan,2024-04-29,27.30,23.60,31.90,73.00,1.40
New Bataan,2024-04-30,25.30,23.20,30.60,91.00,33.40
New Bataan,2024-05-01,26.50,21.50,31.60,82.00,0.40
New Bataan,2024-05-02,26.70,22.00,33.50,74.00,0.00
New Bataan,2024-05-03,26.20,19.40,33.20,69.00,0.00
New Bataan,2024-05-04,26.30,23.40,30.20,78.00,0.80
New Bataan,2024-05-05,27.10,21.90,33.40,72.00,0.00
New Bataan,2024-05-06,27.10,23.30,32.00,74.00,2.00
New Bataan,2024-05-07,26.60,21.10,32.80,68.00,0.10
New Bataan,2024-05-08,26.90,21.90,32.90,71.00,0.50
New Bataan,2024-05-09,26.50,21.40,32.90,77.00,3.20
New Bataan,2024-05-10,26.80,22.40,32.00,80.00,0.60
New Bataan,2024-05-11,27.30,21.90,33.30,77.00,1.50
New Bataan,2024-05-12,26.30,23.20,29.70,86.00,11.10
New Bataan,2024-05-13,27.40,23.00,33.00,79.00,0.70
New Bataan,2024-05-14,27.70,22.10,33.80,75.00,0.80
New Bataan,2024-05-15,27.60,22.10,32.90,76.00,1.50
New Bataan,2024-05-16,27.80,23.90,33.30,77.00,0.90
New Bataan,2024-05-17,27.80,21.50,34.60,71.00,0.00
New Bataan,2024-05-18,28.30,22.00,34.50,68.00,0.00
New Bataan,2024-05-19,28.10,22.60,33.90,72.00,0.00
New Bataan,2024-05-20,28.10,23.50,32.90,77.00,3.50
New Bataan,2024-05-21,26.80,24.00,31.00,85.00,17.10
New Bataan,2024-05-22,27.60,23.30,33.30,79.00,0.30
New Bataan,2024-05-23,27.40,21.90,33.50,78.00,3.50
New Bataan,2024-05-24,27.20,25.20,30.70,77.00,1.50
New Bataan,2024-05-25,28.10,23.10,32.90,75.00,3.60
New Bataan,2024-05-26,26.20,24.10,30.10,91.00,19.70
New Bataan,2024-05-27,26.70,23.50,31.50,83.00,6.10
New Bataan,2024-05-28,26.80,24.60,30.70,85.00,3.90
New Bataan,2024-05-29,26.70,22.60,31.70,82.00,9.70
New Bataan,2024-05-30,26.60,23.10,30.60,85.00,9.70
New Bataan,2024-05-31,26.80,22.40,32.50,83.00,1.80
New Bataan,2024-06-01,27.30,24.20,32.20,83.00,5.10
New Bataan,2024-06-02,26.30,23.00,30.40,87.00,4.50
New Bataan,2024-06-03,27.20,24.10,32.30,82.00,6.50
New Bataan,2024-06-04,26.60,23.10,30.50,84.00,5.80
New Bataan,2024-06-05,27.20,23.20,32.20,79.00,0.50
New Bataan,2024-06-06,26.30,22.80,30.80,85.00,11.90
New Bataan,2024-06-07,25.80,23.50,29.30,87.00,8.70
New Bataan,2024-06-08,25.80,22.40,30.70,84.00,19.20
New Bataan,2024-06-09,26.10,22.70,30.00,84.00,10.30
New Bataan,2024-06-10,25.80,23.30,28.50,85.00,7.50
New Bataan,2024-06-11,26.30,22.50,31.20,83.00,14.40
New Bataan,2024-06-12,26.00,22.70,30.10,83.00,5.80
New Bataan,2024-06-13,25.20,23.60,26.70,90.00,11.40
New Bataan,2024-06-14,26.20,23.10,30.30,80.00,11.00
New Bataan,2024-06-15,25.80,22.30,31.10,82.00,1.60
New Bataan,2024-06-16,25.50,23.30,30.20,88.00,10.80
New Bataan,2024-06-17,25.50,23.00,29.00,87.00,31.50
New Bataan,2024-06-18,25.80,22.50,30.20,84.00,19.70
New Bataan,2024-06-19,24.90,23.20,27.30,89.00,3.90
New Bataan,2024-06-20,24.80,23.40,26.10,90.00,16.80
New Bataan,2024-06-21,25.60,22.50,29.30,87.00,17.80
New Bataan,2024-06-22,25.20,22.40,28.40,87.00,13.00
New Bataan,2024-06-23,25.60,22.10,29.90,83.00,10.90
New Bataan,2024-06-24,25.10,21.80,28.40,87.00,16.80
New Bataan,2024-06-25,25.70,22.80,29.70,88.00,5.50
New Bataan,2024-06-26,24.30,22.90,25.80,93.00,20.20
New Bataan,2024-06-27,25.30,21.70,29.20,88.00,13.80
New Bataan,2024-06-28,25.70,21.70,30.30,84.00,0.60
New Bataan,2024-06-29,26.40,22.40,30.50,82.00,0.60
New Bataan,2024-06-30,25.30,22.20,28.80,88.00,34.70
New Bataan,2024-07-01,25.10,23.10,28.30,91.00,21.90
New Bataan,2024-07-02,24.80,22.70,27.70,91.00,25.60
New Bataan,2024-07-03,25.40,21.90,29.50,86.00,3.90
New Bataan,2024-07-04,24.60,21.60,28.30,86.00,1.20
New Bataan,2024-07-05,25.00,21.50,28.40,85.00,10.00
New Bataan,2024-07-06,25.20,22.00,29.50,86.00,16.20
New Bataan,2024-07-07,25.40,21.40,29.90,85.00,7.70
New Bataan,2024-07-08,24.80,22.70,27.20,88.00,2.30
New Bataan,2024-07-09,25.40,22.00,29.70,83.00,12.50
New Bataan,2024-07-10,25.40,22.20,30.10,85.00,1.40
New Bataan,2024-07-11,25.10,23.00,28.50,88.00,21.40
New Bataan,2024-07-12,24.70,22.80,27.30,90.00,33.10
New Bataan,2024-07-13,25.30,22.10,29.80,85.00,5.50
New Bataan,2024-07-14,24.80,22.90,27.10,87.00,11.50
New Bataan,2024-07-15,24.80,23.10,27.70,89.00,15.60
New Bataan,2024-07-16,24.80,22.60,28.30,86.00,17.90
New Bataan,2024-07-17,25.50,22.40,28.60,87.00,1.60
New Bataan,2024-07-18,25.30,23.40,28.00,90.00,12.00
New Bataan,2024-07-19,25.20,22.60,28.00,88.00,10.10
New Bataan,2024-07-20,26.30,22.50,30.90,83.00,0.90
New Bataan,2024-07-21,26.60,22.80,31.60,83.00,1.60
New Bataan,2024-07-22,26.50,23.20,29.50,81.00,0.60
New Bataan,2024-07-23,27.10,24.00,30.70,78.00,0.00
New Bataan,2024-07-24,27.40,23.40,31.40,76.00,0.30
New Bataan,2024-07-25,27.00,23.40,30.60,80.00,0.00
New Bataan,2024-07-26,26.60,24.20,30.50,85.00,2.90
New Bataan,2024-07-27,25.50,23.60,27.60,81.00,2.50
New Bataan,2024-07-28,25.10,21.80,29.90,86.00,27.00
New Bataan,2024-07-29,25.10,21.80,29.20,87.00,16.70
New Bataan,2024-07-30,25.60,22.30,29.30,85.00,2.80
New Bataan,2024-07-31,25.40,22.00,28.10,86.00,15.00
New Bataan,2024-08-01,25.10,22.20,28.40,86.00,18.30
New Bataan,2024-08-02,25.70,21.80,30.60,84.00,11.60
New Bataan,2024-08-03,26.30,22.10,31.30,79.00,0.40
New Bataan,2024-08-04,26.60,22.90,30.50,78.00,0.10
New Bataan,2024-08-05,26.70,23.10,31.40,78.00,0.20
New Bataan,2024-08-06,26.20,22.80,30.10,82.00,20.60
New Bataan,2024-08-07,26.20,22.00,29.40,80.00,6.10
New Bataan,2024-08-08,25.40,22.70,29.80,87.00,5.80
New Bataan,2024-08-09,25.10,22.70,28.70,88.00,26.90
New Bataan,2024-08-10,26.20,21.80,30.90,81.00,0.30
New Bataan,2024-08-11,25.90,22.50,29.70,84.00,15.60
New Bataan,2024-08-12,25.60,22.50,30.10,87.00,8.20
New Bataan,2024-08-13,25.30,22.20,29.20,85.00,9.70
New Bataan,2024-08-14,25.90,22.40,30.30,83.00,3.60
New Bataan,2024-08-15,26.10,22.30,30.20,83.00,1.00
New Bataan,2024-08-16,25.30,22.60,29.10,89.00,11.80
New Bataan,2024-08-17,25.70,22.30,29.20,85.00,12.80
New Bataan,2024-08-18,25.50,21.80,30.70,85.00,8.20
New Bataan,2024-08-19,26.00,21.80,29.60,82.00,7.30
New Bataan,2024-08-20,25.50,22.90,28.50,85.00,5.60
New Bataan,2024-08-21,25.80,22.20,29.80,86.00,7.10
New Bataan,2024-08-22,25.70,22.40,29.80,86.00,18.00
New Bataan,2024-08-23,25.90,23.00,29.70,87.00,16.20
New Bataan,2024-08-24,24.90,22.30,27.00,88.00,4.00
New Bataan,2024-08-25,25.90,22.50,30.40,83.00,6.90
New Bataan,2024-08-26,26.50,22.80,30.10,85.00,3.60
New Bataan,2024-08-27,26.20,23.20,31.30,81.00,3.40
New Bataan,2024-08-28,26.50,22.00,31.00,78.00,0.50
New Bataan,2024-08-29,25.10,23.20,26.30,88.00,9.30
New Bataan,2024-08-30,26.10,23.30,30.40,82.00,0.90
New Bataan,2024-08-31,24.90,23.70,26.10,89.00,7.20
New Bataan,2024-09-01,26.30,23.30,30.80,80.00,0.20
New Bataan,2024-09-02,27.20,23.00,32.30,74.00,0.10
New Bataan,2024-09-03,26.80,22.70,31.90,80.00,0.10
New Bataan,2024-09-04,26.80,22.70,31.90,80.00,0.30
New Bataan,2024-09-05,26.60,22.60,32.40,77.00,1.40
New Bataan,2024-09-06,26.10,23.50,29.90,83.00,19.10
New Bataan,2024-09-07,26.70,23.90,30.70,85.00,2.60
New Bataan,2024-09-08,26.00,22.60,31.00,85.00,10.20
New Bataan,2024-09-09,26.00,22.30,31.10,84.00,8.30
New Bataan,2024-09-10,25.70,22.30,29.90,84.00,4.20
New Bataan,2024-09-11,26.30,22.90,30.70,81.00,3.10
New Bataan,2024-09-12,26.30,24.30,28.50,77.00,10.80
New Bataan,2024-09-13,26.30,22.60,30.10,77.00,1.80
New Bataan,2024-09-14,27.00,23.40,31.10,71.00,0.00
New Bataan,2024-09-15,26.50,23.00,30.40,74.00,0.80
New Bataan,2024-09-16,27.00,23.50,31.50,74.00,0.80
New Bataan,2024-09-17,27.50,24.00,31.90,71.00,0.00
New Bataan,2024-09-18,27.60,23.90,32.50,70.00,0.10
New Bataan,2024-09-19,26.50,23.60,30.60,82.00,0.90
New Bataan,2024-09-20,26.20,23.80,30.70,88.00,1.70
New Bataan,2024-09-21,25.80,22.70,29.80,87.00,21.70
New Bataan,2024-09-22,25.10,22.60,28.20,87.00,9.50
New Bataan,2024-09-23,25.30,21.90,28.60,85.00,4.90
New Bataan,2024-09-24,24.40,21.60,27.80,90.00,25.10
New Bataan,2024-09-25,25.30,22.30,28.70,87.00,12.70
New Bataan,2024-09-26,25.60,21.90,30.50,87.00,12.70
New Bataan,2024-09-27,25.50,21.90,31.80,82.00,4.00
New Bataan,2024-09-28,26.40,21.90,31.40,79.00,0.60
New Bataan,2024-09-29,26.60,22.70,31.10,80.00,6.30
New Bataan,2024-09-30,25.20,22.30,28.50,86.00,21.40
New Bataan,2024-10-01,25.30,22.00,28.70,85.00,8.10
New Bataan,2024-10-02,26.00,23.10,30.40,86.00,5.20
New Bataan,2024-10-03,24.80,21.50,27.50,89.00,5.30
New Bataan,2024-10-04,26.30,22.90,30.10,85.00,1.40
New Bataan,2024-10-05,26.60,22.20,30.90,80.00,0.20
New Bataan,2024-10-06,26.60,22.60,31.60,78.00,0.40
New Bataan,2024-10-07,26.60,22.80,31.20,78.00,1.50
New Bataan,2024-10-08,26.10,22.30,31.00,81.00,12.80
New Bataan,2024-10-09,26.10,22.30,30.50,82.00,5.50
New Bataan,2024-10-10,26.20,22.50,31.10,81.00,8.60
New Bataan,2024-10-11,25.90,22.60,31.40,84.00,8.90
New Bataan,2024-10-12,25.30,21.80,28.50,85.00,21.30
New Bataan,2024-10-13,26.00,21.70,29.00,82.00,0.00
New Bataan,2024-10-14,25.70,22.90,29.20,85.00,7.80
New Bataan,2024-10-15,25.40,21.80,29.00,85.00,2.80
New Bataan,2024-10-16,25.50,21.70,29.10,85.00,9.20
New Bataan,2024-10-17,25.90,22.10,29.90,82.00,0.20
New Bataan,2024-10-18,26.00,22.40,30.10,84.00,2.40
New Bataan,2024-10-19,25.90,22.50,30.60,85.00,5.00
New Bataan,2024-10-20,26.20,23.10,31.50,81.00,3.20
New Bataan,2024-10-21,26.80,24.50,30.20,75.00,3.70
New Bataan,2024-10-22,26.90,23.50,30.10,73.00,0.00
New Bataan,2024-10-23,27.30,23.20,31.30,70.00,0.20
New Bataan,2024-10-24,27.40,23.10,32.30,69.00,0.00
New Bataan,2024-10-25,27.20,23.10,32.50,72.00,1.50
New Bataan,2024-10-26,26.60,24.10,29.60,77.00,1.00
New Bataan,2024-10-27,27.10,24.50,30.30,67.00,0.70
New Bataan,2024-10-28,27.30,23.20,31.30,71.00,14.50
New Bataan,2024-10-29,27.40,24.50,31.30,69.00,3.70
New Bataan,2024-10-30,26.90,23.40,32.70,73.00,1.90
New Bataan,2024-10-31,26.50,22.90,32.20,76.00,6.60
New Bataan,2024-11-01,26.00,22.00,31.00,80.00,0.90
New Bataan,2024-11-02,25.30,22.10,29.70,84.00,9.40
New Bataan,2024-11-03,25.00,21.20,30.70,85.00,3.30
New Bataan,2024-11-04,24.80,21.30,29.40,86.00,7.80
New Bataan,2024-11-05,24.90,21.80,27.90,85.00,13.20
New Bataan,2024-11-06,26.00,22.40,31.60,79.00,0.30
New Bataan,2024-11-07,25.40,22.30,30.20,85.00,14.00
New Bataan,2024-11-08,25.90,21.30,31.10,81.00,2.60
New Bataan,2024-11-09,26.00,21.30,31.10,80.00,0.10
New Bataan,2024-11-10,26.30,21.90,30.80,81.00,0.60
New Bataan,2024-11-11,26.00,22.10,30.60,83.00,6.00
New Bataan,2024-11-12,25.90,21.70,31.60,83.00,0.60
New Bataan,2024-11-13,27.00,22.50,33.30,74.00,1.00
New Bataan,2024-11-14,27.70,22.10,34.30,72.00,0.60
New Bataan,2024-11-15,26.60,22.30,33.20,77.00,2.90
New Bataan,2024-11-16,26.20,22.90,31.30,83.00,3.60
New Bataan,2024-11-17,26.60,22.50,32.30,78.00,3.30
New Bataan,2024-11-18,26.00,22.50,31.80,83.00,2.30
New Bataan,2024-11-19,26.30,23.10,31.80,81.00,0.80
New Bataan,2024-11-20,26.80,23.00,32.10,77.00,1.00
New Bataan,2024-11-21,27.00,21.60,33.50,70.00,0.10
New Bataan,2024-11-22,26.00,23.40,31.80,86.00,8.10
New Bataan,2024-11-23,25.20,23.00,29.10,90.00,9.00
New Bataan,2024-11-24,25.50,23.00,29.20,87.00,17.50
New Bataan,2024-11-25,25.60,22.80,29.90,87.00,2.10
New Bataan,2024-11-26,26.40,22.30,32.40,80.00,4.80
New Bataan,2024-11-27,25.70,23.70,29.90,89.00,5.70
New Bataan,2024-11-28,24.90,23.20,27.10,95.00,12.90
New Bataan,2024-11-29,24.70,23.50,27.10,95.00,38.40
New Bataan,2024-11-30,24.80,23.10,27.80,94.00,14.60
New Bataan,2024-12-01,24.80,23.60,27.00,95.00,11.30
New Bataan,2024-12-02,25.40,22.90,29.40,89.00,4.50
New Bataan,2024-12-03,25.50,22.10,29.00,88.00,1.60
New Bataan,2024-12-04,25.40,21.50,31.30,80.00,0.10
New Bataan,2024-12-05,25.80,21.00,31.30,78.00,0.00
New Bataan,2024-12-06,26.20,22.70,30.60,79.00,0.30
New Bataan,2024-12-07,24.80,22.40,28.10,89.00,18.30
New Bataan,2024-12-08,24.20,23.20,25.80,97.00,17.80
New Bataan,2024-12-09,25.00,23.50,28.00,95.00,34.60
New Bataan,2024-12-10,24.70,23.10,26.70,94.00,27.30
New Bataan,2024-12-11,25.00,22.90,28.80,93.00,14.20
New Bataan,2024-12-12,24.60,22.90,26.50,95.00,7.20
New Bataan,2024-12-13,24.50,21.00,28.70,88.00,3.40
New Bataan,2024-12-14,24.90,21.20,29.50,82.00,1.50
New Bataan,2024-12-15,24.80,22.20,28.10,85.00,2.20
New Bataan,2024-12-16,23.80,22.30,25.30,95.00,26.90
New Bataan,2024-12-17,23.50,22.60,24.80,97.00,18.10
New Bataan,2024-12-18,24.50,22.50,26.80,91.00,5.90
New Bataan,2024-12-19,24.90,23.00,28.10,90.00,12.00
New Bataan,2024-12-20,24.80,23.20,28.10,95.00,41.00
New Bataan,2024-12-21,25.00,23.00,27.60,92.00,21.20
New Bataan,2024-12-22,25.10,22.70,28.80,91.00,5.80
New Bataan,2024-12-23,25.60,23.20,29.30,85.00,8.60
New Bataan,2024-12-24,25.00,23.70,26.80,91.00,14.00
New Bataan,2024-12-25,24.40,23.10,26.00,93.00,37.90
New Bataan,2024-12-26,24.30,22.60,26.40,95.00,20.30
New Bataan,2024-12-27,24.10,22.80,25.30,97.00,22.70
New Bataan,2024-12-28,24.80,22.80,28.00,92.00,7.90
New Bataan,2024-12-29,25.10,22.90,28.40,90.00,24.20
New Bataan,2024-12-30,24.80,22.80,26.90,94.00,28.20
New Bataan,2024-12-31,24.50,23.00,27.00,93.00,26.60
New Bataan,2025-01-01,24.50,22.90,26.30,91.00,8.00
New Bataan,2025-01-02,24.80,23.10,28.80,91.00,10.80
New Bataan,2025-01-03,24.90,22.40,27.70,87.00,2.70
New Bataan,2025-01-04,24.50,22.50,27.70,93.00,27.80
New Bataan,2025-01-05,24.40,22.20,27.30,93.00,24.70
New Bataan,2025-01-06,25.10,22.80,28.50,88.00,1.80
New Bataan,2025-01-07,24.80,22.30,28.30,90.00,10.30
New Bataan,2025-01-08,24.60,22.60,28.10,91.00,9.30
New Bataan,2025-01-09,24.30,22.70,26.40,92.00,34.30
New Bataan,2025-01-10,24.20,22.30,27.00,90.00,22.20
New Bataan,2025-01-11,24.70,21.90,28.20,86.00,0.70
New Bataan,2025-01-12,24.20,22.10,26.60,90.00,29.80
New Bataan,2025-01-13,24.90,22.30,29.50,85.00,2.70
New Bataan,2025-01-14,24.70,21.40,29.40,84.00,1.40
New Bataan,2025-01-15,23.90,22.00,26.30,94.00,4.70
New Bataan,2025-01-16,24.80,21.60,29.50,87.00,1.80
New Bataan,2025-01-17,25.10,21.50,30.20,78.00,0.00
New Bataan,2025-01-18,24.40,20.20,30.40,79.00,0.00
New Bataan,2025-01-19,24.80,22.30,27.40,88.00,11.30
New Bataan,2025-01-20,24.40,22.50,26.60,95.00,13.20
New Bataan,2025-01-21,24.80,21.40,28.40,90.00,1.90
New Bataan,2025-01-22,25.20,21.60,30.30,84.00,2.10
New Bataan,2025-01-23,24.30,21.50,27.80,91.00,29.00
New Bataan,2025-01-24,24.90,21.70,28.60,89.00,11.60
New Bataan,2025-01-25,24.90,23.10,27.80,93.00,39.10
New Bataan,2025-01-26,24.60,22.30,27.60,89.00,12.40
New Bataan,2025-01-27,24.30,21.80,27.00,93.00,30.30
New Bataan,2025-01-28,24.80,21.70,29.70,83.00,0.30
New Bataan,2025-01-29,23.70,22.30,25.60,92.00,21.20
New Bataan,2025-01-30,24.70,22.30,29.80,87.00,1.40
New Bataan,2025-01-31,25.30,21.90,30.30,82.00,1.20
New Bataan,2025-02-01,24.40,20.60,29.40,87.00,6.90
New Bataan,2025-02-02,24.30,22.60,26.30,94.00,6.30
New Bataan,2025-02-03,24.70,21.40,29.30,84.00,0.70
New Bataan,2025-02-04,24.60,22.10,28.40,84.00,0.30
New Bataan,2025-02-05,24.00,22.90,25.20,92.00,20.40
New Bataan,2025-02-06,23.90,22.70,26.10,92.00,11.90
New Bataan,2025-02-07,24.10,22.80,26.70,91.00,37.70
New Bataan,2025-02-08,24.60,22.30,28.40,90.00,24.80
New Bataan,2025-02-09,24.70,21.70,28.70,88.00,12.70
New Bataan,2025-02-10,24.00,22.60,25.80,95.00,7.70
New Bataan,2025-02-11,24.80,21.40,28.90,84.00,0.20
New Bataan,2025-02-12,23.90,22.90,25.10,92.00,21.90
New Bataan,2025-02-13,24.00,22.40,26.60,92.00,23.00
New Bataan,2025-02-14,24.40,22.40,27.20,89.00,8.30
New Bataan,2025-02-15,24.90,22.20,29.20,90.00,4.40
New Bataan,2025-02-16,23.60,20.00,26.80,92.00,9.90
New Bataan,2025-02-17,23.60,20.00,27.30,92.00,40.20
New Bataan,2025-02-18,24.60,21.40,29.90,87.00,0.70
New Bataan,2025-02-19,24.10,20.90,28.00,91.00,13.30
New Bataan,2025-02-20,24.80,22.20,29.70,90.00,4.00
New Bataan,2025-02-21,23.50,21.90,25.60,96.00,6.50
New Bataan,2025-02-22,24.60,21.50,30.30,87.00,1.20
New Bataan,2025-02-23,24.50,19.70,29.70,80.00,0.60
New Bataan,2025-02-24,24.40,21.30,28.50,87.00,3.30
New Bataan,2025-02-25,23.70,22.50,25.80,97.00,8.60
New Bataan,2025-02-26,24.30,21.60,28.50,89.00,4.70
New Bataan,2025-02-27,23.90,22.00,26.70,94.00,3.90
New Bataan,2025-02-28,23.90,22.50,25.70,98.00,14.40
New Bataan,2025-03-01,24.70,20.40,29.30,89.00,4.10
New Bataan,2025-03-02,25.30,22.20,30.30,85.00,1.40
New Bataan,2025-03-03,24.70,23.00,27.30,93.00,24.60
New Bataan,2025-03-04,24.50,22.90,27.60,94.00,44.40
New Bataan,2025-03-05,24.30,22.40,27.40,95.00,42.70
New Bataan,2025-03-06,24.30,21.90,27.00,93.00,16.50
New Bataan,2025-03-07,25.20,21.50,29.50,86.00,1.00
New Bataan,2025-03-08,25.60,21.50,31.70,79.00,0.60
New Bataan,2025-03-09,25.00,21.70,29.00,81.00,1.00
New Bataan,2025-03-10,25.00,22.70,28.90,88.00,4.60
New Bataan,2025-03-11,25.30,22.00,30.60,83.00,2.70
New Bataan,2025-03-12,25.00,20.20,31.50,78.00,0.10
New Bataan,2025-03-13,24.70,19.40,30.80,79.00,0.10
New Bataan,2025-03-14,25.60,21.60,31.20,80.00,0.70
New Bataan,2025-03-15,26.00,23.10,30.50,83.00,1.50
New Bataan,2025-03-16,24.80,22.50,28.20,92.00,32.70
New Bataan,2025-03-17,24.60,21.70,27.90,90.00,20.20
New Bataan,2025-03-18,25.30,22.20,30.10,85.00,1.40
New Bataan,2025-03-19,25.40,23.20,29.40,90.00,13.60
New Bataan,2025-03-20,25.80,22.60,31.40,84.00,1.30
New Bataan,2025-03-21,24.60,22.60,27.50,88.00,19.80
New Bataan,2025-03-22,25.80,22.70,30.70,81.00,2.90
New Bataan,2025-03-23,24.60,23.10,27.20,91.00,10.10
New Bataan,2025-03-24,25.00,21.60,28.70,83.00,2.50
New Bataan,2025-03-25,24.80,20.80,29.00,87.00,1.80
New Bataan,2025-03-26,25.00,22.80,28.70,90.00,9.90
New Bataan,2025-03-27,25.40,22.80,29.60,90.00,7.20
New Bataan,2025-03-28,25.20,23.30,28.50,88.00,16.90
New Bataan,2025-03-29,24.70,22.60,27.80,90.00,31.40
New Bataan,2025-03-30,24.60,22.70,28.00,94.00,21.30
New Bataan,2025-03-31,25.40,22.00,30.60,87.00,6.10
New Bataan,2025-04-01,25.20,20.30,31.10,80.00,0.10
New Bataan,2025-04-02,25.40,20.50,30.40,82.00,2.10
New Bataan,2025-04-03,25.50,21.00,29.90,83.00,0.60
New Bataan,2025-04-04,25.40,21.90,30.00,83.00,2.50
New Bataan,2025-04-05,24.00,20.60,27.40,88.00,25.90
New Bataan,2025-04-06,24.60,23.00,27.40,93.00,38.00
New Bataan,2025-04-07,24.40,22.30,27.40,92.00,19.00
New Bataan,2025-04-08,25.50,22.80,30.80,89.00,4.00
New Bataan,2025-04-09,25.60,21.60,31.50,80.00,0.30
New Bataan,2025-04-10,25.00,20.80,29.20,87.00,7.60
New Bataan,2025-04-11,25.30,22.70,29.10,90.00,15.70
New Bataan,2025-04-12,25.10,23.30,27.60,95.00,21.00
New Bataan,2025-04-13,25.40,22.60,29.90,91.00,8.10
New Bataan,2025-04-14,24.80,22.40,29.30,94.00,11.90
New Bataan,2025-04-15,24.90,21.80,28.40,91.00,27.60
New Bataan,2025-04-16,25.50,21.10,31.40,80.00,0.60
New Bataan,2025-04-17,25.10,19.90,31.30,81.00,0.80
New Bataan,2025-04-18,26.20,22.20,31.70,77.00,0.10
New Bataan,2025-04-19,25.40,21.80,30.00,84.00,2.40
New Bataan,2025-04-20,25.80,21.70,30.00,85.00,1.60
New Bataan,2025-04-21,25.90,23.00,30.30,87.00,1.50
New Bataan,2025-04-22,26.10,22.00,31.30,79.00,0.60
New Bataan,2025-04-23,26.10,22.00,31.70,76.00,0.20
New Bataan,2025-04-24,26.40,22.60,31.90,75.00,0.30
New Bataan,2025-04-25,25.90,22.10,30.50,81.00,1.10
New Bataan,2025-04-26,24.80,23.10,26.60,90.00,13.50
New Bataan,2025-04-27,24.90,22.90,28.50,91.00,47.80
New Bataan,2025-04-28,24.90,21.80,29.20,88.00,18.70
New Bataan,2025-04-29,24.80,23.20,27.70,92.00,22.00
New Bataan,2025-04-30,24.70,22.60,28.40,92.00,56.10
New Bataan,2025-05-01,25.10,22.40,28.50,90.00,13.10
New Bataan,2025-05-02,24.80,23.20,27.50,90.00,13.60
New Bataan,2025-05-03,24.90,22.10,29.70,90.00,20.10
New Bataan,2025-05-04,25.10,22.90,28.70,90.00,23.50
New Bataan,2025-05-05,25.50,22.40,29.00,87.00,3.90
New Bataan,2025-05-06,24.90,22.80,27.40,93.00,14.00
New Bataan,2025-05-07,25.10,23.70,28.70,89.00,14.50
New Bataan,2025-05-08,25.40,23.10,28.80,87.00,8.40
New Bataan,2025-05-09,25.40,23.10,28.80,90.00,10.60
New Bataan,2025-05-10,25.60,22.30,29.80,89.00,5.00
New Bataan,2025-05-11,25.30,22.30,29.50,89.00,9.70
New Bataan,2025-05-12,25.30,19.60,30.30,86.00,4.40
New Bataan,2025-05-13,25.20,22.60,28.60,90.00,21.50
New Bataan,2025-05-14,25.10,22.80,29.20,91.00,21.90
New Bataan,2025-05-15,24.80,22.60,27.50,94.00,25.70
New Bataan,2025-05-16,25.50,22.80,29.60,88.00,9.80
New Bataan,2025-05-17,24.70,22.90,27.50,95.00,38.80
New Bataan,2025-05-18,24.30,23.10,26.20,95.00,22.50
New Bataan,2025-05-19,25.00,22.90,29.10,93.00,26.70
New Bataan,2025-05-20,24.60,22.80,27.20,94.00,17.70
New Bataan,2025-05-21,24.40,23.00,26.90,95.00,48.40
New Bataan,2025-05-22,24.50,22.80,28.10,95.00,36.70
New Bataan,2025-05-23,24.30,22.80,26.10,97.00,33.20
New Bataan,2025-05-24,24.40,22.60,27.10,94.00,38.20
New Bataan,2025-05-25,25.00,23.00,28.50,90.00,1.10
New Bataan,2025-05-26,25.70,23.00,29.40,89.00,10.80
New Bataan,2025-05-27,25.20,23.30,28.20,92.00,27.10
New Bataan,2025-05-28,24.70,23.30,27.20,91.00,3.90
New Bataan,2025-05-29,25.20,22.90,29.10,87.00,5.50
New Bataan,2025-05-30,25.90,22.60,29.90,85.00,2.60
New Bataan,2025-05-31,25.40,22.60,29.20,88.00,11.80
New Bataan,2025-06-01,25.10,22.50,28.30,88.00,9.40
New Bataan,2025-06-02,25.20,22.80,28.60,90.00,30.10
New Bataan,2025-06-03,25.40,22.90,28.90,90.00,5.90
New Bataan,2025-06-04,25.50,22.70,29.10,89.00,10.40
New Bataan,2025-06-05,24.90,22.90,28.00,89.00,22.00
New Bataan,2025-06-06,25.20,22.60,29.60,90.00,19.00
New Bataan,2025-06-07,25.30,23.20,28.80,88.00,8.70
New Bataan,2025-06-08,26.40,23.80,30.90,81.00,12.40
New Bataan,2025-06-09,26.60,23.30,30.80,77.00,0.30
New Bataan,2025-06-10,26.90,23.10,31.10,79.00,2.10
New Bataan,2025-06-11,25.90,23.10,28.50,86.00,11.00
New Bataan,2025-06-12,25.60,23.60,29.70,86.00,8.00
New Bataan,2025-06-13,25.20,22.30,29.60,87.00,3.20
New Bataan,2025-06-14,24.80,22.20,28.80,93.00,19.40
New Bataan,2025-06-15,24.10,22.90,26.10,96.00,27.00
New Bataan,2025-06-16,25.50,22.90,29.70,88.00,2.50
New Bataan,2025-06-17,25.10,22.80,28.60,88.00,26.50
New Bataan,2025-06-18,25.10,22.30,28.30,87.00,2.10
New Bataan,2025-06-19,24.20,22.30,26.70,92.00,30.90
New Bataan,2025-06-20,24.50,23.00,26.60,92.00,11.00
New Bataan,2025-06-21,24.40,22.50,27.30,91.00,29.30
New Bataan,2025-06-22,25.30,22.20,30.10,84.00,0.80
New Bataan,2025-06-23,24.20,22.80,26.30,91.00,9.30
New Bataan,2025-06-24,24.70,22.70,28.50,87.00,23.80
New Bataan,2025-06-25,24.90,22.30,28.70,91.00,17.10
New Bataan,2025-06-26,25.40,22.70,28.90,84.00,0.60
New Bataan,2025-06-27,25.60,22.70,30.30,81.00,0.40
New Bataan,2025-06-28,25.50,22.40,30.50,84.00,18.80
New Bataan,2025-06-29,25.00,22.40,29.50,89.00,11.10
New Bataan,2025-06-30,24.90,22.90,28.40,92.00,19.70
New Bataan,2025-07-01,25.70,22.80,29.90,83.00,0.60
New Bataan,2025-07-02,25.90,22.90,30.00,82.00,4.20
New Bataan,2025-07-03,26.10,22.40,30.10,82.00,0.40
New Bataan,2025-07-04,25.80,22.70,29.60,82.00,2.80
New Bataan,2025-07-05,25.90,22.40,29.80,86.00,18.60
New Bataan,2025-07-06,24.70,22.30,27.70,90.00,10.30
New Bataan,2025-07-07,25.30,21.70,30.10,84.00,8.90
New Bataan,2025-07-08,25.70,23.00,29.90,82.00,3.10
New Bataan,2025-07-09,25.30,22.50,30.00,85.00,5.10
New Bataan,2025-07-10,25.60,22.60,30.20,84.00,7.70
New Bataan,2025-07-11,25.30,22.80,29.20,86.00,3.40
New Bataan,2025-07-12,25.40,23.20,28.90,85.00,7.00
New Bataan,2025-07-13,25.60,22.40,30.10,86.00,3.50
New Bataan,2025-07-14,25.90,23.10,29.50,83.00,6.90
New Bataan,2025-07-15,25.90,22.80,30.50,85.00,3.30
New Bataan,2025-07-16,26.30,23.50,30.00,78.00,0.70
New Bataan,2025-07-17,26.50,24.40,29.00,76.00,4.10
New Bataan,2025-07-18,26.50,23.40,30.50,76.00,0.30
New Bataan,2025-07-19,27.20,24.20,30.00,68.00,0.00
New Bataan,2025-07-20,26.30,22.80,30.50,75.00,0.20
New Bataan,2025-07-21,26.50,23.30,30.70,74.00,1.20
New Bataan,2025-07-22,26.20,23.60,29.90,78.00,3.40
New Bataan,2025-07-23,27.10,23.00,31.90,71.00,0.00
New Bataan,2025-07-24,27.40,23.40,32.10,72.00,0.00
New Bataan,2025-07-25,27.30,22.60,32.70,71.00,0.00
New Bataan,2025-07-26,27.40,22.50,32.90,73.00,0.00
New Bataan,2025-07-27,27.20,22.70,32.40,72.00,0.00
New Bataan,2025-07-28,27.20,22.20,32.60,69.00,0.00
New Bataan,2025-07-29,27.50,22.60,33.10,70.00,0.00
New Bataan,2025-07-30,27.30,22.30,33.40,72.00,0.00
New Bataan,2025-07-31,27.80,22.30,33.70,70.00,0.10
New Bataan,2025-08-01,26.90,23.20,31.40,77.00,6.50
New Bataan,2025-08-02,26.90,22.60,31.30,80.00,0.40
New Bataan,2025-08-03,26.30,22.50,30.60,84.00,18.80
New Bataan,2025-08-04,26.60,22.60,31.60,80.00,0.60
New Bataan,2025-08-05,26.10,21.90,31.60,78.00,4.30
New Bataan,2025-08-06,25.90,23.10,30.80,82.00,5.50
New Bataan,2025-08-07,26.00,22.60,31.60,83.00,13.00
New Bataan,2025-08-08,25.70,23.60,29.00,86.00,3.90
New Bataan,2025-08-09,25.50,22.50,30.70,84.00,20.00
New Bataan,2025-08-10,25.10,22.40,29.70,86.00,16.70
New Bataan,2025-08-11,24.70,21.90,29.00,87.00,9.60
New Bataan,2025-08-12,24.50,22.60,27.30,88.00,16.50
New Bataan,2025-08-13,24.90,22.20,28.90,87.00,29.40
New Bataan,2025-08-14,24.80,22.60,29.50,90.00,13.80
New Bataan,2025-08-15,24.50,22.20,28.20,91.00,15.20
New Bataan,2025-08-16,25.10,22.50,29.70,81.00,16.50
New Bataan,2025-08-17,24.70,21.50,27.90,89.00,14.30
New Bataan,2025-08-18,24.70,21.60,28.40,88.00,6.60
New Bataan,2025-08-19,24.00,22.70,26.50,93.00,46.70
New Bataan,2025-08-20,24.70,22.10,28.30,88.00,6.70
New Bataan,2025-08-21,24.70,22.30,29.40,88.00,25.40
New Bataan,2025-08-22,24.50,22.40,28.70,89.00,7.30
New Bataan,2025-08-23,24.90,21.90,28.70,83.00,2.10
New Bataan,2025-08-24,24.80,22.10,27.80,82.00,0.30
New Bataan,2025-08-25,25.00,22.10,27.90,82.00,1.40
New Bataan,2025-08-26,25.40,22.10,30.20,81.00,35.30
New Bataan,2025-08-27,25.60,22.40,29.50,80.00,1.60
New Bataan,2025-08-28,26.50,23.50,30.40,72.00,0.60
New Bataan,2025-08-29,25.70,22.90,29.70,77.00,0.10
New Bataan,2025-08-30,24.30,23.00,26.20,88.00,8.50
New Bataan,2025-08-31,25.00,22.00,28.00,81.00,2.70
New Bataan,2025-09-01,26.70,22.90,31.00,71.00,0.40
New Bataan,2025-09-02,26.50,22.20,31.90,77.00,4.10
New Bataan,2025-09-03,25.70,23.00,29.90,83.00,0.70
New Bataan,2025-09-04,25.20,22.90,30.00,84.00,33.70
New Bataan,2025-09-05,25.00,22.40,28.80,85.00,10.80
New Bataan,2025-09-06,25.10,22.60,28.70,88.00,25.10
New Bataan,2025-09-07,25.00,22.60,29.60,88.00,34.70
New Bataan,2025-09-08,24.10,22.20,26.30,93.00,16.70
New Bataan,2025-09-09,25.10,21.50,29.50,88.00,20.90
New Bataan,2025-09-10,24.80,21.20,29.00,90.00,19.70
New Bataan,2025-09-11,24.90,21.40,29.80,87.00,8.00
New Bataan,2025-09-12,25.10,22.50,28.30,85.00,2.80
New Bataan,2025-09-13,25.50,22.90,29.80,87.00,12.70
New Bataan,2025-09-14,24.70,22.30,28.80,92.00,35.20
New Bataan,2025-09-15,24.50,22.30,27.90,93.00,20.90
New Bataan,2025-09-16,25.10,23.10,28.20,90.00,20.20
New Bataan,2025-09-17,24.80,22.30,30.00,88.00,40.80
New Bataan,2025-09-18,24.70,21.70,28.00,87.00,4.70
New Bataan,2025-09-19,25.10,22.10,28.80,85.00,13.10
New Bataan,2025-09-20,26.00,22.20,30.30,81.00,0.10
New Bataan,2025-09-21,26.40,22.40,31.40,77.00,0.00
New Bataan,2025-09-22,26.50,23.20,31.40,79.00,1.60
New Bataan,2025-09-23,26.30,23.40,30.20,75.00,0.90
New Bataan,2025-09-24,27.20,23.70,31.60,67.00,0.00
New Bataan,2025-09-25,26.20,23.00,29.90,71.00,0.50
New Bataan,2025-09-26,27.00,23.30,31.60,69.00,0.00
New Bataan,2025-09-27,26.10,22.30,31.70,76.00,2.80
New Bataan,2025-09-28,25.40,21.80,31.30,84.00,9.70
New Bataan,2025-09-29,24.80,21.50,28.70,87.00,12.80
New Bataan,2025-09-30,24.80,21.90,28.40,87.00,2.40
New Bataan,2025-10-01,25.30,22.40,30.30,83.00,3.00
New Bataan,2025-10-02,26.00,22.70,31.80,80.00,4.50
New Bataan,2025-10-03,25.00,21.70,30.50,82.00,8.80
New Bataan,2025-10-04,25.10,20.70,30.90,83.00,3.50
New Bataan,2025-10-05,25.50,22.00,30.10,83.00,1.70
New Bataan,2025-10-06,25.30,22.90,29.90,86.00,7.10
New Bataan,2025-10-07,25.20,22.50,28.70,88.00,9.00
New Bataan,2025-10-08,25.50,22.90,29.90,86.00,11.50
New Bataan,2025-10-09,26.10,22.80,29.60,79.00,2.30
New Bataan,2025-10-10,25.40,22.60,29.60,79.00,1.00
New Bataan,2025-10-11,25.60,22.50,30.50,81.00,3.90
New Bataan,2025-10-12,26.40,23.50,30.50,78.00,2.50
New Bataan,2025-10-13,25.10,22.80,27.70,87.00,19.10
New Bataan,2025-10-14,25.50,22.50,31.10,82.00,6.30
New Bataan,2025-10-15,25.50,22.30,30.40,83.00,20.60
New Bataan,2025-10-16,26.20,22.30,31.10,83.00,1.60
New Bataan,2025-10-17,25.50,23.10,28.60,91.00,13.70
New Bataan,2025-10-18,26.30,21.90,31.90,78.00,0.10
New Bataan,2025-10-19,26.20,22.40,31.00,77.00,0.70
New Bataan,2025-10-20,27.00,22.90,32.40,78.00,1.80
New Bataan,2025-10-21,25.90,23.20,30.00,85.00,8.80
New Bataan,2025-10-22,25.20,22.90,30.30,89.00,9.00
New Bataan,2025-10-23,25.50,22.40,30.20,88.00,18.30
New Bataan,2025-10-24,25.50,23.40,29.30,87.00,16.50
New Bataan,2025-10-25,25.10,22.40,28.90,89.00,24.20
New Bataan,2025-10-26,24.20,23.30,25.70,97.00,21.60
New Bataan,2025-10-27,25.20,22.90,28.40,88.00,5.80
New Bataan,2025-10-28,25.60,22.90,29.00,80.00,0.00
New Bataan,2025-10-29,24.60,22.30,28.10,88.00,15.10
New Bataan,2025-10-30,24.70,23.30,26.70,93.00,35.10
New Bataan,2025-10-31,25.20,22.40,28.70,86.00,0.30
New Bataan,2025-11-01,25.10,21.90,29.50,85.00,4.80
New Bataan,2025-11-02,25.50,21.50,30.70,82.00,2.70
New Bataan,2025-11-03,25.00,22.70,29.40,84.00,7.30
New Bataan,2025-11-04,26.00,22.50,31.40,80.00,1.10
New Bataan,2025-11-05,26.60,21.80,31.40,79.00,0.40
New Bataan,2025-11-06,26.30,22.80,32.20,79.00,22.40
New Bataan,2025-11-07,26.30,22.90,30.70,80.00,2.50
New Bataan,2025-11-08,26.20,22.80,30.10,79.00,1.40
New Bataan,2025-11-09,26.70,23.40,30.90,76.00,0.90
New Bataan,2025-11-10,26.20,21.50,31.30,78.00,3.50
New Bataan,2025-11-11,26.50,23.50,31.70,75.00,0.40
New Bataan,2025-11-12,25.80,22.10,30.30,81.00,2.10
New Bataan,2025-11-13,25.00,23.30,29.40,90.00,13.10
New Bataan,2025-11-14,24.30,23.00,27.30,94.00,33.10
New Bataan,2025-11-15,25.10,22.70,29.40,90.00,17.50
New Bataan,2025-11-16,24.60,22.90,28.00,92.00,23.10
New Bataan,2025-11-17,24.90,21.60,29.80,88.00,4.10
New Bataan,2025-11-18,24.80,22.10,28.70,88.00,4.80
New Bataan,2025-11-19,24.50,22.80,27.70,91.00,14.00
New Bataan,2025-11-20,25.30,22.10,30.20,84.00,1.20
New Bataan,2025-11-21,25.50,22.30,30.00,81.00,0.90
New Bataan,2025-11-22,26.00,22.10,31.10,77.00,3.10
New Bataan,2025-11-23,24.90,22.80,27.90,92.00,27.30
New Bataan,2025-11-24,24.60,23.20,27.90,91.00,7.60
New Bataan,2025-11-25,26.20,22.20,30.60,81.00,0.00
New Bataan,2025-11-26,26.50,23.60,29.90,83.00,3.80
New Bataan,2025-11-27,26.10,23.70,31.00,85.00,4.10
New Bataan,2025-11-28,25.70,22.80,30.60,88.00,1.10
New Bataan,2025-11-29,25.30,22.80,30.20,87.00,3.70
New Bataan,2025-11-30,25.60,21.70,30.40,82.00,1.20
New Bataan,2025-12-01,24.20,23.20,26.10,93.00,37.70
New Bataan,2025-12-02,25.30,22.70,28.90,83.00,0.70
New Bataan,2025-12-03,25.60,22.20,29.70,80.00,0.40
New Bataan,2025-12-04,25.40,21.70,30.00,81.00,2.10
New Bataan,2025-12-05,25.00,22.00,29.50,86.00,8.60
New Bataan,2025-12-06,25.80,23.00,30.80,81.00,0.00
New Bataan,2025-12-07,25.40,23.20,29.00,85.00,14.30
New Bataan,2025-12-08,25.50,22.50,30.00,86.00,0.90
New Bataan,2025-12-09,25.30,21.10,31.30,81.00,0.50
New Bataan,2025-12-10,25.50,21.90,30.00,80.00,0.90
New Bataan,2025-12-11,25.70,22.40,31.40,80.00,1.10
New Bataan,2025-12-12,25.20,21.20,31.40,76.00,0.10
New Bataan,2025-12-13,25.00,20.10,31.00,77.00,0.30
New Bataan,2025-12-14,25.60,22.40,29.70,81.00,0.50
New Bataan,2025-12-15,24.80,21.70,28.90,90.00,11.30
New Bataan,2025-12-16,25.00,22.00,29.70,87.00,4.90
New Bataan,2025-12-17,24.30,22.00,27.40,90.00,36.30
New Bataan,2025-12-18,24.10,22.50,26.70,93.00,5.10
New Bataan,2025-12-19,24.00,22.20,26.00,93.00,14.10
New Bataan,2025-12-20,24.70,22.40,28.00,89.00,23.70
New Bataan,2025-12-21,24.70,22.80,27.80,92.00,27.90
New Bataan,2025-12-22,24.70,22.70,27.70,91.00,12.80
New Bataan,2025-12-23,24.30,22.80,27.00,91.00,11.90
New Bataan,2025-12-24,24.90,22.40,28.70,90.00,15.90
New Bataan,2025-12-25,25.10,22.00,30.00,87.00,5.10
New Bataan,2025-12-26,24.90,20.30,30.70,81.00,0.00
New Bataan,2025-12-27,24.90,21.70,29.70,86.00,24.60
New Bataan,2025-12-28,24.90,22.90,28.00,88.00,1.30
New Bataan,2025-12-29,25.10,22.10,29.00,86.00,31.90
New Bataan,2025-12-30,25.10,23.00,29.00,89.00,10.60
New Bataan,2025-12-31,24.80,22.60,28.80,90.00,36.50
New Bataan,2026-01-01,25.00,22.30,28.20,88.00,4.50
New Bataan,2026-01-02,24.40,21.80,28.90,91.00,20.90
New Bataan,2026-01-03,24.60,21.40,28.10,91.00,4.30
New Bataan,2026-01-04,24.20,22.90,26.70,94.00,35.20
New Bataan,2026-01-05,24.80,21.60,28.00,89.00,0.50
New Bataan,2026-01-06,25.40,21.60,29.30,82.00,0.30
New Bataan,2026-01-07,25.10,21.20,29.40,88.00,2.20
New Bataan,2026-01-08,25.40,21.90,30.70,79.00,0.30
New Bataan,2026-01-09,25.20,22.00,30.60,84.00,1.10
New Bataan,2026-01-10,24.60,22.30,28.60,88.00,15.50
New Bataan,2026-01-11,24.90,22.40,29.60,84.00,1.80
New Bataan,2026-01-12,25.20,22.10,30.20,80.00,1.30
New Bataan,2026-01-13,24.30,22.20,27.80,87.00,8.90
New Bataan,2026-01-14,24.40,22.50,27.70,83.00,3.90
New Bataan,2026-01-15,24.50,22.80,27.00,85.00,17.00
New Bataan,2026-01-16,25.40,22.20,30.60,78.00,1.50
New Bataan,2026-01-17,26.40,21.20,31.60,70.00,0.00
New Bataan,2026-01-18,26.10,21.10,31.10,72.00,0.00
New Bataan,2026-01-19,25.40,22.00,30.60,82.00,1.10
New Bataan,2026-01-20,25.50,22.00,29.40,79.00,0.00
New Bataan,2026-01-21,25.30,22.20,29.60,76.00,0.70
New Bataan,2026-01-22,24.30,21.00,28.70,80.00,3.40
New Bataan,2026-01-23,24.80,21.90,28.40,76.00,0.70
New Bataan,2026-01-24,24.30,21.10,28.40,82.00,18.60
New Bataan,2026-01-25,23.70,22.00,26.00,87.00,20.50
New Bataan,2026-01-26,25.10,22.70,28.60,82.00,0.30
New Bataan,2026-01-27,25.30,21.50,29.90,81.00,0.00
New Bataan,2026-01-28,24.30,21.30,28.90,85.00,7.80
New Bataan,2026-01-29,24.30,20.50,28.20,77.00,1.40
New Bataan,2026-01-30,24.00,20.70,28.50,77.00,0.20
New Bataan,2026-01-31,24.90,20.80,30.20,76.00,1.10
New Bataan,2026-02-01,25.30,21.10,31.70,81.00,0.50
New Bataan,2026-02-02,24.90,20.90,30.20,81.00,1.50
New Bataan,2026-02-03,24.20,22.20,28.60,91.00,8.10
New Bataan,2026-02-04,24.30,22.20,26.80,86.00,1.30
New Bataan,2026-02-05,23.30,22.70,24.30,94.00,49.60
New Bataan,2026-02-06,26.10,22.90,30.70,83.00,1.20
New Bataan,2026-02-07,25.80,21.60,30.90,82.00,2.20
New Bataan,2026-02-08,25.30,22.80,28.80,80.00,3.10
New Bataan,2026-02-09,25.10,21.70,29.30,79.00,6.00
New Bataan,2026-02-10,24.90,21.70,29.30,86.00,8.10
New Bataan,2026-02-11,25.30,21.70,30.40,84.00,0.90
New Bataan,2026-02-12,24.80,21.50,29.20,86.00,29.80
New Bataan,2026-02-13,24.60,21.50,28.40,88.00,8.00
New Bataan,2026-02-14,24.40,19.20,31.10,80.00,0.40
New Bataan,2026-02-15,24.50,19.70,30.70,76.00,0.00
New Bataan,2026-02-16,25.00,20.90,30.00,77.00,0.70
New Bataan,2026-02-17,24.60,20.90,29.80,78.00,0.90
New Bataan,2026-02-18,23.70,22.70,24.90,97.00,13.90
New Bataan,2026-02-19,23.30,22.20,25.70,98.00,48.90
New Bataan,2026-02-20,22.50,22.00,23.20,97.00,92.40
New Bataan,2026-02-21,23.80,21.70,27.70,96.00,23.00
New Bataan,2026-02-22,23.30,22.20,24.30,96.00,25.90
New Bataan,2026-02-23,23.90,21.70,26.80,93.00,39.00
New Bataan,2026-02-24,24.40,22.10,28.30,93.00,10.70
New Bataan,2026-02-25,24.00,20.40,27.60,92.00,26.50
New Bataan,2026-02-26,23.90,22.50,26.40,94.00,49.50
New Bataan,2026-02-27,24.90,21.80,28.90,83.00,0.50
New Bataan,2026-02-28,24.30,21.60,27.70,86.00,6.60
New Bataan,2026-03-01,24.90,21.10,29.50,83.00,1.70
New Bataan,2026-03-02,25.00,21.40,30.30,80.00,1.00
New Bataan,2026-03-03,24.50,21.20,27.70,85.00,3.60
New Bataan,2026-03-04,24.70,21.10,28.70,86.00,5.20
New Bataan,2026-03-05,25.00,22.40,29.20,82.00,1.50
New Bataan,2026-03-06,25.10,21.50,29.80,79.00,0.30
New Bataan,2026-03-07,24.60,20.80,29.50,83.00,2.40
New Bataan,2026-03-08,24.80,22.00,29.20,87.00,29.10
New Bataan,2026-03-09,23.60,22.40,24.70,96.00,41.90
New Bataan,2026-03-10,24.10,22.00,27.80,90.00,14.90
New Bataan,2026-03-11,23.90,21.80,27.00,88.00,15.40
New Bataan,2026-03-12,23.80,20.70,27.40,84.00,3.70
New Bataan,2026-03-13,24.00,21.30,27.60,80.00,2.70
New Bataan,2026-03-14,23.40,20.30,27.10,78.00,1.10
New Bataan,2026-03-15,22.80,19.10,27.70,77.00,0.00
New Bataan,2026-03-16,22.90,18.50,27.70,80.00,0.20
New Bataan,2026-03-17,23.60,18.80,28.70,79.00,0.40
New Bataan,2026-03-18,24.40,19.20,30.20,77.00,0.00
New Bataan,2026-03-19,24.70,21.10,29.50,81.00,1.30
New Bataan,2026-03-20,24.30,19.70,29.00,80.00,2.70
New Bataan,2026-03-21,23.90,21.70,26.90,86.00,23.60
New Bataan,2026-03-22,24.30,20.70,29.60,79.00,0.70
New Bataan,2026-03-23,24.10,18.00,30.20,77.00,0.00
New Bataan,2026-03-24,25.00,20.10,30.60,77.00,0.30
New Bataan,2026-03-25,25.80,20.40,31.80,75.00,0.10
New Bataan,2026-03-26,23.40,21.80,25.00,95.00,32.80
New Bataan,2026-03-27,24.70,19.40,29.80,82.00,1.00
New Bataan,2026-03-28,25.00,20.50,30.50,75.00,0.00
New Bataan,2026-03-29,24.00,18.10,31.30,72.00,0.00
New Bataan,2026-03-30,24.10,19.40,30.80,74.00,0.00
New Bataan,2026-03-31,24.20,19.00,30.30,79.00,0.20
New Bataan,2026-04-01,24.80,20.40,29.90,81.00,1.30
New Bataan,2026-04-02,25.30,21.00,31.10,75.00,0.00
New Bataan,2026-04-03,25.30,20.60,31.40,75.00,0.50
New Bataan,2026-04-04,24.80,22.20,28.10,85.00,16.20
New Bataan,2026-04-05,25.20,20.70,31.50,79.00,0.20
New Bataan,2026-04-06,25.20,19.40,32.00,76.00,0.10
New Bataan,2026-04-07,25.20,22.40,29.40,85.00,4.30
New Bataan,2026-04-08,25.60,21.20,30.80,83.00,0.80
New Bataan,2026-04-09,25.40,19.40,32.00,74.00,0.00
New Bataan,2026-04-10,25.80,21.50,31.30,76.00,6.30
New Bataan,2026-04-11,26.20,21.40,31.50,71.00,2.30
New Bataan,2026-04-12,26.10,21.80,31.10,64.00,0.00
New Bataan,2026-04-13,25.80,19.60,32.30,63.00,0.10
New Bataan,2026-04-14,26.30,20.60,32.50,67.00,0.00
New Bataan,2026-04-15,26.20,21.00,31.70,69.00,0.00
New Bataan,2026-04-16,26.00,19.80,33.10,66.00,0.00
New Bataan,2026-04-17,26.40,20.70,33.10,68.00,0.00
New Bataan,2026-04-18,27.20,22.60,33.10,63.00,0.00
New Bataan,2026-04-19,27.20,22.00,33.90,64.00,0.00
New Bataan,2026-04-20,26.70,20.50,33.30,64.00,0.00
New Bataan,2026-04-21,26.60,21.20,33.00,68.00,0.60
New Bataan,2026-04-22,27.30,21.30,33.60,69.00,1.00
New Bataan,2026-04-23,27.70,22.60,33.70,73.00,0.20
New Bataan,2026-04-24,27.50,22.30,34.60,70.00,0.20
New Bataan,2026-04-25,26.80,21.60,32.90,69.00,1.90
New Bataan,2026-04-26,25.90,23.00,31.90,85.00,27.50
New Bataan,2026-04-27,26.70,23.10,32.60,79.00,1.10
New Bataan,2026-04-28,27.10,21.70,33.70,69.00,0.10
New Bataan,2026-04-29,26.70,20.30,33.70,64.00,0.10
New Bataan,2026-04-30,26.90,23.00,31.90,77.00,3.70
New Bataan,2026-05-01,25.40,23.50,30.90,92.00,12.30
New Bataan,2026-05-02,24.90,23.40,27.80,95.00,20.20
New Bataan,2026-05-03,25.30,22.70,29.40,91.00,17.40
New Bataan,2026-05-04,25.10,22.40,29.10,90.00,9.80
New Bataan,2026-05-05,26.10,20.80,32.20,80.00,0.70
New Bataan,2026-05-06,26.50,22.00,31.40,78.00,5.60
New Bataan,2026-05-07,25.80,23.70,30.40,90.00,9.70
New Bataan,2026-05-08,25.90,23.50,29.40,90.00,10.20
New Bataan,2026-05-09,26.30,23.40,31.70,85.00,3.30
New Bataan,2026-05-10,25.60,21.50,30.00,85.00,7.80
New Bataan,2026-05-11,27.60,23.60,32.70,77.00,0.20
New Bataan,2026-05-12,27.70,24.40,33.50,82.00,4.10
New Bataan,2026-05-13,26.70,24.30,30.30,87.00,10.10
New Bataan,2026-05-14,26.50,23.70,32.10,86.00,13.10
New Bataan,2026-05-15,26.50,23.10,31.00,88.00,19.20
New Bataan,2026-05-16,26.10,23.80,29.90,89.00,13.40
New Bataan,2026-05-17,27.40,24.10,31.30,79.00,1.60
New Bataan,2026-05-18,26.40,23.60,30.10,87.00,7.80
New Bataan,2026-05-19,25.80,23.20,30.60,91.00,28.40
New Bataan,2026-05-20,26.30,22.40,31.40,84.00,2.70
New Bataan,2026-05-21,26.40,22.40,32.10,85.00,6.80
New Bataan,2026-05-22,26.00,23.50,30.00,87.00,12.10
New Bataan,2026-05-23,24.90,23.30,27.00,94.00,45.70
New Bataan,2026-05-24,25.70,23.40,29.50,87.00,14.40
New Bataan,2026-05-25,26.10,23.80,29.80,86.00,10.10
New Bataan,2026-05-26,25.90,23.30,29.90,87.00,6.00
New Bataan,2026-05-27,26.10,23.70,30.90,85.00,1.30
New Bataan,2026-05-28,26.20,22.30,31.20,84.00,3.20
New Bataan,2026-05-29,26.60,24.50,31.00,82.00,6.20
New Bataan,2026-05-30,27.50,24.40,31.70,75.00,0.70
New Bataan,2026-05-31,26.70,24.00,31.40,79.00,6.30
Laak,2023-01-01,23.60,21.50,25.50,94.00,16.90
Laak,2023-01-02,23.90,22.80,26.30,95.00,39.70
Laak,2023-01-03,24.20,22.10,28.40,93.00,41.10
Laak,2023-01-04,24.30,22.50,26.40,95.00,7.80
Laak,2023-01-05,25.10,23.00,29.20,90.00,9.60
Laak,2023-01-06,25.20,22.40,30.50,87.00,6.80
Laak,2023-01-07,23.70,22.70,25.10,95.00,36.00
Laak,2023-01-08,23.90,22.20,26.50,92.00,22.10
Laak,2023-01-09,24.30,22.90,27.00,93.00,15.50
Laak,2023-01-10,24.40,22.50,27.10,91.00,20.20
Laak,2023-01-11,25.00,22.80,29.40,90.00,22.10
Laak,2023-01-12,24.40,23.10,27.30,93.00,26.00
Laak,2023-01-13,24.80,23.20,27.10,92.00,25.70
Laak,2023-01-14,24.60,22.90,26.70,93.00,28.70
Laak,2023-01-15,25.80,23.20,30.60,90.00,5.90
Laak,2023-01-16,25.80,23.00,30.70,88.00,9.20
Laak,2023-01-17,25.80,23.20,31.00,88.00,2.40
Laak,2023-01-18,25.80,22.40,31.40,87.00,8.30
Laak,2023-01-19,25.70,22.90,30.20,86.00,3.70
Laak,2023-01-20,25.10,23.00,29.00,87.00,2.80
Laak,2023-01-21,24.60,22.50,28.30,90.00,10.60
Laak,2023-01-22,23.20,22.10,24.30,96.00,79.00
Laak,2023-01-23,23.70,22.60,26.20,95.00,29.00
Laak,2023-01-24,24.10,22.70,27.50,93.00,14.20
Laak,2023-01-25,24.60,22.40,27.90,85.00,8.00
Laak,2023-01-26,24.40,22.50,26.50,91.00,43.60
Laak,2023-01-27,25.60,23.00,30.60,87.00,2.90
Laak,2023-01-28,25.80,22.10,31.30,84.00,1.40
Laak,2023-01-29,24.30,23.30,26.60,92.00,18.60
Laak,2023-01-30,24.90,22.90,28.00,91.00,3.90
Laak,2023-01-31,25.20,23.40,28.20,89.00,3.10
Laak,2023-02-01,25.70,22.80,30.90,84.00,3.90
Laak,2023-02-02,25.80,22.80,30.20,84.00,3.80
Laak,2023-02-03,25.60,23.00,29.60,85.00,3.10
Laak,2023-02-04,24.60,22.20,28.20,90.00,12.80
Laak,2023-02-05,24.20,22.40,28.00,92.00,21.20
Laak,2023-02-06,24.90,22.10,30.60,88.00,3.90
Laak,2023-02-07,24.30,22.50,26.90,91.00,5.30
Laak,2023-02-08,23.80,21.40,28.30,91.00,17.50
Laak,2023-02-09,24.30,21.90,28.80,90.00,4.70
Laak,2023-02-10,25.40,22.00,30.70,85.00,1.50
Laak,2023-02-11,25.40,23.20,29.50,85.00,3.10
Laak,2023-02-12,25.70,22.90,29.80,83.00,2.90
Laak,2023-02-13,24.40,23.50,25.90,93.00,24.80
Laak,2023-02-14,24.40,23.10,26.90,93.00,46.50
Laak,2023-02-15,24.60,22.70,28.40,89.00,28.20
Laak,2023-02-16,24.30,22.40,27.80,91.00,17.80
Laak,2023-02-17,24.10,22.60,25.90,90.00,19.40
Laak,2023-02-18,25.40,23.40,29.20,88.00,18.90
Laak,2023-02-19,26.20,21.80,31.70,84.00,0.80
Laak,2023-02-20,26.80,23.70,32.50,84.00,4.60
Laak,2023-02-21,25.40,22.50,31.00,90.00,47.80
Laak,2023-02-22,25.60,21.80,30.70,87.00,7.70
Laak,2023-02-23,26.50,23.40,31.50,84.00,0.90
Laak,2023-02-24,26.20,23.00,30.10,86.00,2.40
Laak,2023-02-25,25.60,22.80,31.00,87.00,5.80
Laak,2023-02-26,25.20,22.60,29.50,87.00,5.60
Laak,2023-02-27,25.30,22.60,30.00,87.00,11.80
Laak,2023-02-28,25.20,23.00,27.90,89.00,4.20
Laak,2023-03-01,25.70,23.00,30.60,88.00,10.60
Laak,2023-03-02,24.50,22.10,27.50,88.00,6.10
Laak,2023-03-03,25.00,20.50,29.90,80.00,0.30
Laak,2023-03-04,25.10,23.10,29.80,85.00,3.70
Laak,2023-03-05,25.80,22.20,30.60,84.00,1.50
Laak,2023-03-06,24.90,22.10,29.20,90.00,4.50
Laak,2023-03-07,24.50,22.30,27.80,91.00,8.40
Laak,2023-03-08,25.80,22.30,31.10,86.00,1.80
Laak,2023-03-09,25.70,23.00,30.30,86.00,3.70
Laak,2023-03-10,26.10,21.60,30.90,80.00,0.80
Laak,2023-03-11,25.70,21.90,30.70,82.00,3.00
Laak,2023-03-12,25.60,22.60,29.30,85.00,5.30
Laak,2023-03-13,24.80,23.00,27.70,89.00,12.70
Laak,2023-03-14,24.10,22.50,26.00,92.00,11.40
Laak,2023-03-15,25.60,21.60,31.50,85.00,3.50
Laak,2023-03-16,25.40,22.90,30.40,89.00,13.20
Laak,2023-03-17,25.50,22.80,30.00,88.00,6.50
Laak,2023-03-18,25.20,23.20,28.40,89.00,5.80
Laak,2023-03-19,26.10,23.00,31.00,86.00,2.80
Laak,2023-03-20,26.40,23.80,30.50,81.00,0.90
Laak,2023-03-21,26.10,21.80,31.20,80.00,0.10
Laak,2023-03-22,26.00,22.90,29.90,82.00,1.00
Laak,2023-03-23,25.90,21.80,31.80,84.00,8.80
Laak,2023-03-24,26.10,23.10,31.80,87.00,8.50
Laak,2023-03-25,26.10,23.60,29.50,86.00,3.70
Laak,2023-03-26,26.50,22.90,31.10,83.00,0.90
Laak,2023-03-27,25.90,22.90,31.00,85.00,2.10
Laak,2023-03-28,25.30,23.50,28.00,89.00,13.50
Laak,2023-03-29,24.90,22.80,28.20,90.00,13.90
Laak,2023-03-30,25.20,23.00,30.00,89.00,8.80
Laak,2023-03-31,25.00,23.90,27.00,92.00,7.10
Laak,2023-04-01,24.70,22.50,29.40,92.00,21.00
Laak,2023-04-02,25.20,22.70,30.80,91.00,13.00
Laak,2023-04-03,25.90,22.30,31.10,86.00,3.10
Laak,2023-04-04,26.10,21.40,31.50,81.00,0.50
Laak,2023-04-05,25.30,23.40,29.00,88.00,13.40
Laak,2023-04-06,26.50,23.00,30.90,79.00,0.50
Laak,2023-04-07,25.80,22.00,31.10,82.00,6.50
Laak,2023-04-08,25.90,23.10,30.60,86.00,3.70
Laak,2023-04-09,25.20,22.90,29.90,88.00,9.80
Laak,2023-04-10,25.30,22.50,28.50,86.00,1.00
Laak,2023-04-11,26.30,22.80,32.30,84.00,9.90
Laak,2023-04-12,26.70,23.50,31.90,83.00,1.60
Laak,2023-04-13,26.70,23.50,32.00,85.00,6.50
Laak,2023-04-14,26.40,24.00,30.10,87.00,5.40
Laak,2023-04-15,26.40,23.90,31.50,87.00,5.90
Laak,2023-04-16,26.80,23.50,32.60,85.00,1.20
Laak,2023-04-17,26.70,23.60,30.90,86.00,3.80
Laak,2023-04-18,27.20,23.50,32.10,83.00,0.70
Laak,2023-04-19,27.60,23.70,32.60,80.00,0.00
Laak,2023-04-20,27.30,24.60,31.00,84.00,3.70
Laak,2023-04-21,26.60,24.50,31.40,87.00,5.40
Laak,2023-04-22,26.70,23.40,32.50,85.00,4.50
Laak,2023-04-23,26.70,22.90,32.20,85.00,4.70
Laak,2023-04-24,27.30,23.60,32.50,80.00,1.20
Laak,2023-04-25,27.70,23.50,33.10,77.00,0.00
Laak,2023-04-26,27.60,23.30,32.40,79.00,0.50
Laak,2023-04-27,27.30,23.00,31.50,80.00,0.90
Laak,2023-04-28,28.00,23.80,33.00,76.00,0.20
Laak,2023-04-29,26.10,23.70,31.60,88.00,30.40
Laak,2023-04-30,25.80,24.00,29.80,90.00,18.40
Laak,2023-05-01,26.40,23.00,31.10,85.00,2.50
Laak,2023-05-02,25.70,24.30,28.50,92.00,14.00
Laak,2023-05-03,26.50,23.50,32.00,88.00,8.60
Laak,2023-05-04,26.60,23.70,31.60,87.00,6.80
Laak,2023-05-05,26.60,23.50,31.10,88.00,8.50
Laak,2023-05-06,26.80,23.80,32.00,86.00,12.90
Laak,2023-05-07,27.40,23.00,33.00,81.00,1.10
Laak,2023-05-08,27.80,24.20,32.60,80.00,0.80
Laak,2023-05-09,27.80,24.00,33.00,80.00,0.40
Laak,2023-05-10,27.90,24.00,32.80,80.00,1.20
Laak,2023-05-11,27.90,24.00,33.20,79.00,1.80
Laak,2023-05-12,28.10,24.00,33.80,79.00,1.10
Laak,2023-05-13,27.70,24.00,33.20,82.00,2.80
Laak,2023-05-14,27.00,24.00,32.40,85.00,13.20
Laak,2023-05-15,26.80,24.00,32.90,86.00,8.20
Laak,2023-05-16,27.20,23.40,33.10,84.00,3.00
Laak,2023-05-17,27.40,23.40,33.20,79.00,2.90
Laak,2023-05-18,27.30,23.50,34.20,80.00,1.90
Laak,2023-05-19,26.30,23.60,32.10,87.00,32.20
Laak,2023-05-20,25.70,23.40,31.10,89.00,28.50
Laak,2023-05-21,26.20,23.00,31.60,88.00,28.30
Laak,2023-05-22,26.70,24.20,32.60,86.00,21.10
Laak,2023-05-23,26.60,23.20,31.50,86.00,19.00
Laak,2023-05-24,26.70,23.90,31.80,87.00,4.80
Laak,2023-05-25,27.10,24.30,31.60,86.00,15.70
Laak,2023-05-26,26.80,24.20,32.60,86.00,14.20
Laak,2023-05-27,26.80,23.40,31.30,84.00,7.10
Laak,2023-05-28,28.20,25.00,31.80,75.00,0.80
Laak,2023-05-29,28.90,26.00,33.00,74.00,0.20
Laak,2023-05-30,29.20,25.90,33.50,75.00,0.70
Laak,2023-05-31,29.10,26.10,33.00,75.00,0.20
Laak,2023-06-01,29.00,26.20,33.00,77.00,0.80
Laak,2023-06-02,28.90,25.60,34.50,78.00,1.80
Laak,2023-06-03,27.60,24.70,33.20,83.00,3.50
Laak,2023-06-04,26.90,24.50,31.80,86.00,9.70
Laak,2023-06-05,26.70,24.10,31.40,87.00,13.60
Laak,2023-06-06,26.30,23.80,31.40,89.00,32.20
Laak,2023-06-07,26.70,23.40,32.00,88.00,13.40
Laak,2023-06-08,26.50,24.00,32.40,88.00,23.90
Laak,2023-06-09,27.00,24.00,32.50,86.00,18.10
Laak,2023-06-10,27.50,24.80,32.10,83.00,8.10
Laak,2023-06-11,27.50,23.90,33.40,83.00,4.40
Laak,2023-06-12,27.90,23.80,33.70,82.00,0.90
Laak,2023-06-13,27.40,23.60,32.60,82.00,5.90
Laak,2023-06-14,26.50,24.60,31.50,88.00,16.40
Laak,2023-06-15,26.20,23.80,29.90,88.00,5.30
Laak,2023-06-16,25.70,23.50,30.00,90.00,29.40
Laak,2023-06-17,25.70,22.10,30.50,89.00,10.10
Laak,2023-06-18,26.30,23.60,30.90,87.00,9.40
Laak,2023-06-19,25.90,23.30,30.60,90.00,11.50
Laak,2023-06-20,26.30,23.70,31.50,88.00,12.30
Laak,2023-06-21,25.90,23.20,31.10,88.00,10.00
Laak,2023-06-22,25.90,23.50,28.80,89.00,3.00
Laak,2023-06-23,25.80,23.70,29.50,91.00,4.70
Laak,2023-06-24,26.20,23.50,31.60,88.00,16.00
Laak,2023-06-25,25.30,23.20,30.80,90.00,47.80
Laak,2023-06-26,25.60,22.90,31.00,91.00,28.20
Laak,2023-06-27,26.50,23.70,32.30,87.00,18.10
Laak,2023-06-28,26.40,23.80,32.20,87.00,47.70
Laak,2023-06-29,26.50,23.50,32.40,85.00,4.20
Laak,2023-06-30,26.50,23.10,31.50,86.00,4.50
Laak,2023-07-01,26.50,23.90,30.70,89.00,5.00
Laak,2023-07-02,26.90,23.80,30.70,86.00,1.00
Laak,2023-07-03,25.60,23.60,28.90,90.00,17.90
Laak,2023-07-04,26.70,23.70,31.50,84.00,2.60
Laak,2023-07-05,26.60,23.40,30.80,85.00,1.50
Laak,2023-07-06,26.80,24.10,31.60,88.00,6.00
Laak,2023-07-07,27.20,23.60,31.50,83.00,2.50
Laak,2023-07-08,26.20,24.20,30.30,90.00,27.30
Laak,2023-07-09,26.00,23.40,31.20,89.00,22.70
Laak,2023-07-10,26.00,23.00,31.10,89.00,14.90
Laak,2023-07-11,26.80,23.80,32.10,86.00,10.80
Laak,2023-07-12,27.10,24.20,31.00,84.00,1.80
Laak,2023-07-13,27.80,25.40,32.20,78.00,1.90
Laak,2023-07-14,28.40,25.30,32.50,75.00,0.00
Laak,2023-07-15,27.80,24.90,33.00,79.00,8.10
Laak,2023-07-16,27.80,24.80,31.80,80.00,0.40
Laak,2023-07-17,27.20,24.40,30.90,81.00,25.60
Laak,2023-07-18,24.80,23.80,26.40,93.00,17.60
Laak,2023-07-19,24.90,23.10,28.80,91.00,12.00
Laak,2023-07-20,25.90,22.60,31.80,88.00,42.10
Laak,2023-07-21,26.10,22.80,32.10,89.00,29.60
Laak,2023-07-22,26.60,23.80,31.50,87.00,27.30
Laak,2023-07-23,27.70,24.70,31.60,76.00,0.10
Laak,2023-07-24,28.10,25.80,31.40,73.00,0.10
Laak,2023-07-25,28.20,25.70,31.50,75.00,0.10
Laak,2023-07-26,28.40,25.50,32.80,74.00,0.00
Laak,2023-07-27,28.20,25.40,32.10,79.00,2.90
Laak,2023-07-28,26.90,24.80,30.70,85.00,5.30
Laak,2023-07-29,27.40,24.90,31.80,83.00,1.50
Laak,2023-07-30,28.10,25.00,32.30,79.00,2.10
Laak,2023-07-31,28.50,24.50,33.30,75.00,0.10
Laak,2023-08-01,28.90,25.10,34.00,73.00,0.30
Laak,2023-08-02,28.90,25.10,33.70,73.00,0.00
Laak,2023-08-03,28.60,25.40,33.80,77.00,4.20
Laak,2023-08-04,28.50,24.30,34.50,79.00,12.70
Laak,2023-08-05,28.30,24.60,34.20,80.00,1.50
Laak,2023-08-06,27.60,24.90,33.30,83.00,12.30
Laak,2023-08-07,27.70,24.20,33.20,81.00,2.90
Laak,2023-08-08,28.70,24.50,34.20,75.00,0.30
Laak,2023-08-09,27.20,24.40,33.50,82.00,20.00
Laak,2023-08-10,26.70,24.10,31.50,87.00,29.30
Laak,2023-08-11,26.70,24.00,30.50,87.00,16.70
Laak,2023-08-12,26.30,24.00,31.20,88.00,24.20
Laak,2023-08-13,26.30,24.40,31.60,88.00,32.80
Laak,2023-08-14,26.30,24.00,30.50,89.00,20.30
Laak,2023-08-15,25.90,23.90,30.50,91.00,39.40
Laak,2023-08-16,25.90,23.90,30.70,90.00,34.00
Laak,2023-08-17,26.10,23.90,30.10,90.00,21.60
Laak,2023-08-18,26.40,23.60,31.70,86.00,27.10
Laak,2023-08-19,25.90,23.70,30.80,90.00,73.20
Laak,2023-08-20,26.00,23.50,31.80,87.00,24.90
Laak,2023-08-21,25.70,23.50,30.10,89.00,29.10
Laak,2023-08-22,25.90,23.30,31.00,88.00,17.40
Laak,2023-08-23,26.50,23.70,30.50,85.00,5.60
Laak,2023-08-24,26.60,23.90,32.50,85.00,17.30
Laak,2023-08-25,26.90,23.10,32.00,85.00,6.60
Laak,2023-08-26,27.10,24.70,32.30,86.00,18.40
Laak,2023-08-27,27.80,24.20,32.40,79.00,3.50
Laak,2023-08-28,28.30,25.40,32.30,75.00,0.00
Laak,2023-08-29,28.60,25.60,32.70,74.00,0.00
Laak,2023-08-30,28.70,25.20,33.50,74.00,0.00
Laak,2023-08-31,28.70,25.30,33.50,77.00,1.90
Laak,2023-09-01,28.40,25.00,33.00,79.00,0.00
Laak,2023-09-02,29.00,25.20,33.50,74.00,2.00
Laak,2023-09-03,28.60,25.50,33.80,77.00,9.90
Laak,2023-09-04,28.00,24.70,34.50,80.00,1.80
Laak,2023-09-05,27.40,24.40,32.50,85.00,9.50
Laak,2023-09-06,26.90,24.90,31.10,87.00,12.10
Laak,2023-09-07,26.30,23.90,31.50,87.00,4.30
Laak,2023-09-08,26.40,24.00,31.80,87.00,12.10
Laak,2023-09-09,25.90,23.20,31.20,89.00,14.50
Laak,2023-09-10,25.80,23.40,30.10,91.00,19.30
Laak,2023-09-11,26.20,23.10,32.30,89.00,37.90
Laak,2023-09-12,26.60,23.70,32.10,85.00,44.30
Laak,2023-09-13,26.10,23.90,31.90,88.00,61.80
Laak,2023-09-14,26.30,23.70,31.50,87.00,42.60
Laak,2023-09-15,25.60,23.40,30.30,90.00,31.90
Laak,2023-09-16,25.10,22.90,31.00,92.00,21.80
Laak,2023-09-17,25.60,22.50,30.50,90.00,12.00
Laak,2023-09-18,25.50,22.90,29.40,91.00,39.60
Laak,2023-09-19,25.90,23.00,30.50,89.00,22.90
Laak,2023-09-20,26.30,23.50,31.00,88.00,6.70
Laak,2023-09-21,26.00,23.60,30.60,91.00,24.30
Laak,2023-09-22,26.90,24.10,32.20,87.00,15.40
Laak,2023-09-23,27.30,24.00,31.80,85.00,4.60
Laak,2023-09-24,26.70,23.90,32.00,87.00,15.80
Laak,2023-09-25,26.60,23.50,32.20,87.00,41.30
Laak,2023-09-26,25.60,22.60,31.60,89.00,51.00
Laak,2023-09-27,26.30,23.00,31.60,88.00,23.50
Laak,2023-09-28,27.10,23.90,32.80,85.00,11.70
Laak,2023-09-29,26.90,24.20,31.50,88.00,18.90
Laak,2023-09-30,27.70,24.40,32.00,83.00,3.20
Laak,2023-10-01,28.60,25.70,32.50,75.00,0.10
Laak,2023-10-02,28.30,24.60,33.80,79.00,12.20
Laak,2023-10-03,27.20,24.10,32.70,87.00,10.90
Laak,2023-10-04,27.00,24.10,33.20,85.00,5.70
Laak,2023-10-05,27.40,23.40,33.40,80.00,2.20
Laak,2023-10-06,27.20,23.70,32.60,85.00,8.00
Laak,2023-10-07,26.10,23.80,31.00,89.00,3.50
Laak,2023-10-08,26.10,23.50,31.10,90.00,8.90
Laak,2023-10-09,25.50,23.50,28.70,92.00,13.40
Laak,2023-10-10,25.20,23.60,27.90,93.00,18.60
Laak,2023-10-11,25.50,23.50,30.10,91.00,45.90
Laak,2023-10-12,26.70,24.00,32.40,87.00,26.20
Laak,2023-10-13,26.30,23.70,30.20,87.00,3.60
Laak,2023-10-14,26.70,24.10,31.90,86.00,9.10
Laak,2023-10-15,26.10,23.40,31.90,91.00,18.10
Laak,2023-10-16,26.00,23.60,31.50,89.00,8.60
Laak,2023-10-17,26.00,23.00,31.00,90.00,6.80
Laak,2023-10-18,26.60,22.80,31.50,87.00,1.60
Laak,2023-10-19,26.10,23.50,30.90,89.00,5.60
Laak,2023-10-20,26.30,24.00,31.50,89.00,18.70
Laak,2023-10-21,26.00,22.80,31.60,89.00,8.20
Laak,2023-10-22,26.10,22.80,30.90,89.00,7.80
Laak,2023-10-23,26.10,22.50,31.50,87.00,7.60
Laak,2023-10-24,26.50,23.20,31.60,86.00,8.90
Laak,2023-10-25,26.30,23.40,31.80,87.00,6.70
Laak,2023-10-26,25.70,23.20,29.50,90.00,7.90
Laak,2023-10-27,26.20,23.50,30.50,89.00,8.20
Laak,2023-10-28,26.90,22.90,32.10,82.00,1.50
Laak,2023-10-29,26.10,23.20,30.10,89.00,3.00
Laak,2023-10-30,25.70,23.40,31.20,91.00,14.90
Laak,2023-10-31,27.10,23.00,32.70,83.00,1.00
Laak,2023-11-01,26.50,23.70,31.50,88.00,8.70
Laak,2023-11-02,27.00,22.50,32.00,83.00,0.10
Laak,2023-11-03,26.10,23.90,30.40,90.00,11.30
Laak,2023-11-04,25.80,24.00,30.20,92.00,20.50
Laak,2023-11-05,26.50,24.00,31.50,88.00,10.20
Laak,2023-11-06,27.00,22.40,32.20,82.00,0.20
Laak,2023-11-07,25.80,23.50,29.90,90.00,19.90
Laak,2023-11-08,26.30,23.90,30.40,89.00,3.20
Laak,2023-11-09,26.80,23.30,31.70,83.00,0.60
Laak,2023-11-10,26.20,23.50,30.40,88.00,5.00
Laak,2023-11-11,26.70,23.00,31.10,85.00,0.30
Laak,2023-11-12,26.60,22.90,30.60,85.00,1.30
Laak,2023-11-13,26.90,23.60,31.90,86.00,3.20
Laak,2023-11-14,27.30,23.20,32.00,83.00,0.60
Laak,2023-11-15,26.90,23.70,31.60,81.00,1.10
Laak,2023-11-16,25.20,23.20,27.90,91.00,16.30
Laak,2023-11-17,25.40,23.20,28.10,92.00,20.60
Laak,2023-11-18,26.70,23.90,30.80,86.00,3.80
Laak,2023-11-19,26.20,24.00,29.90,87.00,1.90
Laak,2023-11-20,26.40,24.50,31.20,89.00,11.50
Laak,2023-11-21,26.60,24.40,31.10,89.00,7.70
Laak,2023-11-22,26.50,23.50,32.40,88.00,13.00
Laak,2023-11-23,26.00,23.90,30.90,90.00,4.10
Laak,2023-11-24,25.60,23.70,29.10,90.00,4.30
Laak,2023-11-25,25.30,23.00,30.10,91.00,6.40
Laak,2023-11-26,26.20,22.50,30.30,86.00,0.70
Laak,2023-11-27,26.60,23.50,30.80,85.00,2.20
Laak,2023-11-28,25.80,23.30,30.40,89.00,13.10
Laak,2023-11-29,25.50,23.50,29.50,90.00,9.90
Laak,2023-11-30,26.00,23.10,30.00,86.00,4.00
Laak,2023-12-01,26.10,24.30,29.70,88.00,3.80
Laak,2023-12-02,25.30,23.60,29.00,91.00,22.30
Laak,2023-12-03,26.10,23.40,30.30,87.00,2.40
Laak,2023-12-04,26.10,23.30,30.00,88.00,3.80
Laak,2023-12-05,26.20,23.30,30.60,90.00,9.30
Laak,2023-12-06,25.30,23.50,28.20,92.00,11.80
Laak,2023-12-07,25.60,24.40,28.50,91.00,8.20
Laak,2023-12-08,25.80,23.50,29.40,90.00,6.00
Laak,2023-12-09,26.20,23.30,30.40,86.00,0.90
Laak,2023-12-10,26.40,23.40,30.50,84.00,0.40
Laak,2023-12-11,26.50,23.10,30.80,83.00,0.70
Laak,2023-12-12,26.40,22.80,30.90,84.00,0.30
Laak,2023-12-13,25.40,23.40,27.80,90.00,3.90
Laak,2023-12-14,26.50,24.00,30.50,84.00,0.80
Laak,2023-12-15,26.20,22.80,30.80,84.00,1.50
Laak,2023-12-16,26.60,23.10,31.00,82.00,0.60
Laak,2023-12-17,25.00,23.90,27.30,92.00,13.40
Laak,2023-12-18,24.40,23.50,25.80,95.00,101.20
Laak,2023-12-19,25.50,23.00,28.90,91.00,19.10
Laak,2023-12-20,26.80,23.40,32.00,84.00,0.00
Laak,2023-12-21,26.00,22.20,30.20,86.00,1.40
Laak,2023-12-22,25.70,23.60,28.50,88.00,1.30
Laak,2023-12-23,25.90,23.00,30.00,85.00,2.00
Laak,2023-12-24,25.80,23.10,29.20,87.00,2.30
Laak,2023-12-25,24.60,23.30,26.90,93.00,26.80
Laak,2023-12-26,25.90,23.80,29.90,89.00,6.40
Laak,2023-12-27,25.80,24.00,29.30,88.00,11.10
Laak,2023-12-28,25.90,23.30,30.00,86.00,3.10
Laak,2023-12-29,25.90,23.10,29.60,88.00,12.40
Laak,2023-12-30,25.90,23.20,29.00,89.00,17.70
Laak,2023-12-31,26.90,23.50,31.80,86.00,1.40
Laak,2024-01-01,25.20,23.30,27.60,91.00,19.20
Laak,2024-01-02,25.50,24.20,28.20,92.00,24.70
Laak,2024-01-03,25.80,22.90,28.80,88.00,6.90
Laak,2024-01-04,26.60,23.00,30.60,85.00,0.20
Laak,2024-01-05,26.40,21.90,32.30,81.00,0.00
Laak,2024-01-06,25.60,23.80,28.40,90.00,4.10
Laak,2024-01-07,26.40,23.80,30.40,87.00,0.80
Laak,2024-01-08,26.00,23.00,31.20,85.00,4.30
Laak,2024-01-09,26.00,23.30,30.40,87.00,3.60
Laak,2024-01-10,26.80,23.40,31.90,83.00,1.00
Laak,2024-01-11,26.90,23.60,31.40,81.00,1.00
Laak,2024-01-12,26.60,24.30,30.20,82.00,1.00
Laak,2024-01-13,25.50,23.50,28.80,87.00,2.60
Laak,2024-01-14,25.20,23.50,29.60,88.00,9.90
Laak,2024-01-15,24.90,23.50,28.10,91.00,35.60
Laak,2024-01-16,24.60,23.70,26.90,90.00,34.20
Laak,2024-01-17,24.50,23.00,26.10,91.00,14.50
Laak,2024-01-18,24.40,23.10,26.50,93.00,11.90
Laak,2024-01-19,25.50,23.10,29.10,87.00,5.20
Laak,2024-01-20,25.60,22.40,29.40,84.00,2.20
Laak,2024-01-21,26.30,21.90,31.40,81.00,0.60
Laak,2024-01-22,26.20,23.30,30.00,82.00,0.80
Laak,2024-01-23,26.00,23.10,29.70,83.00,0.20
Laak,2024-01-24,25.00,21.90,29.50,88.00,5.90
Laak,2024-01-25,25.50,22.50,29.50,82.00,3.10
Laak,2024-01-26,24.20,22.40,26.70,88.00,19.10
Laak,2024-01-27,24.50,21.10,29.20,79.00,1.00
Laak,2024-01-28,24.00,22.40,26.30,86.00,4.00
Laak,2024-01-29,24.00,22.90,25.50,94.00,29.80
Laak,2024-01-30,24.50,23.00,27.10,92.00,47.90
Laak,2024-01-31,24.30,23.10,26.20,95.00,34.20
Laak,2024-02-01,24.60,23.10,27.10,93.00,22.50
Laak,2024-02-02,25.60,23.50,28.80,87.00,1.90
Laak,2024-02-03,25.30,22.20,29.00,88.00,2.20
Laak,2024-02-04,25.40,23.10,28.50,88.00,4.20
Laak,2024-02-05,25.80,22.20,30.50,81.00,1.00
Laak,2024-02-06,25.60,22.50,29.40,85.00,1.00
Laak,2024-02-07,24.90,23.20,27.40,92.00,27.70
Laak,2024-02-08,25.20,23.20,27.80,88.00,3.20
Laak,2024-02-09,25.90,23.20,29.40,81.00,1.40
Laak,2024-02-10,26.00,22.40,30.20,80.00,2.60
Laak,2024-02-11,24.90,23.00,28.50,84.00,10.40
Laak,2024-02-12,25.70,22.90,29.60,80.00,1.80
Laak,2024-02-13,25.90,22.80,30.50,78.00,2.90
Laak,2024-02-14,26.10,23.00,30.60,79.00,2.50
Laak,2024-02-15,26.20,21.90,31.70,79.00,1.00
Laak,2024-02-16,25.50,23.60,27.90,88.00,4.90
Laak,2024-02-17,25.80,22.30,30.40,83.00,2.70
Laak,2024-02-18,26.50,24.10,29.90,82.00,1.60
Laak,2024-02-19,25.50,21.70,30.20,84.00,1.20
Laak,2024-02-20,26.20,23.40,31.50,80.00,0.90
Laak,2024-02-21,25.10,22.50,28.60,90.00,3.40
Laak,2024-02-22,25.60,23.70,29.20,89.00,11.20
Laak,2024-02-23,25.30,23.20,28.90,89.00,4.00
Laak,2024-02-24,26.20,23.50,30.50,83.00,1.30
Laak,2024-02-25,25.70,22.50,29.80,84.00,3.30
Laak,2024-02-26,25.40,21.70,29.40,84.00,3.50
Laak,2024-02-27,25.80,23.50,30.30,81.00,12.40
Laak,2024-02-28,24.00,22.70,26.40,90.00,21.30
Laak,2024-02-29,25.20,23.20,28.90,88.00,6.80
Laak,2024-03-01,26.20,23.70,30.40,82.00,1.20
Laak,2024-03-02,25.80,22.20,30.00,80.00,1.10
Laak,2024-03-03,25.80,21.60,30.90,80.00,0.50
Laak,2024-03-04,25.90,21.60,30.90,78.00,0.20
Laak,2024-03-05,25.90,21.90,30.00,83.00,0.60
Laak,2024-03-06,26.80,23.40,31.20,82.00,0.50
Laak,2024-03-07,26.30,22.30,31.00,78.00,0.00
Laak,2024-03-08,25.40,21.30,30.20,84.00,1.40
Laak,2024-03-09,26.20,23.10,31.10,81.00,1.10
Laak,2024-03-10,25.80,21.90,31.00,79.00,0.80
Laak,2024-03-11,25.80,21.40,30.90,80.00,0.70
Laak,2024-03-12,25.90,23.80,29.60,87.00,5.40
Laak,2024-03-13,26.00,23.20,30.40,82.00,1.10
Laak,2024-03-14,25.90,22.50,30.20,81.00,1.40
Laak,2024-03-15,26.40,23.80,30.50,81.00,0.90
Laak,2024-03-16,26.00,22.10,30.80,82.00,1.40
Laak,2024-03-17,26.20,22.90,31.50,79.00,1.70
Laak,2024-03-18,25.80,21.20,31.00,79.00,0.60
Laak,2024-03-19,26.40,22.00,31.20,78.00,0.30
Laak,2024-03-20,26.70,23.00,30.60,80.00,1.60
Laak,2024-03-21,25.60,23.80,28.50,87.00,4.80
Laak,2024-03-22,26.50,23.10,31.30,76.00,0.10
Laak,2024-03-23,26.50,22.10,31.40,74.00,0.40
Laak,2024-03-24,26.40,23.80,31.00,79.00,1.20
Laak,2024-03-25,26.80,23.60,31.50,83.00,2.50
Laak,2024-03-26,28.00,24.90,33.50,80.00,0.20
Laak,2024-03-27,27.60,24.10,32.50,81.00,2.00
Laak,2024-03-28,26.30,23.40,29.70,85.00,2.00
Laak,2024-03-29,26.10,23.80,29.60,85.00,2.50
Laak,2024-03-30,26.90,22.60,31.50,80.00,0.90
Laak,2024-03-31,27.00,23.50,32.30,79.00,0.40
Laak,2024-04-01,27.10,23.10,32.50,77.00,0.00
Laak,2024-04-02,26.70,23.80,31.20,80.00,2.00
Laak,2024-04-03,27.10,22.50,32.80,79.00,0.70
Laak,2024-04-04,27.30,24.40,32.50,79.00,1.00
Laak,2024-04-05,27.40,24.60,31.40,78.00,0.60
Laak,2024-04-06,27.20,25.00,31.00,80.00,2.40
Laak,2024-04-07,26.60,23.10,31.30,80.00,1.40
Laak,2024-04-08,25.50,21.70,30.20,86.00,2.30
Laak,2024-04-09,26.90,22.50,32.50,81.00,0.70
Laak,2024-04-10,26.40,22.80,31.00,82.00,3.30
Laak,2024-04-11,27.00,22.40,32.50,80.00,0.40
Laak,2024-04-12,27.50,23.40,32.70,77.00,0.30
Laak,2024-04-13,27.40,23.50,32.30,78.00,0.60
Laak,2024-04-14,27.30,23.50,32.70,80.00,0.90
Laak,2024-04-15,27.80,24.20,32.80,80.00,0.80
Laak,2024-04-16,27.70,24.00,32.30,80.00,1.00
Laak,2024-04-17,28.10,24.50,33.70,76.00,0.40
Laak,2024-04-18,28.30,24.00,33.90,76.00,0.40
Laak,2024-04-19,27.90,25.00,32.90,75.00,1.10
Laak,2024-04-20,27.50,22.90,32.20,76.00,0.70
Laak,2024-04-21,27.10,24.90,30.80,84.00,1.50
Laak,2024-04-22,28.40,24.80,33.70,79.00,0.30
Laak,2024-04-23,28.30,24.40,33.80,77.00,0.30
Laak,2024-04-24,28.40,25.00,33.50,76.00,0.10
Laak,2024-04-25,28.70,24.00,34.80,74.00,0.10
Laak,2024-04-26,29.00,24.90,35.00,77.00,2.40
Laak,2024-04-27,27.80,24.90,32.80,82.00,1.90
Laak,2024-04-28,28.00,24.40,32.90,78.00,0.30
Laak,2024-04-29,26.70,24.50,30.10,84.00,2.90
Laak,2024-04-30,26.80,24.10,30.60,85.00,2.80
Laak,2024-05-01,28.00,23.10,33.50,77.00,0.00
Laak,2024-05-02,28.10,23.60,33.30,75.00,0.20
Laak,2024-05-03,27.90,23.20,33.30,75.00,1.10
Laak,2024-05-04,27.90,25.00,32.80,77.00,0.20
Laak,2024-05-05,27.90,23.90,34.00,78.00,0.20
Laak,2024-05-06,28.10,24.40,33.20,79.00,0.20
Laak,2024-05-07,27.90,23.90,33.00,78.00,1.00
Laak,2024-05-08,28.30,24.10,34.20,78.00,0.00
Laak,2024-05-09,28.10,24.20,33.00,80.00,1.10
Laak,2024-05-10,27.40,24.00,31.80,83.00,3.70
Laak,2024-05-11,28.20,23.60,34.00,78.00,0.10
Laak,2024-05-12,27.60,25.00,31.20,84.00,4.50
Laak,2024-05-13,28.20,24.30,33.30,80.00,0.60
Laak,2024-05-14,28.70,24.40,34.50,76.00,0.00
Laak,2024-05-15,29.10,25.20,34.60,75.00,0.50
Laak,2024-05-16,28.70,24.40,33.70,72.00,0.60
Laak,2024-05-17,28.70,24.50,34.50,72.00,0.00
Laak,2024-05-18,28.90,23.80,35.50,71.00,0.00
Laak,2024-05-19,29.50,24.70,35.80,70.00,0.10
Laak,2024-05-20,29.80,26.40,35.00,69.00,0.30
Laak,2024-05-21,28.40,24.80,34.00,77.00,5.60
Laak,2024-05-22,29.40,24.80,35.30,71.00,1.70
Laak,2024-05-23,27.80,23.60,34.60,82.00,4.80
Laak,2024-05-24,27.20,25.00,30.80,86.00,9.00
Laak,2024-05-25,29.20,24.80,36.60,78.00,4.00
Laak,2024-05-26,27.60,25.20,34.80,87.00,27.90
Laak,2024-05-27,27.90,24.60,33.50,84.00,3.80
Laak,2024-05-28,28.00,25.00,34.80,84.00,5.20
Laak,2024-05-29,28.60,24.50,34.50,80.00,1.00
Laak,2024-05-30,28.20,25.10,34.00,83.00,9.70
Laak,2024-05-31,28.40,25.00,33.20,83.00,3.70
Laak,2024-06-01,28.40,24.80,33.40,80.00,4.70
Laak,2024-06-02,28.80,24.50,34.20,78.00,0.00
Laak,2024-06-03,28.30,25.00,34.60,80.00,32.50
Laak,2024-06-04,27.60,23.50,33.50,84.00,14.90
Laak,2024-06-05,27.90,24.70,33.90,83.00,0.90
Laak,2024-06-06,27.20,24.40,33.60,85.00,18.80
Laak,2024-06-07,26.90,23.40,31.50,83.00,9.60
Laak,2024-06-08,26.90,23.60,32.90,86.00,9.70
Laak,2024-06-09,27.50,24.60,33.10,84.00,9.90
Laak,2024-06-10,26.00,24.00,28.00,91.00,7.50
Laak,2024-06-11,27.30,24.50,32.80,84.00,10.80
Laak,2024-06-12,27.00,23.90,32.20,85.00,5.00
Laak,2024-06-13,26.50,24.80,29.30,89.00,4.60
Laak,2024-06-14,27.30,24.00,32.80,84.00,20.40
Laak,2024-06-15,26.30,23.50,32.50,88.00,19.90
Laak,2024-06-16,26.20,23.90,32.20,88.00,16.60
Laak,2024-06-17,26.30,23.80,30.80,88.00,3.30
Laak,2024-06-18,26.90,24.30,32.70,86.00,12.80
Laak,2024-06-19,25.40,24.00,27.10,91.00,7.50
Laak,2024-06-20,25.60,24.10,27.60,91.00,8.30
Laak,2024-06-21,27.10,23.90,31.70,86.00,15.00
Laak,2024-06-22,26.30,24.60,29.50,90.00,7.70
Laak,2024-06-23,26.70,23.20,31.80,86.00,5.70
Laak,2024-06-24,26.20,23.90,31.50,89.00,16.00
Laak,2024-06-25,27.40,23.70,32.50,83.00,2.70
Laak,2024-06-26,25.10,24.10,27.10,92.00,24.30
Laak,2024-06-27,26.40,23.40,30.10,88.00,15.40
Laak,2024-06-28,26.80,23.20,30.60,87.00,2.60
Laak,2024-06-29,27.30,24.00,31.60,84.00,0.90
Laak,2024-06-30,26.10,24.10,29.50,90.00,9.60
Laak,2024-07-01,26.20,24.50,30.70,89.00,25.10
Laak,2024-07-02,26.50,23.90,31.00,86.00,3.20
Laak,2024-07-03,27.10,23.40,31.90,84.00,1.90
Laak,2024-07-04,26.00,23.40,32.20,89.00,19.10
Laak,2024-07-05,26.10,22.80,31.30,88.00,1.90
Laak,2024-07-06,26.50,23.50,31.20,88.00,9.10
Laak,2024-07-07,27.40,23.20,32.70,83.00,2.10
Laak,2024-07-08,25.90,23.80,29.40,90.00,9.90
Laak,2024-07-09,26.20,23.40,31.50,88.00,10.60
Laak,2024-07-10,26.60,23.50,31.80,87.00,10.30
Laak,2024-07-11,25.70,23.40,31.10,89.00,15.00
Laak,2024-07-12,25.50,23.40,30.00,91.00,34.30
Laak,2024-07-13,25.60,23.60,30.60,89.00,36.70
Laak,2024-07-14,25.60,23.50,28.50,89.00,5.00
Laak,2024-07-15,25.40,23.90,29.80,92.00,33.00
Laak,2024-07-16,25.20,23.80,27.50,93.00,18.00
Laak,2024-07-17,26.70,23.80,30.00,86.00,1.10
Laak,2024-07-18,26.50,24.90,28.60,88.00,6.10
Laak,2024-07-19,26.20,24.50,29.30,88.00,8.20
Laak,2024-07-20,27.40,24.70,32.20,83.00,15.60
Laak,2024-07-21,27.40,24.80,32.70,84.00,22.70
Laak,2024-07-22,27.60,25.20,30.40,82.00,0.10
Laak,2024-07-23,28.70,26.10,32.40,74.00,0.00
Laak,2024-07-24,28.60,25.60,32.50,77.00,0.10
Laak,2024-07-25,28.50,25.40,31.70,80.00,0.00
Laak,2024-07-26,27.70,24.60,33.30,84.00,18.80
Laak,2024-07-27,26.00,24.20,27.90,90.00,6.80
Laak,2024-07-28,26.30,23.20,32.30,88.00,32.70
Laak,2024-07-29,26.20,23.60,31.80,88.00,10.40
Laak,2024-07-30,26.60,23.10,32.10,86.00,7.90
Laak,2024-07-31,26.40,23.50,31.50,89.00,9.80
Laak,2024-08-01,26.20,23.90,31.50,89.00,28.10
Laak,2024-08-02,26.80,23.70,32.10,86.00,12.00
Laak,2024-08-03,26.90,23.80,33.00,85.00,17.20
Laak,2024-08-04,27.40,23.60,32.50,84.00,0.00
Laak,2024-08-05,28.20,25.00,32.30,78.00,0.30
Laak,2024-08-06,27.70,24.60,32.60,83.00,11.90
Laak,2024-08-07,27.90,24.10,32.50,83.00,0.90
Laak,2024-08-08,27.10,24.30,31.20,85.00,7.90
Laak,2024-08-09,26.60,23.90,31.60,86.00,4.20
Laak,2024-08-10,27.60,24.40,33.20,83.00,16.20
Laak,2024-08-11,27.10,23.90,32.50,85.00,13.80
Laak,2024-08-12,27.40,24.60,32.60,84.00,11.20
Laak,2024-08-13,26.70,24.00,32.00,86.00,2.70
Laak,2024-08-14,27.10,23.60,33.20,84.00,3.40
Laak,2024-08-15,27.50,23.80,32.30,84.00,1.70
Laak,2024-08-16,27.00,24.50,31.60,86.00,26.20
Laak,2024-08-17,26.60,23.80,31.80,87.00,10.20
Laak,2024-08-18,26.90,23.90,32.00,86.00,5.20
Laak,2024-08-19,27.10,23.20,32.80,83.00,1.80
Laak,2024-08-20,26.50,23.70,30.60,88.00,2.60
Laak,2024-08-21,27.20,24.10,32.80,85.00,7.60
Laak,2024-08-22,26.80,24.30,31.50,89.00,16.60
Laak,2024-08-23,27.30,24.20,33.20,84.00,10.40
Laak,2024-08-24,26.10,23.60,29.10,88.00,2.30
Laak,2024-08-25,27.10,24.40,32.80,85.00,20.40
Laak,2024-08-26,27.20,24.60,32.20,86.00,14.60
Laak,2024-08-27,27.00,24.80,32.30,87.00,20.80
Laak,2024-08-28,27.40,24.00,33.00,83.00,16.90
Laak,2024-08-29,25.60,23.80,27.70,91.00,4.00
Laak,2024-08-30,26.90,24.20,32.00,86.00,18.40
Laak,2024-08-31,25.50,24.50,26.90,92.00,11.60
Laak,2024-09-01,27.40,24.60,31.60,81.00,0.00
Laak,2024-09-02,28.20,24.50,33.50,77.00,1.90
Laak,2024-09-03,28.60,25.30,33.20,78.00,1.00
Laak,2024-09-04,28.00,24.50,33.80,82.00,20.60
Laak,2024-09-05,27.60,24.70,33.90,83.00,10.20
Laak,2024-09-06,27.60,24.20,32.80,84.00,7.80
Laak,2024-09-07,28.40,24.60,33.20,81.00,0.00
Laak,2024-09-08,27.50,23.80,32.80,84.00,1.50
Laak,2024-09-09,27.00,24.10,33.20,86.00,48.90
Laak,2024-09-10,26.50,23.50,31.80,87.00,16.00
Laak,2024-09-11,26.70,24.20,30.90,89.00,13.40
Laak,2024-09-12,26.90,24.90,29.80,84.00,1.00
Laak,2024-09-13,28.00,25.50,31.80,74.00,0.90
Laak,2024-09-14,28.40,26.10,32.20,71.00,0.20
Laak,2024-09-15,28.40,26.20,31.80,70.00,0.00
Laak,2024-09-16,28.30,26.00,31.40,72.00,0.40
Laak,2024-09-17,28.80,26.50,33.00,71.00,0.00
Laak,2024-09-18,28.90,26.00,33.30,72.00,0.60
Laak,2024-09-19,27.90,25.60,31.40,79.00,1.10
Laak,2024-09-20,27.20,24.60,33.30,86.00,17.70
Laak,2024-09-21,26.70,24.00,31.60,88.00,14.10
Laak,2024-09-22,26.40,23.90,31.00,90.00,4.30
Laak,2024-09-23,26.60,23.30,31.70,88.00,6.60
Laak,2024-09-24,25.60,23.80,28.90,92.00,13.40
Laak,2024-09-25,26.80,23.20,31.90,84.00,6.90
Laak,2024-09-26,26.40,23.40,32.90,86.00,13.00
Laak,2024-09-27,26.70,22.70,33.20,84.00,0.70
Laak,2024-09-28,27.90,23.50,33.50,78.00,0.40
Laak,2024-09-29,28.40,24.90,32.80,79.00,0.20
Laak,2024-09-30,26.60,24.50,31.20,87.00,18.50
Laak,2024-10-01,26.60,23.50,31.60,86.00,4.80
Laak,2024-10-02,27.30,23.40,32.80,83.00,1.40
Laak,2024-10-03,25.90,24.00,28.30,90.00,6.50
Laak,2024-10-04,27.20,23.60,33.00,83.00,8.30
Laak,2024-10-05,26.90,23.50,33.00,84.00,10.40
Laak,2024-10-06,27.10,23.20,33.30,84.00,2.30
Laak,2024-10-07,27.40,23.80,33.00,84.00,5.80
Laak,2024-10-08,26.90,23.70,33.20,86.00,24.60
Laak,2024-10-09,27.20,23.90,32.90,86.00,6.20
Laak,2024-10-10,27.40,23.40,33.00,84.00,6.20
Laak,2024-10-11,27.20,24.10,33.00,84.00,2.90
Laak,2024-10-12,26.20,23.40,30.00,89.00,12.10
Laak,2024-10-13,27.10,23.30,32.70,85.00,0.70
Laak,2024-10-14,26.60,24.00,30.50,87.00,10.50
Laak,2024-10-15,26.40,23.50,32.20,86.00,2.50
Laak,2024-10-16,25.90,23.00,32.20,89.00,11.30
Laak,2024-10-17,27.20,23.40,32.10,84.00,1.10
Laak,2024-10-18,27.80,24.10,33.20,79.00,0.90
Laak,2024-10-19,27.20,24.40,33.50,84.00,19.70
Laak,2024-10-20,27.00,24.00,32.90,86.00,6.90
Laak,2024-10-21,26.90,24.10,31.40,85.00,5.00
Laak,2024-10-22,27.90,25.80,30.50,70.00,0.00
Laak,2024-10-23,29.20,26.90,32.70,66.00,0.20
Laak,2024-10-24,29.20,25.60,33.10,69.00,0.00
Laak,2024-10-25,29.00,25.60,33.40,72.00,1.60
Laak,2024-10-26,26.40,24.70,29.40,89.00,6.70
Laak,2024-10-27,27.30,23.80,32.00,81.00,0.30
Laak,2024-10-28,28.00,23.50,33.50,75.00,0.30
Laak,2024-10-29,28.30,25.10,33.80,75.00,4.90
Laak,2024-10-30,27.70,24.00,33.70,80.00,19.10
Laak,2024-10-31,27.30,24.10,33.80,83.00,6.50
Laak,2024-11-01,26.80,23.00,32.80,83.00,4.70
Laak,2024-11-02,26.10,22.90,31.00,86.00,7.20
Laak,2024-11-03,26.40,23.90,31.00,88.00,6.20
Laak,2024-11-04,25.90,23.40,31.20,88.00,19.30
Laak,2024-11-05,25.90,22.60,30.20,87.00,1.30
Laak,2024-11-06,26.40,23.40,32.00,89.00,5.40
Laak,2024-11-07,26.30,23.80,30.90,89.00,3.90
Laak,2024-11-08,27.30,22.90,32.90,82.00,0.30
Laak,2024-11-09,27.10,23.20,32.60,85.00,2.70
Laak,2024-11-10,27.20,23.80,32.40,84.00,6.80
Laak,2024-11-11,27.40,24.20,33.00,83.00,11.10
Laak,2024-11-12,26.80,23.50,33.30,86.00,8.20
Laak,2024-11-13,27.70,23.40,33.90,80.00,3.00
Laak,2024-11-14,28.20,23.00,34.80,76.00,0.20
Laak,2024-11-15,27.40,24.00,34.50,83.00,2.60
Laak,2024-11-16,26.90,24.00,34.60,87.00,7.40
Laak,2024-11-17,28.10,24.00,34.80,78.00,1.10
Laak,2024-11-18,26.20,23.50,30.90,86.00,13.70
Laak,2024-11-19,25.70,23.20,30.20,89.00,3.80
Laak,2024-11-20,26.40,23.40,31.10,84.00,4.70
Laak,2024-11-21,27.30,23.00,33.10,79.00,0.20
Laak,2024-11-22,26.60,23.80,31.90,85.00,7.50
Laak,2024-11-23,24.80,23.20,28.70,94.00,14.60
Laak,2024-11-24,25.10,23.50,28.60,94.00,25.60
Laak,2024-11-25,24.90,23.40,27.40,94.00,14.80
Laak,2024-11-26,26.20,23.50,30.90,87.00,2.00
Laak,2024-11-27,25.20,23.00,28.50,92.00,6.60
Laak,2024-11-28,24.80,23.40,27.00,97.00,18.10
Laak,2024-11-29,24.90,24.00,27.10,97.00,23.60
Laak,2024-11-30,25.90,22.90,31.10,90.00,29.10
Laak,2024-12-01,25.80,23.90,29.50,93.00,7.90
Laak,2024-12-02,26.50,23.60,31.00,89.00,2.40
Laak,2024-12-03,26.60,23.60,31.10,87.00,0.40
Laak,2024-12-04,26.70,23.20,31.60,84.00,1.30
Laak,2024-12-05,26.70,23.00,31.30,84.00,0.00
Laak,2024-12-06,26.80,23.50,31.20,85.00,0.80
Laak,2024-12-07,25.60,24.00,29.00,94.00,20.60
Laak,2024-12-08,25.00,23.80,26.80,96.00,14.40
Laak,2024-12-09,26.20,24.00,30.90,92.00,2.80
Laak,2024-12-10,25.50,24.00,28.30,94.00,10.70
Laak,2024-12-11,25.50,23.50,29.90,92.00,11.80
Laak,2024-12-12,24.90,23.50,26.00,97.00,4.70
Laak,2024-12-13,25.90,23.20,30.20,90.00,0.90
Laak,2024-12-14,25.50,23.00,30.40,89.00,4.50
Laak,2024-12-15,24.70,22.10,29.00,91.00,7.80
Laak,2024-12-16,24.30,23.00,26.20,96.00,30.20
Laak,2024-12-17,24.00,22.90,25.90,98.00,26.10
Laak,2024-12-18,25.20,22.90,28.90,93.00,8.20
Laak,2024-12-19,25.50,23.30,28.80,93.00,16.60
Laak,2024-12-20,25.80,24.00,29.70,93.00,21.40
Laak,2024-12-21,26.00,24.00,30.40,93.00,5.80
Laak,2024-12-22,25.70,23.90,30.00,94.00,21.50
Laak,2024-12-23,25.90,23.40,30.80,91.00,2.50
Laak,2024-12-24,25.70,24.00,29.00,95.00,8.40
Laak,2024-12-25,24.90,24.00,26.90,97.00,29.50
Laak,2024-12-26,24.50,23.20,26.60,98.00,17.20
Laak,2024-12-27,24.60,23.20,26.50,97.00,14.30
Laak,2024-12-28,25.40,23.10,29.90,92.00,12.40
Laak,2024-12-29,25.90,23.40,31.40,91.00,10.90
Laak,2024-12-30,25.50,23.60,29.10,94.00,11.20
Laak,2024-12-31,25.40,23.50,28.90,93.00,2.30
Laak,2025-01-01,24.70,22.90,26.10,96.00,8.60
Laak,2025-01-02,25.60,23.50,30.00,93.00,5.90
Laak,2025-01-03,25.50,22.40,29.10,92.00,2.50
Laak,2025-01-04,25.60,22.80,30.90,90.00,14.40
Laak,2025-01-05,25.00,22.80,28.50,93.00,28.30
Laak,2025-01-06,25.50,23.20,29.40,90.00,0.50
Laak,2025-01-07,25.80,22.90,30.60,92.00,4.70
Laak,2025-01-08,25.50,23.50,29.50,93.00,4.40
Laak,2025-01-09,25.10,23.50,27.40,95.00,10.60
Laak,2025-01-10,24.90,23.30,28.10,95.00,16.70
Laak,2025-01-11,25.30,22.50,28.90,89.00,3.50
Laak,2025-01-12,25.00,22.60,29.00,92.00,3.50
Laak,2025-01-13,25.30,23.00,29.40,90.00,3.30
Laak,2025-01-14,25.50,23.20,29.60,90.00,4.10
Laak,2025-01-15,24.30,22.50,27.00,95.00,11.10
Laak,2025-01-16,25.60,23.10,29.20,91.00,2.80
Laak,2025-01-17,25.80,23.00,30.50,86.00,0.90
Laak,2025-01-18,25.50,21.80,30.60,83.00,0.50
Laak,2025-01-19,24.80,23.00,26.90,90.00,5.70
Laak,2025-01-20,25.20,22.90,28.20,93.00,4.30
Laak,2025-01-21,25.30,23.00,29.30,94.00,10.10
Laak,2025-01-22,25.80,23.40,29.20,91.00,1.90
Laak,2025-01-23,25.50,23.50,29.90,91.00,5.70
Laak,2025-01-24,26.10,22.70,30.60,87.00,0.30
Laak,2025-01-25,25.20,23.50,28.90,93.00,15.30
Laak,2025-01-26,24.80,22.60,28.80,94.00,5.50
Laak,2025-01-27,24.50,22.70,28.40,95.00,8.80
Laak,2025-01-28,25.30,23.00,28.90,88.00,1.70
Laak,2025-01-29,24.00,22.70,25.60,96.00,17.70
Laak,2025-01-30,25.40,22.70,30.00,89.00,1.80
Laak,2025-01-31,26.00,22.20,31.00,84.00,0.80
Laak,2025-02-01,25.10,22.50,29.50,90.00,2.90
Laak,2025-02-02,25.10,23.20,28.50,91.00,4.10
Laak,2025-02-03,25.50,21.90,29.80,86.00,0.40
Laak,2025-02-04,25.60,23.20,29.00,86.00,1.00
Laak,2025-02-05,24.20,23.00,26.00,96.00,33.00
Laak,2025-02-06,24.20,22.60,26.50,95.00,13.40
Laak,2025-02-07,24.70,23.30,27.50,96.00,17.60
Laak,2025-02-08,26.20,22.90,30.40,87.00,4.20
Laak,2025-02-09,25.60,23.00,30.10,89.00,7.20
Laak,2025-02-10,24.30,23.10,26.00,97.00,12.30
Laak,2025-02-11,25.60,23.20,29.30,88.00,0.80
Laak,2025-02-12,24.60,23.20,27.40,94.00,8.10
Laak,2025-02-13,25.20,22.80,29.30,90.00,30.80
Laak,2025-02-14,24.90,22.70,27.40,93.00,7.10
Laak,2025-02-15,26.10,23.20,30.90,86.00,0.30
Laak,2025-02-16,25.90,22.20,30.20,85.00,0.30
Laak,2025-02-17,24.70,21.60,29.60,93.00,22.30
Laak,2025-02-18,24.60,22.50,27.70,92.00,6.50
Laak,2025-02-19,24.30,22.50,28.00,95.00,28.70
Laak,2025-02-20,24.60,22.70,28.90,93.00,7.80
Laak,2025-02-21,23.70,22.70,25.70,97.00,18.20
Laak,2025-02-22,25.10,22.20,28.90,89.00,2.70
Laak,2025-02-23,25.60,21.20,30.10,83.00,0.30
Laak,2025-02-24,24.40,22.00,27.30,92.00,16.70
Laak,2025-02-25,23.70,22.50,25.40,96.00,20.20
Laak,2025-02-26,24.40,22.20,27.50,92.00,5.80
Laak,2025-02-27,23.90,22.60,26.60,96.00,11.50
Laak,2025-02-28,24.00,22.20,26.30,96.00,7.10
Laak,2025-03-01,26.00,23.40,30.50,86.00,1.40
Laak,2025-03-02,25.80,23.00,30.70,86.00,5.50
Laak,2025-03-03,25.40,23.50,30.00,92.00,11.00
Laak,2025-03-04,25.00,23.50,28.40,95.00,9.30
Laak,2025-03-05,25.50,23.00,28.60,92.00,3.70
Laak,2025-03-06,25.40,23.20,29.00,92.00,6.10
Laak,2025-03-07,25.60,23.00,29.60,89.00,1.00
Laak,2025-03-08,26.40,23.00,31.40,84.00,0.80
Laak,2025-03-09,25.80,22.90,29.70,86.00,1.30
Laak,2025-03-10,24.90,22.80,28.50,91.00,2.20
Laak,2025-03-11,26.00,22.10,30.90,84.00,0.50
Laak,2025-03-12,26.10,22.30,30.90,86.00,1.00
Laak,2025-03-13,26.20,23.00,30.30,84.00,0.90
Laak,2025-03-14,25.60,22.90,29.60,89.00,3.20
Laak,2025-03-15,26.50,23.90,30.30,87.00,2.40
Laak,2025-03-16,25.70,23.80,29.60,92.00,8.70
Laak,2025-03-17,25.10,23.40,28.60,95.00,12.20
Laak,2025-03-18,25.60,23.00,29.60,90.00,4.80
Laak,2025-03-19,25.80,23.20,30.10,91.00,4.00
Laak,2025-03-20,26.20,23.80,30.70,88.00,2.50
Laak,2025-03-21,25.70,23.20,29.70,89.00,4.60
Laak,2025-03-22,26.20,23.50,30.50,85.00,5.40
Laak,2025-03-23,25.50,23.10,29.10,91.00,11.00
Laak,2025-03-24,25.60,22.90,29.50,91.00,1.30
Laak,2025-03-25,26.00,22.20,31.10,89.00,2.70
Laak,2025-03-26,25.70,23.40,31.60,92.00,22.30
Laak,2025-03-27,25.70,23.60,30.00,92.00,16.60
Laak,2025-03-28,26.00,23.70,31.10,90.00,7.30
Laak,2025-03-29,25.30,23.20,28.10,94.00,3.60
Laak,2025-03-30,25.40,23.50,30.50,93.00,15.70
Laak,2025-03-31,26.10,22.80,30.90,86.00,1.80
Laak,2025-04-01,26.40,22.10,31.60,84.00,0.60
Laak,2025-04-02,26.90,23.10,32.30,81.00,0.10
Laak,2025-04-03,26.70,22.70,30.90,83.00,0.30
Laak,2025-04-04,26.00,22.50,29.90,86.00,1.40
Laak,2025-04-05,25.00,22.80,27.80,93.00,12.10
Laak,2025-04-06,26.00,23.50,30.10,91.00,14.40
Laak,2025-04-07,25.30,23.00,29.20,92.00,9.20
Laak,2025-04-08,26.60,23.80,31.40,88.00,4.40
Laak,2025-04-09,26.70,23.70,32.20,84.00,1.80
Laak,2025-04-10,26.50,22.90,31.50,87.00,9.50
Laak,2025-04-11,26.30,23.50,30.20,90.00,4.20
Laak,2025-04-12,25.70,23.90,29.50,93.00,17.20
Laak,2025-04-13,25.70,23.10,29.80,92.00,10.90
Laak,2025-04-14,26.20,22.90,30.70,90.00,1.80
Laak,2025-04-15,26.10,23.50,29.90,91.00,4.20
Laak,2025-04-16,26.60,23.20,31.80,83.00,0.00
Laak,2025-04-17,26.30,22.10,31.20,86.00,2.70
Laak,2025-04-18,27.00,23.40,31.50,81.00,0.60
Laak,2025-04-19,26.80,23.60,30.60,84.00,0.60
Laak,2025-04-20,26.70,22.60,31.40,82.00,0.40
Laak,2025-04-21,27.10,23.90,31.80,80.00,0.70
Laak,2025-04-22,27.40,23.40,31.90,79.00,0.40
Laak,2025-04-23,27.20,22.90,33.20,79.00,0.60
Laak,2025-04-24,27.40,23.80,32.00,79.00,0.90
Laak,2025-04-25,27.10,23.50,31.70,80.00,1.50
Laak,2025-04-26,25.30,24.00,27.50,90.00,6.60
Laak,2025-04-27,25.60,23.30,30.00,93.00,13.60
Laak,2025-04-28,26.10,22.70,31.10,89.00,7.20
Laak,2025-04-29,25.50,23.80,28.30,94.00,16.50
Laak,2025-04-30,25.50,23.40,29.10,93.00,9.30
Laak,2025-05-01,26.40,23.20,31.20,90.00,6.60
Laak,2025-05-02,25.50,23.90,28.50,96.00,24.90
Laak,2025-05-03,25.70,23.60,31.40,92.00,29.70
Laak,2025-05-04,26.30,23.10,31.70,91.00,14.70
Laak,2025-05-05,26.40,23.60,30.10,91.00,19.60
Laak,2025-05-06,25.70,23.70,29.50,93.00,23.50
Laak,2025-05-07,26.00,23.90,30.20,93.00,7.40
Laak,2025-05-08,26.10,23.50,30.80,91.00,5.50
Laak,2025-05-09,26.70,24.00,30.70,89.00,3.20
Laak,2025-05-10,26.90,23.50,31.40,87.00,1.90
Laak,2025-05-11,26.10,23.30,32.20,89.00,12.10
Laak,2025-05-12,27.40,23.50,32.00,85.00,0.30
Laak,2025-05-13,26.50,24.00,31.30,90.00,12.70
Laak,2025-05-14,25.80,23.60,30.00,92.00,6.10
Laak,2025-05-15,25.70,23.70,29.90,93.00,22.30
Laak,2025-05-16,26.00,23.50,30.00,90.00,6.40
Laak,2025-05-17,25.20,23.40,28.20,94.00,21.50
Laak,2025-05-18,25.40,23.50,29.00,94.00,15.00
Laak,2025-05-19,26.20,23.00,31.20,89.00,15.80
Laak,2025-05-20,25.10,23.20,27.80,94.00,5.70
Laak,2025-05-21,24.90,23.40,27.80,96.00,23.40
Laak,2025-05-22,25.10,23.30,28.20,95.00,9.90
Laak,2025-05-23,25.40,23.50,29.20,94.00,18.30
Laak,2025-05-24,25.50,23.50,29.20,94.00,19.10
Laak,2025-05-25,25.60,23.30,30.00,92.00,14.90
Laak,2025-05-26,26.60,22.80,31.00,87.00,1.20
Laak,2025-05-27,26.20,24.10,30.20,93.00,24.20
Laak,2025-05-28,25.70,23.80,28.60,95.00,12.70
Laak,2025-05-29,26.10,23.70,31.00,92.00,10.20
Laak,2025-05-30,26.70,23.00,31.90,88.00,1.40
Laak,2025-05-31,26.70,23.90,31.40,90.00,10.10
Laak,2025-06-01,26.40,23.70,30.90,92.00,5.10
Laak,2025-06-02,26.40,23.80,31.90,89.00,9.40
Laak,2025-06-03,26.30,23.30,30.80,90.00,4.40
Laak,2025-06-04,26.40,23.60,31.10,90.00,14.30
Laak,2025-06-05,25.70,23.50,29.30,93.00,16.00
Laak,2025-06-06,25.80,23.80,31.40,92.00,28.10
Laak,2025-06-07,25.80,23.50,30.10,93.00,28.00
Laak,2025-06-08,26.50,23.50,31.10,90.00,12.00
Laak,2025-06-09,27.00,24.00,31.00,87.00,5.10
Laak,2025-06-10,27.20,24.40,31.70,88.00,1.20
Laak,2025-06-11,27.30,24.50,31.00,88.00,1.20
Laak,2025-06-12,26.30,24.00,31.00,91.00,6.50
Laak,2025-06-13,25.10,23.00,29.00,95.00,19.90
Laak,2025-06-14,26.00,23.90,29.30,92.00,12.20
Laak,2025-06-15,24.90,23.00,28.60,95.00,19.30
Laak,2025-06-16,26.30,23.30,31.00,88.00,4.00
Laak,2025-06-17,25.80,23.00,29.70,92.00,11.10
Laak,2025-06-18,26.10,23.10,30.30,87.00,1.20
Laak,2025-06-19,25.60,23.00,28.80,90.00,1.90
Laak,2025-06-20,25.70,23.30,29.80,92.00,3.30
Laak,2025-06-21,25.20,23.30,30.00,94.00,18.40
Laak,2025-06-22,25.40,22.40,30.80,91.00,21.90
Laak,2025-06-23,25.20,23.00,29.20,92.00,5.70
Laak,2025-06-24,26.00,23.40,31.00,89.00,6.30
Laak,2025-06-25,25.90,23.00,31.10,91.00,14.60
Laak,2025-06-26,25.90,23.10,30.00,90.00,4.70
Laak,2025-06-27,25.90,23.30,30.80,91.00,16.30
Laak,2025-06-28,26.10,23.40,31.90,90.00,33.90
Laak,2025-06-29,25.60,23.10,30.80,92.00,33.50
Laak,2025-06-30,25.20,23.20,29.00,95.00,21.40
Laak,2025-07-01,25.90,23.10,30.70,91.00,5.40
Laak,2025-07-02,26.60,23.10,32.40,87.00,21.30
Laak,2025-07-03,26.60,23.70,32.00,87.00,1.40
Laak,2025-07-04,26.20,24.00,30.60,91.00,13.40
Laak,2025-07-05,27.20,24.00,31.90,87.00,8.70
Laak,2025-07-06,26.00,23.20,30.30,89.00,7.40
Laak,2025-07-07,26.40,23.00,32.40,87.00,14.60
Laak,2025-07-08,26.10,22.90,32.20,89.00,10.80
Laak,2025-07-09,25.90,23.20,30.60,91.00,14.40
Laak,2025-07-10,26.30,24.00,30.60,90.00,7.90
Laak,2025-07-11,26.10,23.70,30.90,91.00,24.90
Laak,2025-07-12,26.10,23.50,30.50,91.00,21.80
Laak,2025-07-13,26.50,24.00,31.10,90.00,24.20
Laak,2025-07-14,25.90,23.40,30.80,92.00,26.70
Laak,2025-07-15,26.00,23.90,31.00,92.00,18.20
Laak,2025-07-16,26.50,23.80,30.60,88.00,7.30
Laak,2025-07-17,26.70,23.90,30.40,82.00,0.90
Laak,2025-07-18,27.30,24.30,30.80,77.00,0.50
Laak,2025-07-19,27.60,25.50,30.60,75.00,0.00
Laak,2025-07-20,27.60,24.50,31.70,81.00,0.10
Laak,2025-07-21,27.50,25.10,31.90,85.00,5.50
Laak,2025-07-22,26.60,24.30,30.80,87.00,2.20
Laak,2025-07-23,27.40,23.20,32.00,79.00,0.00
Laak,2025-07-24,28.60,25.90,32.30,75.00,0.00
Laak,2025-07-25,28.70,25.70,32.50,76.00,0.00
Laak,2025-07-26,28.70,25.20,32.80,77.00,0.00
Laak,2025-07-27,28.40,24.70,32.80,77.00,0.00
Laak,2025-07-28,28.50,24.80,32.70,76.00,0.00
Laak,2025-07-29,28.90,25.40,33.20,74.00,0.00
Laak,2025-07-30,28.60,25.00,33.10,75.00,0.00
Laak,2025-07-31,28.70,25.00,33.80,76.00,0.10
Laak,2025-08-01,27.80,24.50,33.20,83.00,8.30
Laak,2025-08-02,27.90,23.50,33.00,83.00,0.20
Laak,2025-08-03,27.70,24.00,33.50,84.00,3.80
Laak,2025-08-04,27.70,23.80,33.20,80.00,0.00
Laak,2025-08-05,27.70,24.20,32.80,77.00,3.20
Laak,2025-08-06,26.70,23.60,32.70,83.00,27.60
Laak,2025-08-07,25.80,22.80,31.80,91.00,32.30
Laak,2025-08-08,26.30,23.80,29.70,89.00,6.40
Laak,2025-08-09,26.50,23.00,32.20,88.00,10.50
Laak,2025-08-10,26.20,23.40,31.20,89.00,17.00
Laak,2025-08-11,25.40,22.90,31.00,91.00,12.40
Laak,2025-08-12,25.20,22.40,30.70,90.00,8.80
Laak,2025-08-13,25.70,22.60,31.60,88.00,35.40
Laak,2025-08-14,25.20,23.20,30.40,92.00,33.60
Laak,2025-08-15,25.30,22.70,31.00,91.00,24.60
Laak,2025-08-16,25.30,21.60,30.80,90.00,8.10
Laak,2025-08-17,25.80,22.30,30.20,91.00,15.50
Laak,2025-08-18,26.00,22.50,30.10,89.00,9.30
Laak,2025-08-19,24.90,23.00,28.80,93.00,25.70
Laak,2025-08-20,25.70,22.40,31.40,89.00,10.90
Laak,2025-08-21,25.60,22.70,31.40,90.00,20.80
Laak,2025-08-22,25.20,22.60,30.30,91.00,30.20
Laak,2025-08-23,24.90,22.00,29.00,91.00,7.90
Laak,2025-08-24,24.80,22.90,28.60,92.00,15.30
Laak,2025-08-25,25.10,22.90,28.50,94.00,31.10
Laak,2025-08-26,25.60,22.00,31.50,88.00,18.80
Laak,2025-08-27,25.90,22.60,29.80,88.00,4.90
Laak,2025-08-28,25.90,23.00,30.70,89.00,10.00
Laak,2025-08-29,26.30,23.70,30.30,89.00,0.70
Laak,2025-08-30,24.80,23.50,26.60,96.00,12.30
Laak,2025-08-31,25.30,23.40,29.10,94.00,11.10
Laak,2025-09-01,27.10,23.40,31.80,80.00,0.00
Laak,2025-09-02,26.70,24.00,32.70,87.00,17.50
Laak,2025-09-03,26.60,23.30,31.10,87.00,0.50
Laak,2025-09-04,26.40,23.20,31.60,88.00,11.10
Laak,2025-09-05,26.40,23.50,31.00,88.00,9.80
Laak,2025-09-06,26.40,23.50,30.80,88.00,13.90
Laak,2025-09-07,25.80,23.20,30.90,91.00,7.30
Laak,2025-09-08,24.80,23.10,28.40,93.00,16.10
Laak,2025-09-09,25.90,22.10,32.00,88.00,16.40
Laak,2025-09-10,25.70,22.40,31.20,91.00,8.80
Laak,2025-09-11,25.80,23.00,32.20,91.00,6.20
Laak,2025-09-12,25.60,23.00,30.20,91.00,5.20
Laak,2025-09-13,26.10,23.40,32.10,89.00,13.80
Laak,2025-09-14,25.70,23.40,31.10,93.00,20.20
Laak,2025-09-15,25.50,23.00,30.10,91.00,21.20
Laak,2025-09-16,26.20,23.40,31.00,89.00,4.20
Laak,2025-09-17,25.80,23.50,31.30,91.00,14.40
Laak,2025-09-18,26.10,22.60,31.10,90.00,5.60
Laak,2025-09-19,26.40,23.50,31.80,89.00,3.20
Laak,2025-09-20,26.30,23.60,31.50,91.00,1.10
Laak,2025-09-21,27.50,24.20,32.70,83.00,0.50
Laak,2025-09-22,27.40,24.40,32.70,85.00,3.20
Laak,2025-09-23,26.40,24.00,29.50,88.00,3.70
Laak,2025-09-24,27.30,23.80,31.50,82.00,0.00
Laak,2025-09-25,26.20,23.10,29.80,83.00,2.60
Laak,2025-09-26,27.60,24.50,32.00,72.00,0.00
Laak,2025-09-27,26.20,23.00,31.60,86.00,3.80
Laak,2025-09-28,25.40,22.70,30.90,92.00,16.90
Laak,2025-09-29,25.60,23.10,30.00,91.00,9.60
Laak,2025-09-30,25.90,22.80,31.10,89.00,19.30
Laak,2025-10-01,25.60,22.10,31.20,89.00,3.60
Laak,2025-10-02,26.40,23.20,32.50,86.00,6.80
Laak,2025-10-03,25.90,22.40,32.00,87.00,4.70
Laak,2025-10-04,26.20,22.20,31.80,88.00,5.50
Laak,2025-10-05,26.10,22.80,30.80,88.00,9.90
Laak,2025-10-06,26.00,23.40,31.50,88.00,9.30
Laak,2025-10-07,25.60,23.00,30.20,90.00,8.10
Laak,2025-10-08,25.50,23.50,30.20,92.00,34.30
Laak,2025-10-09,26.50,23.60,31.40,85.00,3.30
Laak,2025-10-10,25.60,23.30,30.00,91.00,15.70
Laak,2025-10-11,25.40,23.90,29.90,93.00,11.40
Laak,2025-10-12,26.50,23.30,31.80,87.00,7.30
Laak,2025-10-13,25.60,23.20,29.90,92.00,13.90
Laak,2025-10-14,26.00,22.80,31.10,89.00,4.10
Laak,2025-10-15,25.90,23.10,32.20,89.00,16.70
Laak,2025-10-16,26.90,23.00,32.50,85.00,0.90
Laak,2025-10-17,26.10,23.20,31.00,91.00,10.70
Laak,2025-10-18,27.10,23.50,31.50,84.00,0.00
Laak,2025-10-19,27.50,23.40,32.70,80.00,0.00
Laak,2025-10-20,27.70,23.40,32.20,82.00,0.30
Laak,2025-10-21,26.40,24.00,31.50,90.00,5.50
Laak,2025-10-22,25.80,23.20,31.40,91.00,7.00
Laak,2025-10-23,26.50,23.60,31.90,89.00,4.20
Laak,2025-10-24,26.50,24.00,32.00,88.00,11.20
Laak,2025-10-25,25.50,22.70,30.60,92.00,21.90
Laak,2025-10-26,25.00,23.40,28.20,94.00,22.40
Laak,2025-10-27,26.30,22.60,30.50,86.00,0.00
Laak,2025-10-28,25.80,23.40,28.60,92.00,1.50
Laak,2025-10-29,25.70,23.10,30.40,90.00,1.10
Laak,2025-10-30,25.90,23.80,30.10,92.00,10.00
Laak,2025-10-31,26.30,23.50,30.50,90.00,2.40
Laak,2025-11-01,26.00,23.80,30.60,92.00,12.50
Laak,2025-11-02,25.80,22.20,31.60,90.00,13.10
Laak,2025-11-03,25.10,22.80,29.90,92.00,6.70
Laak,2025-11-04,27.00,23.50,32.00,82.00,0.20
Laak,2025-11-05,27.70,23.70,33.70,83.00,5.70
Laak,2025-11-06,26.40,23.50,32.50,90.00,15.40
Laak,2025-11-07,27.00,22.60,32.50,84.00,0.00
Laak,2025-11-08,26.50,22.90,30.80,86.00,1.10
Laak,2025-11-09,28.30,25.00,31.90,72.00,0.00
Laak,2025-11-10,28.20,24.70,33.30,77.00,2.50
Laak,2025-11-11,27.20,23.80,32.70,85.00,5.90
Laak,2025-11-12,26.90,23.00,31.60,86.00,3.00
Laak,2025-11-13,25.30,22.80,30.10,92.00,20.60
Laak,2025-11-14,24.80,23.20,27.80,96.00,44.60
Laak,2025-11-15,25.20,23.90,29.00,94.00,11.70
Laak,2025-11-16,25.40,23.50,28.00,94.00,9.70
Laak,2025-11-17,25.30,23.00,30.00,92.00,9.10
Laak,2025-11-18,25.20,22.60,28.50,93.00,5.90
Laak,2025-11-19,24.90,23.70,27.90,94.00,10.50
Laak,2025-11-20,26.00,22.50,30.80,86.00,0.70
Laak,2025-11-21,26.00,22.80,30.20,85.00,1.70
Laak,2025-11-22,26.60,22.90,32.00,84.00,3.10
Laak,2025-11-23,25.40,23.50,28.50,95.00,8.60
Laak,2025-11-24,25.30,24.10,27.50,94.00,12.00
Laak,2025-11-25,27.30,24.20,31.40,83.00,0.80
Laak,2025-11-26,27.30,24.40,32.20,86.00,4.40
Laak,2025-11-27,26.40,23.90,31.90,91.00,8.70
Laak,2025-11-28,26.10,23.00,31.10,90.00,9.30
Laak,2025-11-29,26.20,23.50,31.20,91.00,3.50
Laak,2025-11-30,26.70,23.70,31.10,86.00,0.80
Laak,2025-12-01,24.80,23.90,26.80,94.00,11.70
Laak,2025-12-02,26.20,22.70,30.80,86.00,1.30
Laak,2025-12-03,26.20,22.60,30.50,86.00,0.50
Laak,2025-12-04,26.10,22.70,31.00,86.00,3.80
Laak,2025-12-05,25.50,23.00,30.50,92.00,12.20
Laak,2025-12-06,26.00,23.00,32.10,90.00,9.90
Laak,2025-12-07,26.00,22.60,31.10,90.00,4.00
Laak,2025-12-08,26.60,23.80,31.00,86.00,0.30
Laak,2025-12-09,26.50,23.00,31.00,85.00,0.50
Laak,2025-12-10,26.00,22.50,30.50,87.00,2.00
Laak,2025-12-11,26.50,23.40,31.20,86.00,2.00
Laak,2025-12-12,26.60,23.60,31.60,83.00,1.00
Laak,2025-12-13,26.20,22.40,31.30,83.00,0.10
Laak,2025-12-14,25.50,23.20,30.00,91.00,7.20
Laak,2025-12-15,25.00,23.00,28.50,93.00,8.60
Laak,2025-12-16,25.80,22.50,30.20,87.00,2.10
Laak,2025-12-17,24.90,23.30,28.40,93.00,5.80
Laak,2025-12-18,24.60,23.00,27.10,95.00,10.90
Laak,2025-12-19,24.50,22.70,27.50,95.00,11.90
Laak,2025-12-20,25.10,23.10,29.70,92.00,14.40
Laak,2025-12-21,25.20,23.10,30.10,92.00,12.40
Laak,2025-12-22,25.40,23.60,29.30,92.00,1.80
Laak,2025-12-23,24.90,22.90,27.60,95.00,12.00
Laak,2025-12-24,25.40,23.20,29.50,93.00,5.90
Laak,2025-12-25,25.80,23.20,31.10,89.00,0.70
Laak,2025-12-26,26.10,22.10,31.20,85.00,0.20
Laak,2025-12-27,25.50,23.40,29.10,92.00,13.10
Laak,2025-12-28,25.10,23.00,28.40,92.00,0.90
Laak,2025-12-29,25.70,22.50,30.00,91.00,7.30
Laak,2025-12-30,25.90,23.90,31.50,91.00,19.60
Laak,2025-12-31,26.30,23.40,31.50,87.00,1.90
Laak,2026-01-01,26.10,23.00,30.60,89.00,2.30
Laak,2026-01-02,25.10,23.10,29.80,93.00,13.50
Laak,2026-01-03,25.20,22.90,30.20,92.00,7.40
Laak,2026-01-04,24.90,23.00,29.40,94.00,27.50
Laak,2026-01-05,25.50,22.30,29.80,87.00,0.00
Laak,2026-01-06,25.90,22.30,31.80,86.00,3.30
Laak,2026-01-07,26.30,22.90,31.50,87.00,0.90
Laak,2026-01-08,26.30,22.80,30.50,86.00,1.40
Laak,2026-01-09,26.50,23.00,30.90,85.00,0.50
Laak,2026-01-10,25.10,22.60,28.10,92.00,14.40
Laak,2026-01-11,24.60,22.50,28.20,92.00,3.00
Laak,2026-01-12,25.60,22.30,30.80,87.00,1.10
Laak,2026-01-13,24.40,22.50,28.50,92.00,4.40
Laak,2026-01-14,24.60,22.70,27.70,93.00,8.20
Laak,2026-01-15,25.20,22.80,28.50,89.00,2.10
Laak,2026-01-16,25.70,22.50,30.60,89.00,15.50
Laak,2026-01-17,27.00,22.60,32.80,79.00,0.00
Laak,2026-01-18,26.90,22.90,31.90,76.00,0.00
Laak,2026-01-19,26.60,23.30,31.50,85.00,8.80
Laak,2026-01-20,26.40,23.40,31.30,83.00,0.10
Laak,2026-01-21,25.90,22.10,30.80,80.00,0.20
Laak,2026-01-22,24.70,22.00,29.20,86.00,2.00
Laak,2026-01-23,24.90,21.70,28.90,81.00,0.50
Laak,2026-01-24,24.30,21.80,29.30,88.00,10.90
Laak,2026-01-25,24.20,22.50,26.80,89.00,8.40
Laak,2026-01-26,25.30,22.00,29.40,86.00,1.00
Laak,2026-01-27,25.90,23.00,31.00,88.00,4.60
Laak,2026-01-28,25.00,22.60,28.20,88.00,1.90
Laak,2026-01-29,25.30,21.80,29.90,79.00,0.50
Laak,2026-01-30,24.30,21.20,29.10,85.00,0.50
Laak,2026-01-31,25.10,21.10,30.60,86.00,1.80
Laak,2026-02-01,25.80,22.60,31.10,85.00,1.10
Laak,2026-02-02,25.30,22.50,30.00,90.00,10.50
Laak,2026-02-03,24.20,23.00,27.40,95.00,18.50
Laak,2026-02-04,24.90,21.90,28.90,88.00,0.70
Laak,2026-02-05,23.80,23.00,24.50,96.00,49.60
Laak,2026-02-06,26.50,22.80,31.90,86.00,4.10
Laak,2026-02-07,26.80,22.50,32.50,84.00,21.00
Laak,2026-02-08,25.70,23.10,29.90,88.00,6.20
Laak,2026-02-09,25.60,22.50,30.30,89.00,9.60
Laak,2026-02-10,25.50,23.10,30.30,90.00,2.90
Laak,2026-02-11,25.50,23.10,29.80,90.00,2.60
Laak,2026-02-12,25.10,22.80,29.20,91.00,26.50
Laak,2026-02-13,25.30,22.90,29.40,89.00,43.60
Laak,2026-02-14,25.20,21.60,29.90,89.00,3.10
Laak,2026-02-15,25.70,22.00,31.00,85.00,1.40
Laak,2026-02-16,26.00,23.10,30.90,84.00,1.80
Laak,2026-02-17,25.80,22.50,30.50,85.00,1.60
Laak,2026-02-18,24.10,23.10,25.70,95.00,20.50
Laak,2026-02-19,23.60,22.70,25.70,97.00,41.30
Laak,2026-02-20,23.20,22.50,24.50,97.00,111.80
Laak,2026-02-21,24.40,22.50,27.90,94.00,12.60
Laak,2026-02-22,23.90,22.80,25.90,97.00,29.80
Laak,2026-02-23,24.70,22.90,28.10,94.00,7.10
Laak,2026-02-24,25.50,22.60,29.60,91.00,4.10
Laak,2026-02-25,25.00,22.20,29.00,92.00,24.10
Laak,2026-02-26,23.90,23.00,25.70,97.00,19.40
Laak,2026-02-27,25.60,22.10,31.00,85.00,1.00
Laak,2026-02-28,25.50,22.70,29.90,86.00,1.50
Laak,2026-03-01,25.70,22.40,31.10,86.00,2.60
Laak,2026-03-02,26.10,22.90,31.30,84.00,0.80
Laak,2026-03-03,25.00,22.20,27.80,90.00,2.10
Laak,2026-03-04,25.40,22.70,29.50,90.00,6.30
Laak,2026-03-05,25.90,23.00,29.80,84.00,0.70
Laak,2026-03-06,26.10,22.30,30.90,81.00,0.20
Laak,2026-03-07,25.50,22.00,30.90,87.00,4.80
Laak,2026-03-08,25.00,22.60,29.50,93.00,18.10
Laak,2026-03-09,24.30,23.00,27.50,96.00,37.40
Laak,2026-03-10,24.20,22.50,27.90,93.00,19.80
Laak,2026-03-11,24.20,22.00,28.00,92.00,16.30
Laak,2026-03-12,23.80,21.10,28.10,93.00,9.10
Laak,2026-03-13,24.10,21.10,27.90,90.00,5.30
Laak,2026-03-14,23.70,20.50,27.90,83.00,2.10
Laak,2026-03-15,23.50,18.90,29.30,79.00,0.20
Laak,2026-03-16,23.60,19.00,28.60,81.00,0.40
Laak,2026-03-17,24.70,20.10,30.20,80.00,0.20
Laak,2026-03-18,24.90,20.20,29.40,86.00,0.70
Laak,2026-03-19,25.30,22.10,29.50,86.00,2.10
Laak,2026-03-20,24.50,21.00,29.40,89.00,3.30
Laak,2026-03-21,24.30,22.40,28.00,94.00,11.70
Laak,2026-03-22,25.00,22.00,29.40,85.00,1.50
Laak,2026-03-23,25.10,20.40,30.70,82.00,0.40
Laak,2026-03-24,25.70,21.20,31.00,84.00,0.00
Laak,2026-03-25,26.40,22.10,31.50,84.00,1.80
Laak,2026-03-26,24.30,23.20,26.00,96.00,141.90
Laak,2026-03-27,25.20,21.00,30.20,89.00,2.70
Laak,2026-03-28,25.90,22.90,30.90,79.00,0.00
Laak,2026-03-29,25.00,19.50,31.00,79.00,0.00
Laak,2026-03-30,25.30,20.70,30.90,82.00,1.20
Laak,2026-03-31,25.40,21.40,30.00,85.00,1.20
Laak,2026-04-01,26.00,22.00,30.60,83.00,0.00
Laak,2026-04-02,26.30,22.10,31.10,79.00,0.20
Laak,2026-04-03,26.30,22.10,31.10,79.00,0.50
Laak,2026-04-04,26.30,23.20,31.00,84.00,3.10
Laak,2026-04-05,26.30,22.70,30.40,85.00,0.80
Laak,2026-04-06,26.30,22.10,31.50,82.00,0.20
Laak,2026-04-07,26.30,23.70,31.00,87.00,8.30
Laak,2026-04-08,26.00,23.20,30.80,88.00,2.00
Laak,2026-04-09,26.50,22.10,31.60,79.00,0.30
Laak,2026-04-10,26.80,23.00,32.00,83.00,4.70
Laak,2026-04-11,26.50,22.40,32.00,80.00,0.10
Laak,2026-04-12,26.40,21.60,31.80,74.00,0.00
Laak,2026-04-13,26.40,21.10,32.70,75.00,0.00
Laak,2026-04-14,26.60,21.50,32.20,78.00,0.10
Laak,2026-04-15,26.70,22.50,32.00,79.00,0.80
Laak,2026-04-16,26.80,21.60,32.70,76.00,0.00
Laak,2026-04-17,27.10,22.50,32.70,74.00,1.40
Laak,2026-04-18,27.10,22.40,32.60,73.00,0.00
Laak,2026-04-19,27.20,22.50,33.40,72.00,0.00
Laak,2026-04-20,26.90,21.50,33.00,74.00,0.00
Laak,2026-04-21,27.00,22.80,31.70,78.00,0.80
Laak,2026-04-22,27.30,23.40,32.00,78.00,1.00
Laak,2026-04-23,27.90,23.50,33.80,77.00,0.00
Laak,2026-04-24,28.20,23.90,33.80,75.00,0.10
Laak,2026-04-25,27.50,23.50,31.60,79.00,2.10
Laak,2026-04-26,26.20,24.10,31.50,89.00,29.90
Laak,2026-04-27,27.60,23.70,33.60,79.00,0.40
Laak,2026-04-28,28.00,24.00,33.20,72.00,0.20
Laak,2026-04-29,27.80,22.80,33.20,70.00,0.00
Laak,2026-04-30,26.00,23.80,30.20,89.00,16.90
Laak,2026-05-01,25.30,23.40,29.20,94.00,20.00
Laak,2026-05-02,25.30,23.00,29.90,93.00,21.50
Laak,2026-05-03,26.40,23.60,31.50,89.00,6.50
Laak,2026-05-04,27.10,23.60,32.30,83.00,2.60
Laak,2026-05-05,27.30,23.20,33.30,83.00,0.90
Laak,2026-05-06,26.60,23.80,32.30,88.00,27.40
Laak,2026-05-07,26.30,23.90,30.80,92.00,14.20
Laak,2026-05-08,27.00,24.20,32.00,87.00,7.10
Laak,2026-05-09,26.60,23.40,31.10,87.00,5.70
Laak,2026-05-10,26.00,23.50,30.00,92.00,20.40
Laak,2026-05-11,27.80,23.70,33.00,84.00,2.10
Laak,2026-05-12,28.20,24.50,34.30,84.00,8.60
Laak,2026-05-13,27.80,24.00,33.10,87.00,7.60
Laak,2026-05-14,28.00,25.00,34.00,86.00,6.00
Laak,2026-05-15,27.90,23.70,33.40,83.00,3.40
Laak,2026-05-16,27.80,24.70,32.60,84.00,2.90
Laak,2026-05-17,28.30,25.00,32.90,81.00,1.90
Laak,2026-05-18,27.60,24.40,32.50,87.00,8.90
Laak,2026-05-19,27.00,24.10,32.50,89.00,12.60
Laak,2026-05-20,28.10,23.90,33.70,81.00,1.10
Laak,2026-05-21,28.20,24.00,33.80,81.00,1.10
Laak,2026-05-22,26.50,24.50,31.60,89.00,10.30
Laak,2026-05-23,25.90,24.00,30.20,94.00,33.10
Laak,2026-05-24,26.50,24.00,30.40,92.00,11.30
Laak,2026-05-25,27.40,24.50,31.80,88.00,3.50
Laak,2026-05-26,26.80,24.00,31.60,89.00,16.00
Laak,2026-05-27,27.10,24.40,33.20,88.00,5.60
Laak,2026-05-28,27.20,23.60,32.50,87.00,1.80
Laak,2026-05-29,27.10,24.40,32.80,88.00,7.20
Laak,2026-05-30,27.70,24.60,32.60,87.00,2.70
Laak,2026-05-31,27.10,24.40,32.50,87.00,7.50
Mabini,2023-01-01,25.00,23.30,27.60,91.00,8.30
Mabini,2023-01-02,24.90,23.90,27.00,93.00,70.70
Mabini,2023-01-03,25.20,23.70,28.30,91.00,49.50
Mabini,2023-01-04,25.40,24.10,27.40,92.00,14.90
Mabini,2023-01-05,25.60,23.80,29.70,91.00,17.30
Mabini,2023-01-06,26.50,23.50,31.40,84.00,1.00
Mabini,2023-01-07,24.60,23.70,25.80,93.00,20.20
Mabini,2023-01-08,24.60,23.00,26.10,91.00,11.20
Mabini,2023-01-09,25.70,24.40,28.00,87.00,11.00
Mabini,2023-01-10,25.70,24.10,27.80,88.00,9.10
Mabini,2023-01-11,25.50,23.80,27.60,90.00,10.00
Mabini,2023-01-12,25.50,23.90,27.90,89.00,11.50
Mabini,2023-01-13,26.10,24.20,29.90,89.00,8.70
Mabini,2023-01-14,25.40,23.90,28.10,92.00,24.90
Mabini,2023-01-15,26.50,24.30,30.30,87.00,1.70
Mabini,2023-01-16,26.30,24.40,29.80,90.00,3.10
Mabini,2023-01-17,26.00,24.00,29.40,90.00,12.10
Mabini,2023-01-18,25.80,23.70,29.30,92.00,28.60
Mabini,2023-01-19,26.40,23.60,31.00,87.00,3.10
Mabini,2023-01-20,26.50,23.80,30.00,84.00,0.40
Mabini,2023-01-21,24.90,23.40,28.50,90.00,23.80
Mabini,2023-01-22,24.30,23.40,25.50,95.00,28.50
Mabini,2023-01-23,24.80,23.40,27.00,92.00,21.70
Mabini,2023-01-24,25.50,23.60,29.10,90.00,13.60
Mabini,2023-01-25,24.80,23.50,27.10,88.00,21.10
Mabini,2023-01-26,25.30,23.90,27.90,88.00,37.20
Mabini,2023-01-27,25.50,23.50,28.60,91.00,14.90
Mabini,2023-01-28,26.70,23.60,31.40,86.00,1.60
Mabini,2023-01-29,25.20,24.10,26.80,91.00,20.80
Mabini,2023-01-30,25.50,24.20,28.70,92.00,20.60
Mabini,2023-01-31,25.80,23.90,28.20,92.00,5.40
Mabini,2023-02-01,26.60,23.40,30.10,86.00,0.90
Mabini,2023-02-02,26.50,23.80,31.20,84.00,1.50
Mabini,2023-02-03,26.90,23.50,31.60,79.00,0.10
Mabini,2023-02-04,25.50,23.90,28.30,88.00,7.60
Mabini,2023-02-05,25.30,22.90,29.90,89.00,36.10
Mabini,2023-02-06,25.90,23.30,30.80,86.00,2.60
Mabini,2023-02-07,25.70,23.70,29.50,88.00,2.60
Mabini,2023-02-08,25.10,22.90,29.20,88.00,10.30
Mabini,2023-02-09,25.40,23.00,29.20,89.00,4.80
Mabini,2023-02-10,26.40,23.40,30.70,85.00,0.70
Mabini,2023-02-11,26.30,23.40,30.30,84.00,1.20
Mabini,2023-02-12,26.60,23.80,31.50,80.00,0.30
Mabini,2023-02-13,25.40,24.20,27.20,89.00,14.80
Mabini,2023-02-14,25.20,23.70,27.70,90.00,35.20
Mabini,2023-02-15,25.50,23.80,29.30,88.00,79.20
Mabini,2023-02-16,25.90,23.80,29.90,85.00,0.70
Mabini,2023-02-17,25.00,23.80,26.30,87.00,4.60
Mabini,2023-02-18,26.20,24.10,29.60,87.00,24.80
Mabini,2023-02-19,26.40,23.10,29.10,87.00,0.00
Mabini,2023-02-20,26.90,25.00,28.90,85.00,5.40
Mabini,2023-02-21,25.80,23.70,29.20,91.00,19.40
Mabini,2023-02-22,25.80,23.50,30.10,89.00,17.80
Mabini,2023-02-23,26.80,23.90,31.40,87.00,1.40
Mabini,2023-02-24,26.20,23.70,30.40,90.00,4.60
Mabini,2023-02-25,26.10,23.80,30.50,89.00,12.60
Mabini,2023-02-26,26.50,23.70,30.40,84.00,0.70
Mabini,2023-02-27,26.40,24.10,29.20,88.00,1.70
Mabini,2023-02-28,25.90,23.40,29.90,89.00,4.10
Mabini,2023-03-01,25.80,23.90,29.70,90.00,17.70
Mabini,2023-03-02,25.90,23.40,29.20,84.00,2.20
Mabini,2023-03-03,26.60,23.60,30.10,73.00,0.00
Mabini,2023-03-04,25.80,23.90,27.70,84.00,4.90
Mabini,2023-03-05,26.80,23.60,30.90,81.00,1.40
Mabini,2023-03-06,26.70,23.60,30.60,81.00,0.70
Mabini,2023-03-07,26.00,24.60,28.20,86.00,5.60
Mabini,2023-03-08,27.00,24.30,31.80,82.00,6.90
Mabini,2023-03-09,26.50,24.00,30.80,85.00,4.60
Mabini,2023-03-10,27.50,23.60,31.90,76.00,0.00
Mabini,2023-03-11,27.40,24.00,32.10,77.00,1.70
Mabini,2023-03-12,26.70,24.70,30.50,81.00,7.70
Mabini,2023-03-13,26.10,24.00,29.90,84.00,18.80
Mabini,2023-03-14,24.70,23.60,26.70,89.00,25.10
Mabini,2023-03-15,26.40,23.20,30.50,83.00,0.00
Mabini,2023-03-16,26.60,24.50,30.50,86.00,18.20
Mabini,2023-03-17,26.60,23.90,31.40,88.00,3.50
Mabini,2023-03-18,26.20,23.80,30.20,88.00,4.60
Mabini,2023-03-19,26.20,24.20,31.20,88.00,22.60
Mabini,2023-03-20,27.40,23.80,32.20,80.00,0.00
Mabini,2023-03-21,27.10,23.00,32.10,82.00,0.80
Mabini,2023-03-22,26.50,23.30,30.70,86.00,9.70
Mabini,2023-03-23,26.50,23.30,31.00,87.00,5.60
Mabini,2023-03-24,26.30,24.10,29.60,90.00,16.70
Mabini,2023-03-25,27.10,24.00,31.40,87.00,3.30
Mabini,2023-03-26,27.10,23.90,31.40,84.00,1.20
Mabini,2023-03-27,26.30,24.20,30.40,88.00,4.60
Mabini,2023-03-28,26.10,24.20,29.70,89.00,18.80
Mabini,2023-03-29,25.10,23.50,29.00,92.00,35.90
Mabini,2023-03-30,25.70,23.90,30.00,91.00,33.10
Mabini,2023-03-31,26.00,24.30,28.90,89.00,10.90
Mabini,2023-04-01,25.50,23.80,29.90,91.00,26.70
Mabini,2023-04-02,25.90,24.20,29.70,91.00,18.00
Mabini,2023-04-03,26.60,23.80,30.90,86.00,3.50
Mabini,2023-04-04,27.10,24.10,31.30,81.00,2.30
Mabini,2023-04-05,26.30,23.70,31.10,86.00,21.20
Mabini,2023-04-06,27.10,24.30,31.30,81.00,2.60
Mabini,2023-04-07,27.30,24.30,32.10,80.00,0.70
Mabini,2023-04-08,27.20,25.00,31.50,80.00,2.40
Mabini,2023-04-09,26.40,24.20,31.00,86.00,11.70
Mabini,2023-04-10,26.80,23.70,29.80,81.00,0.00
Mabini,2023-04-11,27.10,24.30,29.50,82.00,0.20
Mabini,2023-04-12,27.10,23.80,30.10,86.00,1.30
Mabini,2023-04-13,27.20,25.00,30.10,89.00,2.30
Mabini,2023-04-14,26.90,24.70,29.60,89.00,4.70
Mabini,2023-04-15,26.60,24.70,30.20,90.00,3.40
Mabini,2023-04-16,27.00,24.50,30.00,88.00,1.80
Mabini,2023-04-17,26.90,24.40,29.70,89.00,8.40
Mabini,2023-04-18,27.00,24.40,30.40,88.00,11.00
Mabini,2023-04-19,27.70,24.50,31.80,85.00,1.40
Mabini,2023-04-20,27.40,25.20,30.40,86.00,3.70
Mabini,2023-04-21,27.10,25.00,30.30,87.00,6.30
Mabini,2023-04-22,26.80,24.60,30.30,89.00,8.80
Mabini,2023-04-23,27.00,24.20,31.10,89.00,12.70
Mabini,2023-04-24,27.20,24.80,30.30,89.00,8.70
Mabini,2023-04-25,27.90,24.20,32.30,85.00,0.50
Mabini,2023-04-26,27.70,24.10,31.40,85.00,2.70
Mabini,2023-04-27,27.00,24.30,31.00,89.00,10.80
Mabini,2023-04-28,28.20,24.70,32.30,84.00,3.00
Mabini,2023-04-29,27.40,25.40,31.70,86.00,21.50
Mabini,2023-04-30,26.70,24.90,30.60,89.00,24.60
Mabini,2023-05-01,27.40,24.50,31.40,85.00,5.50
Mabini,2023-05-02,26.50,25.00,29.80,90.00,20.60
Mabini,2023-05-03,27.00,24.80,29.10,88.00,5.70
Mabini,2023-05-04,27.10,24.60,30.60,89.00,8.40
Mabini,2023-05-05,26.90,25.00,30.70,89.00,14.90
Mabini,2023-05-06,27.00,25.00,30.20,89.00,9.10
Mabini,2023-05-07,27.50,24.70,30.20,87.00,1.40
Mabini,2023-05-08,28.20,25.00,32.60,87.00,2.00
Mabini,2023-05-09,28.70,25.30,33.50,81.00,4.30
Mabini,2023-05-10,28.30,25.10,32.60,83.00,1.20
Mabini,2023-05-11,27.40,24.30,30.90,89.00,0.70
Mabini,2023-05-12,27.70,25.40,30.70,89.00,2.50
Mabini,2023-05-13,27.80,25.10,31.40,88.00,9.60
Mabini,2023-05-14,27.10,25.10,30.90,88.00,23.30
Mabini,2023-05-15,26.90,24.40,31.60,89.00,7.70
Mabini,2023-05-16,27.20,24.90,31.30,88.00,7.50
Mabini,2023-05-17,27.60,24.80,31.20,87.00,11.50
Mabini,2023-05-18,27.30,25.00,30.90,88.00,5.30
Mabini,2023-05-19,26.60,25.20,28.90,90.00,11.30
Mabini,2023-05-20,26.90,24.70,29.60,86.00,1.10
Mabini,2023-05-21,27.20,24.80,31.40,88.00,22.80
Mabini,2023-05-22,27.10,25.10,30.20,88.00,3.90
Mabini,2023-05-23,27.20,25.10,30.70,87.00,20.20
Mabini,2023-05-24,26.90,25.00,29.50,89.00,2.40
Mabini,2023-05-25,27.20,25.40,30.70,90.00,8.00
Mabini,2023-05-26,27.50,25.50,30.30,86.00,13.70
Mabini,2023-05-27,28.30,26.10,31.20,79.00,6.80
Mabini,2023-05-28,28.40,25.80,30.90,81.00,0.00
Mabini,2023-05-29,28.60,27.30,30.80,79.00,0.10
Mabini,2023-05-30,28.60,27.10,30.40,80.00,0.50
Mabini,2023-05-31,28.70,27.20,30.30,78.00,0.00
Mabini,2023-06-01,28.80,27.90,30.60,79.00,0.00
Mabini,2023-06-02,28.70,26.50,31.40,82.00,15.60
Mabini,2023-06-03,27.50,25.10,31.20,88.00,2.10
Mabini,2023-06-04,27.10,25.10,30.70,89.00,10.60
Mabini,2023-06-05,27.10,25.50,30.10,89.00,9.10
Mabini,2023-06-06,27.10,24.90,30.40,88.00,18.00
Mabini,2023-06-07,27.50,25.50,30.60,87.00,0.70
Mabini,2023-06-08,27.90,25.50,30.90,82.00,8.40
Mabini,2023-06-09,27.90,25.60,31.00,83.00,1.70
Mabini,2023-06-10,28.50,26.80,30.70,79.00,0.10
Mabini,2023-06-11,27.90,25.60,30.30,86.00,0.00
Mabini,2023-06-12,28.00,25.70,30.40,86.00,4.40
Mabini,2023-06-13,26.90,24.50,30.50,88.00,13.70
Mabini,2023-06-14,26.60,25.30,29.00,89.00,22.10
Mabini,2023-06-15,26.80,24.90,28.70,90.00,2.80
Mabini,2023-06-16,26.10,25.00,27.30,92.00,14.80
Mabini,2023-06-17,26.40,24.60,29.80,91.00,25.20
Mabini,2023-06-18,26.80,24.80,30.10,89.00,16.80
Mabini,2023-06-19,26.50,24.70,29.90,90.00,24.00
Mabini,2023-06-20,26.50,24.60,30.50,89.00,8.80
Mabini,2023-06-21,26.30,23.90,30.00,88.00,15.50
Mabini,2023-06-22,26.80,25.40,29.00,89.00,9.90
Mabini,2023-06-23,26.70,24.60,29.90,90.00,7.10
Mabini,2023-06-24,26.90,24.80,30.00,87.00,7.30
Mabini,2023-06-25,27.10,24.50,30.50,85.00,0.50
Mabini,2023-06-26,27.00,24.50,29.50,88.00,0.00
Mabini,2023-06-27,27.50,24.80,30.40,86.00,0.80
Mabini,2023-06-28,27.00,24.50,30.50,86.00,9.50
Mabini,2023-06-29,26.30,24.00,29.80,88.00,3.80
Mabini,2023-06-30,26.80,24.30,30.60,89.00,19.20
Mabini,2023-07-01,27.00,24.00,30.20,89.00,5.40
Mabini,2023-07-02,26.60,24.80,30.30,90.00,11.60
Mabini,2023-07-03,25.70,24.40,28.00,93.00,50.60
Mabini,2023-07-04,26.00,24.10,29.00,90.00,33.50
Mabini,2023-07-05,27.10,23.50,31.60,85.00,10.50
Mabini,2023-07-06,26.80,24.60,30.80,89.00,17.60
Mabini,2023-07-07,26.80,23.90,30.60,87.00,16.90
Mabini,2023-07-08,26.50,24.10,30.60,88.00,25.40
Mabini,2023-07-09,26.40,23.30,30.20,89.00,4.50
Mabini,2023-07-10,27.00,24.20,31.90,84.00,3.30
Mabini,2023-07-11,26.90,24.10,30.30,85.00,4.10
Mabini,2023-07-12,27.00,24.90,28.70,87.00,3.00
Mabini,2023-07-13,27.50,26.00,30.20,80.00,10.00
Mabini,2023-07-14,28.20,26.50,30.40,77.00,0.00
Mabini,2023-07-15,28.10,25.60,31.60,79.00,0.00
Mabini,2023-07-16,28.20,25.80,30.80,78.00,0.40
Mabini,2023-07-17,27.80,24.90,30.50,79.00,8.10
Mabini,2023-07-18,25.80,24.40,27.70,89.00,13.80
Mabini,2023-07-19,26.30,24.00,30.40,82.00,1.00
Mabini,2023-07-20,27.20,23.50,30.70,83.00,4.20
Mabini,2023-07-21,27.50,24.20,30.60,82.00,1.20
Mabini,2023-07-22,27.10,25.60,29.70,84.00,4.40
Mabini,2023-07-23,28.00,25.00,30.60,76.00,0.20
Mabini,2023-07-24,27.80,25.70,30.20,78.00,1.40
Mabini,2023-07-25,27.90,26.40,30.00,78.00,3.10
Mabini,2023-07-26,28.20,27.10,30.20,75.00,0.10
Mabini,2023-07-27,28.00,26.60,29.60,78.00,0.00
Mabini,2023-07-28,27.30,25.90,29.40,82.00,3.30
Mabini,2023-07-29,27.90,26.40,30.30,79.00,0.40
Mabini,2023-07-30,28.10,26.80,30.40,79.00,0.10
Mabini,2023-07-31,28.20,26.60,30.60,77.00,0.00
Mabini,2023-08-01,28.50,26.60,31.10,75.00,0.00
Mabini,2023-08-02,28.40,26.50,31.10,76.00,0.00
Mabini,2023-08-03,28.50,26.90,31.30,77.00,0.20
Mabini,2023-08-04,28.40,25.60,31.60,78.00,6.90
Mabini,2023-08-05,28.10,24.50,32.20,82.00,0.10
Mabini,2023-08-06,28.50,25.80,31.40,80.00,1.10
Mabini,2023-08-07,28.80,25.90,31.70,77.00,0.10
Mabini,2023-08-08,28.60,25.10,32.60,76.00,7.40
Mabini,2023-08-09,27.80,25.00,32.20,81.00,7.90
Mabini,2023-08-10,27.60,25.50,31.70,84.00,6.40
Mabini,2023-08-11,27.40,25.30,29.20,83.00,1.00
Mabini,2023-08-12,27.50,25.50,30.40,81.00,8.70
Mabini,2023-08-13,27.40,24.90,30.90,82.00,2.80
Mabini,2023-08-14,27.20,24.80,30.20,81.00,0.50
Mabini,2023-08-15,27.20,24.70,30.80,83.00,5.40
Mabini,2023-08-16,26.80,24.60,29.80,84.00,1.60
Mabini,2023-08-17,27.30,24.90,30.50,80.00,0.20
Mabini,2023-08-18,27.50,25.40,31.30,79.00,1.90
Mabini,2023-08-19,26.80,24.60,30.00,85.00,14.70
Mabini,2023-08-20,26.50,24.30,30.20,87.00,10.10
Mabini,2023-08-21,26.40,24.60,29.50,88.00,8.30
Mabini,2023-08-22,26.60,24.50,30.10,86.00,5.30
Mabini,2023-08-23,26.60,24.90,28.90,85.00,5.00
Mabini,2023-08-24,27.20,24.50,31.10,82.00,8.50
Mabini,2023-08-25,27.10,23.50,30.60,85.00,0.00
Mabini,2023-08-26,28.00,26.00,31.10,79.00,7.20
Mabini,2023-08-27,27.70,25.10,31.30,79.00,0.50
Mabini,2023-08-28,28.30,26.30,30.70,75.00,0.80
Mabini,2023-08-29,28.70,27.00,31.40,73.00,0.20
Mabini,2023-08-30,29.00,27.00,31.60,71.00,0.00
Mabini,2023-08-31,29.10,27.20,31.70,73.00,0.00
Mabini,2023-09-01,29.20,27.30,31.90,72.00,0.00
Mabini,2023-09-02,29.20,27.40,31.90,71.00,0.40
Mabini,2023-09-03,28.90,26.90,32.10,72.00,0.00
Mabini,2023-09-04,28.80,26.60,32.30,74.00,0.40
Mabini,2023-09-05,28.10,25.30,31.60,78.00,7.40
Mabini,2023-09-06,26.90,24.80,30.90,88.00,31.90
Mabini,2023-09-07,26.70,24.50,30.30,88.00,23.70
Mabini,2023-09-08,27.20,24.90,31.10,82.00,2.20
Mabini,2023-09-09,26.70,23.70,30.60,86.00,8.80
Mabini,2023-09-10,26.80,24.10,29.80,85.00,1.20
Mabini,2023-09-11,27.50,24.20,31.80,80.00,4.00
Mabini,2023-09-12,27.30,24.70,30.80,84.00,8.30
Mabini,2023-09-13,27.10,25.00,31.20,84.00,11.10
Mabini,2023-09-14,27.30,24.70,30.50,82.00,5.60
Mabini,2023-09-15,26.30,24.30,29.20,87.00,5.60
Mabini,2023-09-16,26.20,23.90,31.20,86.00,16.90
Mabini,2023-09-17,25.90,23.80,30.50,89.00,45.30
Mabini,2023-09-18,25.70,23.60,28.50,90.00,22.80
Mabini,2023-09-19,26.50,23.80,30.00,88.00,11.90
Mabini,2023-09-20,26.30,24.00,28.70,90.00,4.70
Mabini,2023-09-21,26.30,23.70,29.00,87.00,2.00
Mabini,2023-09-22,27.70,25.70,30.50,79.00,0.70
Mabini,2023-09-23,28.60,26.00,31.60,74.00,0.70
Mabini,2023-09-24,28.20,25.20,32.30,79.00,3.30
Mabini,2023-09-25,27.90,24.70,31.70,82.00,1.30
Mabini,2023-09-26,27.10,24.40,31.00,83.00,5.90
Mabini,2023-09-27,27.90,24.80,31.00,81.00,0.40
Mabini,2023-09-28,28.10,25.10,31.40,79.00,0.00
Mabini,2023-09-29,28.30,25.40,31.60,79.00,0.20
Mabini,2023-09-30,28.40,24.90,31.60,75.00,0.50
Mabini,2023-10-01,28.70,26.90,31.20,75.00,0.00
Mabini,2023-10-02,29.10,27.00,32.40,75.00,0.00
Mabini,2023-10-03,28.30,25.70,32.00,79.00,4.70
Mabini,2023-10-04,27.50,23.80,32.40,84.00,5.90
Mabini,2023-10-05,27.60,24.10,32.80,81.00,8.10
Mabini,2023-10-06,27.50,24.30,31.40,82.00,2.00
Mabini,2023-10-07,27.10,25.00,31.50,85.00,14.40
Mabini,2023-10-08,27.10,24.20,32.30,84.00,26.60
Mabini,2023-10-09,26.20,23.90,30.20,90.00,22.40
Mabini,2023-10-10,26.20,24.70,28.80,88.00,16.40
Mabini,2023-10-11,27.10,24.50,30.50,84.00,0.70
Mabini,2023-10-12,27.50,24.70,31.80,84.00,1.20
Mabini,2023-10-13,26.50,24.70,28.30,88.00,10.60
Mabini,2023-10-14,27.70,25.40,30.40,81.00,0.70
Mabini,2023-10-15,27.60,24.30,31.70,79.00,9.40
Mabini,2023-10-16,26.60,23.50,31.70,85.00,4.70
Mabini,2023-10-17,26.80,24.00,31.70,83.00,15.90
Mabini,2023-10-18,26.50,23.30,31.60,86.00,8.80
Mabini,2023-10-19,26.40,23.40,30.10,86.00,7.70
Mabini,2023-10-20,27.00,24.20,30.70,87.00,2.60
Mabini,2023-10-21,26.90,24.20,31.90,87.00,10.80
Mabini,2023-10-22,26.40,23.30,31.40,86.00,11.30
Mabini,2023-10-23,26.60,22.90,31.30,84.00,5.50
Mabini,2023-10-24,26.50,23.10,31.10,85.00,9.90
Mabini,2023-10-25,26.50,23.70,31.10,86.00,10.00
Mabini,2023-10-26,26.20,23.80,28.80,88.00,11.40
Mabini,2023-10-27,26.90,24.40,31.60,82.00,12.30
Mabini,2023-10-28,27.70,24.00,32.90,80.00,0.50
Mabini,2023-10-29,26.50,24.30,30.60,88.00,5.00
Mabini,2023-10-30,26.30,23.40,30.00,90.00,20.80
Mabini,2023-10-31,27.30,23.30,31.20,83.00,0.30
Mabini,2023-11-01,27.10,24.10,31.50,85.00,7.50
Mabini,2023-11-02,27.30,23.50,32.00,85.00,4.10
Mabini,2023-11-03,27.00,24.60,31.50,85.00,10.00
Mabini,2023-11-04,26.40,24.10,30.60,89.00,27.60
Mabini,2023-11-05,26.30,24.00,31.10,88.00,21.70
Mabini,2023-11-06,27.50,23.30,32.00,83.00,2.10
Mabini,2023-11-07,26.90,24.90,30.40,87.00,18.60
Mabini,2023-11-08,26.00,24.00,30.00,90.00,22.10
Mabini,2023-11-09,26.50,24.00,30.40,88.00,17.10
Mabini,2023-11-10,26.50,24.30,31.40,89.00,7.50
Mabini,2023-11-11,27.10,24.00,31.90,85.00,1.10
Mabini,2023-11-12,27.40,24.20,31.20,84.00,1.40
Mabini,2023-11-13,27.70,24.90,32.50,80.00,5.00
Mabini,2023-11-14,28.10,24.10,33.20,78.00,0.20
Mabini,2023-11-15,27.90,24.80,33.20,75.00,0.60
Mabini,2023-11-16,26.10,24.00,28.20,88.00,9.50
Mabini,2023-11-17,26.60,24.40,29.10,86.00,11.80
Mabini,2023-11-18,27.60,25.10,32.10,81.00,2.70
Mabini,2023-11-19,27.40,25.40,31.10,83.00,3.00
Mabini,2023-11-20,27.20,24.10,30.80,86.00,1.70
Mabini,2023-11-21,27.10,24.90,30.50,87.00,2.90
Mabini,2023-11-22,26.70,24.20,30.10,90.00,4.10
Mabini,2023-11-23,26.20,24.50,29.60,92.00,11.30
Mabini,2023-11-24,26.00,24.00,30.70,90.00,3.00
Mabini,2023-11-25,25.80,23.70,29.80,92.00,25.40
Mabini,2023-11-26,27.40,23.80,32.00,82.00,1.00
Mabini,2023-11-27,26.60,24.10,31.50,87.00,12.00
Mabini,2023-11-28,26.10,24.30,29.90,91.00,28.60
Mabini,2023-11-29,26.20,24.40,29.60,91.00,17.30
Mabini,2023-11-30,26.40,23.90,30.30,89.00,8.80
Mabini,2023-12-01,26.50,24.20,31.10,90.00,11.20
Mabini,2023-12-02,26.40,24.30,31.30,89.00,20.90
Mabini,2023-12-03,26.10,23.80,30.30,89.00,5.00
Mabini,2023-12-04,26.40,23.60,31.00,87.00,3.70
Mabini,2023-12-05,26.80,24.40,30.70,88.00,6.60
Mabini,2023-12-06,26.40,24.50,29.20,88.00,10.40
Mabini,2023-12-07,26.50,24.40,30.30,90.00,10.80
Mabini,2023-12-08,26.10,24.00,30.30,89.00,26.80
Mabini,2023-12-09,26.50,23.90,31.10,87.00,2.20
Mabini,2023-12-10,27.20,23.60,31.80,81.00,0.60
Mabini,2023-12-11,27.30,23.60,31.80,78.00,0.60
Mabini,2023-12-12,27.20,23.20,31.30,80.00,0.80
Mabini,2023-12-13,26.80,23.90,30.30,84.00,0.40
Mabini,2023-12-14,27.40,23.70,32.10,79.00,1.00
Mabini,2023-12-15,26.50,24.10,31.40,86.00,5.40
Mabini,2023-12-16,27.60,24.20,32.10,76.00,0.50
Mabini,2023-12-17,26.40,25.00,28.40,82.00,2.00
Mabini,2023-12-18,25.30,24.40,26.80,93.00,14.80
Mabini,2023-12-19,25.40,24.30,28.00,93.00,80.10
Mabini,2023-12-20,27.20,24.10,32.10,85.00,3.00
Mabini,2023-12-21,26.90,23.70,31.50,82.00,1.50
Mabini,2023-12-22,26.20,23.90,29.70,89.00,4.60
Mabini,2023-12-23,27.00,23.50,31.80,82.00,1.40
Mabini,2023-12-24,27.00,23.90,31.20,84.00,1.40
Mabini,2023-12-25,26.00,24.00,28.70,89.00,3.00
Mabini,2023-12-26,26.10,23.80,30.20,90.00,7.10
Mabini,2023-12-27,26.50,23.90,30.90,88.00,3.80
Mabini,2023-12-28,27.10,23.80,31.70,81.00,0.70
Mabini,2023-12-29,26.60,24.10,31.50,84.00,17.60
Mabini,2023-12-30,26.40,24.30,30.20,90.00,37.70
Mabini,2023-12-31,27.10,23.50,31.80,86.00,4.10
Mabini,2024-01-01,26.60,24.70,30.10,89.00,7.00
Mabini,2024-01-02,25.70,24.60,28.20,93.00,36.90
Mabini,2024-01-03,26.80,24.10,29.70,86.00,6.10
Mabini,2024-01-04,26.60,23.70,31.40,85.00,4.90
Mabini,2024-01-05,27.40,23.30,32.70,79.00,0.00
Mabini,2024-01-06,26.40,24.20,30.10,84.00,5.90
Mabini,2024-01-07,26.90,24.00,31.60,86.00,1.50
Mabini,2024-01-08,26.60,23.90,30.20,87.00,2.10
Mabini,2024-01-09,25.60,23.80,28.00,93.00,17.10
Mabini,2024-01-10,26.70,23.90,31.20,88.00,1.30
Mabini,2024-01-11,27.70,23.70,32.60,77.00,0.70
Mabini,2024-01-12,27.30,24.60,31.40,80.00,0.30
Mabini,2024-01-13,26.70,23.70,31.20,84.00,0.90
Mabini,2024-01-14,26.80,24.10,31.30,79.00,0.40
Mabini,2024-01-15,26.20,24.40,30.00,86.00,16.50
Mabini,2024-01-16,25.00,23.90,26.80,91.00,139.60
Mabini,2024-01-17,25.40,23.60,29.20,88.00,9.90
Mabini,2024-01-18,24.90,23.60,26.50,94.00,11.60
Mabini,2024-01-19,26.20,23.20,29.80,86.00,1.80
Mabini,2024-01-20,26.50,23.00,30.90,84.00,0.50
Mabini,2024-01-21,27.40,24.00,31.60,77.00,0.00
Mabini,2024-01-22,26.90,23.80,31.00,82.00,0.50
Mabini,2024-01-23,26.70,23.70,30.40,81.00,0.00
Mabini,2024-01-24,26.40,23.00,31.20,81.00,0.10
Mabini,2024-01-25,26.30,23.20,31.20,78.00,0.20
Mabini,2024-01-26,25.70,23.20,29.40,82.00,2.70
Mabini,2024-01-27,25.50,23.00,29.40,75.00,0.20
Mabini,2024-01-28,25.30,23.20,28.30,80.00,0.40
Mabini,2024-01-29,24.80,23.70,26.40,91.00,10.00
Mabini,2024-01-30,25.10,23.80,28.00,93.00,86.50
Mabini,2024-01-31,24.50,23.90,25.50,95.00,58.50
Mabini,2024-02-01,25.20,23.70,27.60,93.00,40.00
Mabini,2024-02-02,25.20,23.90,29.00,94.00,12.30
Mabini,2024-02-03,26.50,22.90,30.50,84.00,2.50
Mabini,2024-02-04,26.00,24.20,29.50,90.00,11.90
Mabini,2024-02-05,26.60,23.00,30.60,84.00,4.60
Mabini,2024-02-06,25.50,23.10,28.30,88.00,2.20
Mabini,2024-02-07,25.60,23.30,28.50,88.00,12.10
Mabini,2024-02-08,25.30,23.70,26.90,92.00,2.60
Mabini,2024-02-09,26.10,22.60,30.60,86.00,2.00
Mabini,2024-02-10,26.60,22.70,31.20,76.00,0.50
Mabini,2024-02-11,25.80,24.30,27.70,79.00,2.10
Mabini,2024-02-12,26.50,23.40,30.90,75.00,0.00
Mabini,2024-02-13,26.70,23.70,30.90,75.00,0.30
Mabini,2024-02-14,27.00,23.90,32.20,73.00,1.30
Mabini,2024-02-15,26.40,21.60,31.80,78.00,0.20
Mabini,2024-02-16,26.10,23.50,30.20,86.00,4.40
Mabini,2024-02-17,26.70,22.70,31.60,80.00,0.00
Mabini,2024-02-18,26.90,24.50,30.00,86.00,3.10
Mabini,2024-02-19,26.80,22.70,32.20,79.00,0.50
Mabini,2024-02-20,27.10,23.30,33.40,77.00,0.00
Mabini,2024-02-21,26.20,22.30,30.90,83.00,2.70
Mabini,2024-02-22,26.10,24.10,29.60,92.00,14.50
Mabini,2024-02-23,25.20,24.00,28.20,94.00,38.30
Mabini,2024-02-24,26.70,23.70,31.00,87.00,1.80
Mabini,2024-02-25,26.60,21.90,32.20,77.00,0.60
Mabini,2024-02-26,26.40,23.10,30.80,81.00,1.90
Mabini,2024-02-27,26.00,24.10,29.60,80.00,2.50
Mabini,2024-02-28,25.20,23.50,28.10,86.00,14.80
Mabini,2024-02-29,26.20,23.50,29.90,88.00,4.60
Mabini,2024-03-01,26.90,24.40,31.00,84.00,3.10
Mabini,2024-03-02,27.00,23.40,31.60,77.00,0.30
Mabini,2024-03-03,26.70,22.70,32.30,74.00,0.00
Mabini,2024-03-04,26.60,22.40,32.20,74.00,0.00
Mabini,2024-03-05,27.40,23.50,31.90,78.00,0.70
Mabini,2024-03-06,27.70,24.50,32.10,83.00,4.20
Mabini,2024-03-07,27.20,23.50,32.50,74.00,0.00
Mabini,2024-03-08,26.30,21.90,30.80,79.00,4.10
Mabini,2024-03-09,27.10,23.30,32.90,75.00,0.00
Mabini,2024-03-10,26.80,22.60,32.60,70.00,0.00
Mabini,2024-03-11,26.90,22.70,32.90,69.00,0.00
Mabini,2024-03-12,26.00,24.20,29.30,88.00,16.40
Mabini,2024-03-13,26.90,23.90,31.10,79.00,0.60
Mabini,2024-03-14,27.10,23.10,32.50,75.00,0.30
Mabini,2024-03-15,27.40,23.90,33.10,73.00,0.20
Mabini,2024-03-16,27.20,22.60,32.80,70.00,0.00
Mabini,2024-03-17,27.40,23.40,33.00,70.00,0.00
Mabini,2024-03-18,27.20,22.60,32.90,71.00,0.00
Mabini,2024-03-19,27.70,22.90,33.40,71.00,1.20
Mabini,2024-03-20,28.20,24.10,33.90,73.00,0.10
Mabini,2024-03-21,27.30,24.20,32.70,77.00,6.40
Mabini,2024-03-22,28.10,24.50,33.60,69.00,0.60
Mabini,2024-03-23,27.90,23.50,33.70,68.00,0.10
Mabini,2024-03-24,27.60,23.70,32.90,74.00,2.30
Mabini,2024-03-25,27.90,23.70,34.20,77.00,2.10
Mabini,2024-03-26,27.90,24.40,31.90,84.00,7.80
Mabini,2024-03-27,27.20,24.20,32.60,84.00,4.90
Mabini,2024-03-28,27.00,24.20,32.40,88.00,6.40
Mabini,2024-03-29,25.90,24.00,30.30,90.00,22.50
Mabini,2024-03-30,27.80,23.40,33.20,79.00,1.00
Mabini,2024-03-31,27.60,24.20,31.60,82.00,3.80
Mabini,2024-04-01,27.90,23.20,34.80,71.00,0.10
Mabini,2024-04-02,27.40,23.00,33.30,75.00,1.80
Mabini,2024-04-03,28.10,23.20,33.50,76.00,0.20
Mabini,2024-04-04,27.90,24.30,32.20,80.00,1.30
Mabini,2024-04-05,28.20,24.70,32.30,80.00,0.50
Mabini,2024-04-06,26.70,25.00,30.70,88.00,11.40
Mabini,2024-04-07,27.60,23.60,33.40,80.00,3.30
Mabini,2024-04-08,26.30,21.80,32.10,85.00,7.60
Mabini,2024-04-09,27.50,23.50,33.00,80.00,0.70
Mabini,2024-04-10,27.20,23.90,32.00,82.00,2.40
Mabini,2024-04-11,27.50,22.60,33.00,78.00,0.10
Mabini,2024-04-12,27.80,23.30,32.80,78.00,0.80
Mabini,2024-04-13,27.80,23.50,32.60,77.00,0.80
Mabini,2024-04-14,28.00,23.30,33.80,78.00,1.00
Mabini,2024-04-15,28.70,24.50,34.60,79.00,2.50
Mabini,2024-04-16,28.10,24.80,32.20,81.00,3.30
Mabini,2024-04-17,29.00,24.60,35.10,75.00,0.50
Mabini,2024-04-18,28.80,24.20,34.50,73.00,0.70
Mabini,2024-04-19,28.80,24.40,34.20,72.00,1.50
Mabini,2024-04-20,28.90,23.30,35.70,66.00,0.00
Mabini,2024-04-21,27.60,25.40,30.40,83.00,7.30
Mabini,2024-04-22,28.50,25.00,33.60,81.00,8.60
Mabini,2024-04-23,27.60,24.90,31.10,86.00,2.60
Mabini,2024-04-24,28.40,25.30,33.30,83.00,4.80
Mabini,2024-04-25,28.80,24.60,34.00,79.00,3.30
Mabini,2024-04-26,28.00,25.00,32.00,85.00,27.30
Mabini,2024-04-27,27.10,25.20,31.90,89.00,26.80
Mabini,2024-04-28,28.30,24.40,33.30,81.00,1.40
Mabini,2024-04-29,27.90,25.20,32.60,81.00,12.10
Mabini,2024-04-30,25.80,24.60,27.90,94.00,28.90
Mabini,2024-05-01,27.40,24.50,30.90,85.00,4.40
Mabini,2024-05-02,28.70,24.80,34.00,78.00,0.40
Mabini,2024-05-03,28.30,23.30,34.30,72.00,1.10
Mabini,2024-05-04,27.20,24.60,32.10,83.00,14.00
Mabini,2024-05-05,28.20,24.70,33.10,82.00,1.60
Mabini,2024-05-06,28.10,25.00,33.50,81.00,4.70
Mabini,2024-05-07,28.20,24.00,32.90,80.00,0.50
Mabini,2024-05-08,28.10,24.20,33.20,82.00,2.40
Mabini,2024-05-09,27.40,23.80,31.60,84.00,8.40
Mabini,2024-05-10,27.40,24.40,32.70,86.00,18.40
Mabini,2024-05-11,27.70,23.80,32.50,84.00,7.80
Mabini,2024-05-12,26.80,25.00,29.90,90.00,25.90
Mabini,2024-05-13,27.30,24.40,31.50,89.00,9.60
Mabini,2024-05-14,27.90,24.00,32.60,86.00,4.10
Mabini,2024-05-15,28.10,24.70,32.70,83.00,7.00
Mabini,2024-05-16,27.80,24.60,32.60,84.00,10.40
Mabini,2024-05-17,28.40,24.20,32.60,81.00,0.30
Mabini,2024-05-18,28.90,25.70,33.40,78.00,0.50
Mabini,2024-05-19,28.10,24.80,32.00,83.00,0.70
Mabini,2024-05-20,27.60,24.50,30.70,87.00,10.00
Mabini,2024-05-21,27.60,24.60,30.70,86.00,24.90
Mabini,2024-05-22,27.50,24.10,32.70,85.00,8.80
Mabini,2024-05-23,28.10,24.20,33.80,85.00,13.70
Mabini,2024-05-24,27.50,25.20,31.60,88.00,13.40
Mabini,2024-05-25,28.40,24.90,32.20,84.00,2.20
Mabini,2024-05-26,27.70,25.70,31.10,89.00,16.00
Mabini,2024-05-27,27.70,25.00,31.00,88.00,5.80
Mabini,2024-05-28,28.20,25.00,31.20,84.00,5.20
Mabini,2024-05-29,27.90,24.70,31.90,85.00,15.30
Mabini,2024-05-30,27.70,25.10,30.80,88.00,9.80
Mabini,2024-05-31,27.70,24.80,32.30,87.00,24.80
Mabini,2024-06-01,28.10,25.30,32.00,85.00,5.60
Mabini,2024-06-02,27.70,25.20,31.50,88.00,8.40
Mabini,2024-06-03,27.80,24.90,31.50,85.00,7.70
Mabini,2024-06-04,27.60,24.40,30.70,85.00,1.20
Mabini,2024-06-05,28.30,25.50,32.10,84.00,1.70
Mabini,2024-06-06,27.20,24.80,30.40,88.00,7.50
Mabini,2024-06-07,27.20,24.40,31.20,87.00,2.70
Mabini,2024-06-08,26.80,23.90,30.70,89.00,29.50
Mabini,2024-06-09,27.00,23.90,31.40,87.00,29.20
Mabini,2024-06-10,26.60,24.20,29.60,90.00,10.30
Mabini,2024-06-11,27.20,24.50,32.20,86.00,12.80
Mabini,2024-06-12,26.90,24.10,30.40,88.00,6.80
Mabini,2024-06-13,26.00,24.30,27.70,92.00,20.00
Mabini,2024-06-14,27.30,24.20,31.00,84.00,0.00
Mabini,2024-06-15,27.30,24.60,31.60,83.00,1.70
Mabini,2024-06-16,26.50,24.20,31.10,89.00,14.70
Mabini,2024-06-17,26.80,24.20,30.60,89.00,6.20
Mabini,2024-06-18,27.00,24.00,31.20,86.00,19.90
Mabini,2024-06-19,26.40,24.70,29.50,89.00,7.30
Mabini,2024-06-20,25.80,24.50,27.30,91.00,7.80
Mabini,2024-06-21,27.00,24.20,29.70,86.00,2.90
Mabini,2024-06-22,26.40,24.60,29.10,90.00,22.30
Mabini,2024-06-23,26.60,24.30,30.30,87.00,26.90
Mabini,2024-06-24,26.40,24.30,30.20,90.00,27.20
Mabini,2024-06-25,26.60,24.10,30.70,89.00,24.90
Mabini,2024-06-26,25.60,24.20,27.80,92.00,19.20
Mabini,2024-06-27,26.60,24.00,31.10,89.00,28.00
Mabini,2024-06-28,27.20,23.90,30.70,87.00,1.80
Mabini,2024-06-29,27.10,24.20,31.70,88.00,15.40
Mabini,2024-06-30,26.60,24.40,30.60,90.00,18.60
Mabini,2024-07-01,26.70,25.00,29.60,89.00,3.60
Mabini,2024-07-02,26.60,24.70,29.90,91.00,11.30
Mabini,2024-07-03,26.60,23.90,30.70,90.00,25.00
Mabini,2024-07-04,25.90,23.70,29.10,89.00,29.50
Mabini,2024-07-05,26.50,22.90,30.10,87.00,4.40
Mabini,2024-07-06,26.80,23.60,30.50,88.00,5.80
Mabini,2024-07-07,27.10,23.50,31.10,87.00,4.80
Mabini,2024-07-08,26.10,24.40,28.00,90.00,2.50
Mabini,2024-07-09,26.70,23.90,30.90,85.00,12.70
Mabini,2024-07-10,26.90,23.70,30.90,86.00,19.90
Mabini,2024-07-11,26.10,23.80,30.20,90.00,33.20
Mabini,2024-07-12,25.80,24.10,29.10,92.00,36.70
Mabini,2024-07-13,26.90,24.60,30.10,87.00,3.10
Mabini,2024-07-14,26.30,24.80,28.00,85.00,8.50
Mabini,2024-07-15,25.80,24.50,28.50,92.00,22.70
Mabini,2024-07-16,25.80,23.80,29.40,91.00,20.30
Mabini,2024-07-17,26.60,25.00,28.60,86.00,2.50
Mabini,2024-07-18,26.50,25.60,28.00,88.00,6.60
Mabini,2024-07-19,26.60,25.60,28.40,86.00,4.10
Mabini,2024-07-20,27.50,26.20,29.40,81.00,0.80
Mabini,2024-07-21,27.60,26.20,30.40,81.00,0.70
Mabini,2024-07-22,27.70,26.10,29.70,82.00,1.20
Mabini,2024-07-23,28.20,26.90,30.40,78.00,0.20
Mabini,2024-07-24,28.30,26.60,31.00,78.00,0.00
Mabini,2024-07-25,28.20,26.60,30.40,80.00,0.00
Mabini,2024-07-26,27.70,25.60,30.50,87.00,4.00
Mabini,2024-07-27,26.10,24.60,29.10,92.00,15.70
Mabini,2024-07-28,26.60,24.00,30.00,86.00,0.10
Mabini,2024-07-29,26.90,24.80,30.00,87.00,1.80
Mabini,2024-07-30,27.00,23.70,30.20,85.00,1.20
Mabini,2024-07-31,27.30,24.70,30.20,83.00,0.50
Mabini,2024-08-01,27.10,25.00,30.30,83.00,14.30
Mabini,2024-08-02,27.40,24.70,31.00,81.00,0.10
Mabini,2024-08-03,27.90,24.40,31.20,79.00,0.00
Mabini,2024-08-04,27.70,25.00,30.30,81.00,0.00
Mabini,2024-08-05,28.00,26.20,30.70,78.00,0.00
Mabini,2024-08-06,28.30,26.10,31.00,79.00,0.00
Mabini,2024-08-07,27.80,24.40,30.60,83.00,2.60
Mabini,2024-08-08,27.20,25.00,30.40,85.00,21.00
Mabini,2024-08-09,26.40,24.00,30.10,88.00,8.50
Mabini,2024-08-10,27.80,25.40,31.00,80.00,1.40
Mabini,2024-08-11,27.60,23.90,30.60,84.00,0.40
Mabini,2024-08-12,28.00,26.20,30.70,81.00,1.10
Mabini,2024-08-13,26.70,24.40,30.10,88.00,25.60
Mabini,2024-08-14,26.90,23.40,30.50,85.00,2.00
Mabini,2024-08-15,27.20,23.60,30.70,86.00,4.10
Mabini,2024-08-16,27.50,25.50,30.50,85.00,6.10
Mabini,2024-08-17,26.90,24.20,31.50,88.00,24.40
Mabini,2024-08-18,27.00,23.80,31.00,87.00,5.20
Mabini,2024-08-19,26.90,24.20,30.10,87.00,11.70
Mabini,2024-08-20,26.90,24.70,30.10,89.00,11.30
Mabini,2024-08-21,27.00,24.20,31.90,87.00,9.40
Mabini,2024-08-22,26.80,24.90,31.20,89.00,43.70
Mabini,2024-08-23,27.30,24.50,30.60,85.00,6.40
Mabini,2024-08-24,27.00,24.00,30.20,83.00,2.00
Mabini,2024-08-25,27.60,24.90,30.90,83.00,10.60
Mabini,2024-08-26,27.60,24.20,30.50,83.00,0.30
Mabini,2024-08-27,28.20,25.90,32.00,82.00,1.40
Mabini,2024-08-28,28.20,25.20,31.80,80.00,0.60
Mabini,2024-08-29,26.20,25.20,27.40,90.00,10.50
Mabini,2024-08-30,27.10,24.80,30.30,88.00,8.50
Mabini,2024-08-31,26.60,25.30,28.50,86.00,3.40
Mabini,2024-09-01,27.30,25.90,29.30,82.00,2.70
Mabini,2024-09-02,28.40,26.40,31.10,75.00,0.00
Mabini,2024-09-03,28.40,26.80,30.60,80.00,0.20
Mabini,2024-09-04,28.60,26.70,31.70,77.00,0.60
Mabini,2024-09-05,28.30,25.10,32.30,79.00,4.10
Mabini,2024-09-06,27.70,24.60,30.70,87.00,3.40
Mabini,2024-09-07,28.20,26.00,31.80,84.00,7.20
Mabini,2024-09-08,27.70,24.50,31.30,82.00,11.20
Mabini,2024-09-09,27.70,24.60,32.20,83.00,20.90
Mabini,2024-09-10,26.90,23.90,30.20,86.00,1.60
Mabini,2024-09-11,28.00,25.20,32.50,82.00,5.30
Mabini,2024-09-12,27.30,25.50,29.90,82.00,3.30
Mabini,2024-09-13,27.30,24.80,30.00,83.00,1.60
Mabini,2024-09-14,28.30,26.70,30.50,73.00,0.40
Mabini,2024-09-15,28.50,27.10,30.70,72.00,0.90
Mabini,2024-09-16,28.50,26.70,30.80,74.00,0.30
Mabini,2024-09-17,28.50,26.90,31.30,74.00,0.00
Mabini,2024-09-18,29.00,27.30,31.50,73.00,0.10
Mabini,2024-09-19,27.70,25.70,30.40,84.00,1.00
Mabini,2024-09-20,27.60,25.80,30.90,86.00,4.70
Mabini,2024-09-21,27.20,24.40,30.90,86.00,14.90
Mabini,2024-09-22,26.70,24.10,30.00,87.00,14.10
Mabini,2024-09-23,27.40,23.80,31.50,82.00,3.50
Mabini,2024-09-24,26.30,24.20,30.60,88.00,13.80
Mabini,2024-09-25,27.00,23.90,30.80,85.00,8.60
Mabini,2024-09-26,27.00,23.30,31.00,84.00,1.80
Mabini,2024-09-27,27.00,23.70,30.80,85.00,1.20
Mabini,2024-09-28,27.50,23.50,31.10,82.00,0.00
Mabini,2024-09-29,28.50,26.90,31.00,80.00,0.10
Mabini,2024-09-30,27.00,24.90,29.90,87.00,15.40
Mabini,2024-10-01,26.30,23.60,31.00,87.00,21.20
Mabini,2024-10-02,27.10,24.30,32.10,85.00,13.60
Mabini,2024-10-03,26.20,23.40,28.70,89.00,2.80
Mabini,2024-10-04,27.30,24.00,31.00,84.00,4.50
Mabini,2024-10-05,27.40,23.70,31.00,83.00,0.10
Mabini,2024-10-06,28.10,24.60,31.50,78.00,0.30
Mabini,2024-10-07,28.20,24.70,31.70,78.00,0.00
Mabini,2024-10-08,28.20,25.30,31.70,80.00,0.00
Mabini,2024-10-09,27.90,25.00,31.70,83.00,0.00
Mabini,2024-10-10,27.70,25.00,31.70,83.00,5.20
Mabini,2024-10-11,27.60,24.20,31.80,81.00,2.30
Mabini,2024-10-12,27.20,23.70,30.30,83.00,1.70
Mabini,2024-10-13,27.80,24.20,31.60,83.00,5.50
Mabini,2024-10-14,27.30,24.70,31.20,86.00,12.30
Mabini,2024-10-15,26.80,23.60,30.60,86.00,10.20
Mabini,2024-10-16,26.80,23.50,31.20,86.00,17.30
Mabini,2024-10-17,27.00,23.90,30.80,85.00,1.40
Mabini,2024-10-18,27.10,24.10,31.00,87.00,8.50
Mabini,2024-10-19,27.60,24.60,31.40,83.00,0.60
Mabini,2024-10-20,27.40,24.70,32.00,83.00,17.10
Mabini,2024-10-21,28.00,25.20,31.50,77.00,1.80
Mabini,2024-10-22,27.70,25.90,29.80,78.00,0.20
Mabini,2024-10-23,29.00,27.10,31.90,73.00,1.10
Mabini,2024-10-24,29.40,26.90,31.70,71.00,0.20
Mabini,2024-10-25,28.90,26.50,32.60,74.00,0.90
Mabini,2024-10-26,28.00,25.50,31.80,78.00,0.70
Mabini,2024-10-27,28.60,25.80,31.70,68.00,0.00
Mabini,2024-10-28,29.10,26.00,32.90,69.00,3.40
Mabini,2024-10-29,28.80,25.30,32.70,71.00,0.00
Mabini,2024-10-30,28.60,25.40,33.80,72.00,3.50
Mabini,2024-10-31,27.50,25.20,32.40,82.00,11.90
Mabini,2024-11-01,27.60,24.10,33.20,77.00,5.20
Mabini,2024-11-02,27.00,24.00,31.70,83.00,6.30
Mabini,2024-11-03,27.00,23.80,32.30,84.00,4.00
Mabini,2024-11-04,26.20,23.30,30.90,85.00,1.40
Mabini,2024-11-05,26.30,23.80,28.90,85.00,0.60
Mabini,2024-11-06,27.70,24.80,33.10,77.00,4.60
Mabini,2024-11-07,26.50,23.70,31.40,87.00,15.10
Mabini,2024-11-08,27.60,23.80,32.50,80.00,5.10
Mabini,2024-11-09,27.50,23.70,33.00,80.00,13.30
Mabini,2024-11-10,27.40,24.00,32.20,84.00,2.10
Mabini,2024-11-11,27.70,24.40,31.60,85.00,4.30
Mabini,2024-11-12,27.20,23.50,32.20,84.00,2.50
Mabini,2024-11-13,27.80,22.70,33.40,78.00,0.50
Mabini,2024-11-14,28.20,23.40,34.40,76.00,1.00
Mabini,2024-11-15,27.80,24.20,33.70,81.00,3.90
Mabini,2024-11-16,28.40,25.30,33.40,76.00,1.30
Mabini,2024-11-17,27.60,24.50,33.60,83.00,13.30
Mabini,2024-11-18,26.10,23.40,32.20,90.00,5.90
Mabini,2024-11-19,26.30,24.20,31.00,89.00,1.30
Mabini,2024-11-20,27.30,23.80,33.10,81.00,1.80
Mabini,2024-11-21,28.20,23.40,34.50,77.00,1.00
Mabini,2024-11-22,26.90,24.30,31.80,85.00,4.50
Mabini,2024-11-23,25.70,23.80,30.30,95.00,16.80
Mabini,2024-11-24,26.40,23.80,31.70,90.00,13.60
Mabini,2024-11-25,26.50,24.10,31.10,89.00,3.10
Mabini,2024-11-26,27.40,23.50,33.60,81.00,9.70
Mabini,2024-11-27,25.80,24.10,30.80,94.00,35.40
Mabini,2024-11-28,25.80,23.90,29.80,94.00,12.80
Mabini,2024-11-29,25.80,24.10,29.00,94.00,43.90
Mabini,2024-11-30,25.80,23.40,30.70,93.00,27.60
Mabini,2024-12-01,26.10,24.90,28.00,95.00,7.90
Mabini,2024-12-02,26.20,23.60,31.00,91.00,16.40
Mabini,2024-12-03,26.70,24.10,30.80,91.00,2.40
Mabini,2024-12-04,27.50,24.10,32.70,81.00,0.20
Mabini,2024-12-05,27.60,23.70,32.60,79.00,1.20
Mabini,2024-12-06,27.30,23.90,32.20,83.00,2.10
Mabini,2024-12-07,26.50,24.50,30.80,91.00,10.80
Mabini,2024-12-08,25.50,24.10,28.70,95.00,26.80
Mabini,2024-12-09,26.40,24.60,32.40,94.00,24.70
Mabini,2024-12-10,25.70,24.40,28.10,97.00,34.00
Mabini,2024-12-11,26.20,23.90,31.80,92.00,28.00
Mabini,2024-12-12,25.80,24.10,28.90,94.00,14.40
Mabini,2024-12-13,26.40,24.20,31.50,91.00,8.10
Mabini,2024-12-14,26.40,23.20,30.70,84.00,1.80
Mabini,2024-12-15,26.30,24.10,29.20,82.00,0.70
Mabini,2024-12-16,25.30,23.80,28.00,91.00,14.80
Mabini,2024-12-17,24.50,23.50,26.10,97.00,12.70
Mabini,2024-12-18,26.10,23.70,30.30,90.00,15.40
Mabini,2024-12-19,26.00,23.70,29.40,91.00,4.30
Mabini,2024-12-20,25.80,24.20,29.20,95.00,17.70
Mabini,2024-12-21,26.50,24.00,29.30,91.00,1.70
Mabini,2024-12-22,26.70,24.40,31.60,92.00,7.00
Mabini,2024-12-23,26.50,23.40,31.80,90.00,7.30
Mabini,2024-12-24,25.90,24.40,27.90,96.00,18.30
Mabini,2024-12-25,25.50,23.90,28.30,95.00,45.50
Mabini,2024-12-26,25.30,24.00,28.00,96.00,29.60
Mabini,2024-12-27,25.00,23.80,27.10,97.00,16.70
Mabini,2024-12-28,25.90,24.00,29.20,91.00,2.20
Mabini,2024-12-29,26.10,23.70,31.00,90.00,31.90
Mabini,2024-12-30,25.90,23.60,30.20,94.00,9.60
Mabini,2024-12-31,25.50,23.40,29.00,95.00,35.50
Mabini,2025-01-01,25.60,24.00,28.00,93.00,7.90
Mabini,2025-01-02,25.50,23.60,30.40,94.00,18.20
Mabini,2025-01-03,26.00,23.50,31.00,91.00,8.50
Mabini,2025-01-04,25.60,23.00,30.80,93.00,18.50
Mabini,2025-01-05,25.50,22.90,29.70,93.00,13.40
Mabini,2025-01-06,26.00,23.10,30.30,91.00,6.60
Mabini,2025-01-07,26.10,23.20,30.90,91.00,8.50
Mabini,2025-01-08,25.80,23.70,30.50,94.00,23.90
Mabini,2025-01-09,25.50,23.70,29.00,94.00,15.80
Mabini,2025-01-10,25.20,23.10,30.20,93.00,16.10
Mabini,2025-01-11,25.50,23.10,29.40,92.00,13.10
Mabini,2025-01-12,25.50,23.10,29.70,93.00,15.30
Mabini,2025-01-13,26.00,23.10,30.00,92.00,3.10
Mabini,2025-01-14,26.30,23.20,31.20,87.00,0.80
Mabini,2025-01-15,25.30,23.50,28.60,92.00,3.60
Mabini,2025-01-16,26.50,23.60,30.50,88.00,1.10
Mabini,2025-01-17,26.80,23.60,32.30,80.00,0.00
Mabini,2025-01-18,26.70,22.70,31.90,76.00,0.00
Mabini,2025-01-19,26.20,24.20,29.70,83.00,23.00
Mabini,2025-01-20,25.70,24.30,29.40,96.00,15.80
Mabini,2025-01-21,26.00,23.40,30.80,92.00,8.30
Mabini,2025-01-22,26.50,23.80,31.20,90.00,2.10
Mabini,2025-01-23,25.90,24.20,29.90,92.00,31.10
Mabini,2025-01-24,26.10,23.40,30.30,91.00,5.50
Mabini,2025-01-25,25.70,24.00,28.90,94.00,20.30
Mabini,2025-01-26,25.60,23.40,29.00,93.00,6.60
Mabini,2025-01-27,25.20,23.40,28.00,94.00,29.30
Mabini,2025-01-28,26.30,23.10,30.80,83.00,0.00
Mabini,2025-01-29,24.90,23.30,27.70,93.00,7.40
Mabini,2025-01-30,25.30,23.50,29.40,94.00,12.30
Mabini,2025-01-31,26.20,23.20,31.20,88.00,1.50
Mabini,2025-02-01,25.60,22.70,30.80,90.00,15.30
Mabini,2025-02-02,24.90,23.40,27.80,97.00,39.70
Mabini,2025-02-03,26.10,22.50,30.80,85.00,0.40
Mabini,2025-02-04,25.80,23.90,29.60,86.00,2.20
Mabini,2025-02-05,25.10,23.40,27.20,91.00,8.90
Mabini,2025-02-06,24.60,23.10,27.00,96.00,10.00
Mabini,2025-02-07,25.40,23.50,29.10,93.00,19.90
Mabini,2025-02-08,25.80,23.40,30.00,93.00,13.40
Mabini,2025-02-09,26.20,23.30,31.20,89.00,3.90
Mabini,2025-02-10,25.00,23.40,28.10,96.00,12.20
Mabini,2025-02-11,26.40,23.70,30.50,85.00,0.80
Mabini,2025-02-12,24.70,23.40,26.10,96.00,23.20
Mabini,2025-02-13,25.60,23.20,29.30,91.00,18.20
Mabini,2025-02-14,25.50,23.20,28.80,90.00,4.20
Mabini,2025-02-15,25.50,23.60,29.90,96.00,21.00
Mabini,2025-02-16,25.10,22.70,29.10,94.00,13.90
Mabini,2025-02-17,25.60,22.60,30.80,91.00,30.00
Mabini,2025-02-18,25.70,22.60,31.40,90.00,6.20
Mabini,2025-02-19,25.40,23.20,29.60,92.00,18.50
Mabini,2025-02-20,25.30,23.00,30.90,92.00,15.80
Mabini,2025-02-21,24.70,23.10,27.70,94.00,7.80
Mabini,2025-02-22,25.70,23.00,30.70,89.00,1.10
Mabini,2025-02-23,25.70,22.00,30.90,86.00,1.50
Mabini,2025-02-24,25.70,22.60,30.20,86.00,1.50
Mabini,2025-02-25,24.50,22.80,27.00,95.00,8.40
Mabini,2025-02-26,25.50,22.60,29.60,91.00,1.90
Mabini,2025-02-27,25.20,22.60,28.40,89.00,3.50
Mabini,2025-02-28,24.50,23.00,26.90,97.00,16.10
Mabini,2025-03-01,25.90,23.30,30.70,91.00,20.70
Mabini,2025-03-02,26.00,23.50,31.30,91.00,19.70
Mabini,2025-03-03,25.70,23.40,30.20,93.00,20.60
Mabini,2025-03-04,25.50,24.20,30.10,96.00,45.10
Mabini,2025-03-05,25.50,23.90,29.20,96.00,28.20
Mabini,2025-03-06,25.30,23.10,28.20,94.00,18.40
Mabini,2025-03-07,25.50,23.00,30.80,93.00,13.80
Mabini,2025-03-08,26.90,23.20,31.80,85.00,1.80
Mabini,2025-03-09,25.20,23.50,28.30,95.00,22.10
Mabini,2025-03-10,25.00,23.10,30.10,94.00,8.60
Mabini,2025-03-11,26.60,23.00,32.00,85.00,0.50
Mabini,2025-03-12,26.90,22.50,32.10,82.00,2.50
Mabini,2025-03-13,27.10,23.70,31.90,81.00,2.20
Mabini,2025-03-14,26.90,23.50,31.60,84.00,1.30
Mabini,2025-03-15,26.70,24.00,31.70,89.00,4.60
Mabini,2025-03-16,25.40,24.10,28.70,96.00,30.70
Mabini,2025-03-17,25.50,23.40,29.10,96.00,24.40
Mabini,2025-03-18,26.60,23.40,31.30,87.00,1.30
Mabini,2025-03-19,26.30,23.90,32.30,90.00,10.20
Mabini,2025-03-20,26.70,23.90,31.90,89.00,3.50
Mabini,2025-03-21,25.80,23.50,29.60,92.00,4.20
Mabini,2025-03-22,26.90,23.90,31.40,86.00,3.30
Mabini,2025-03-23,25.70,23.80,28.30,93.00,15.50
Mabini,2025-03-24,26.00,23.60,31.20,90.00,16.70
Mabini,2025-03-25,26.50,22.90,31.20,86.00,1.20
Mabini,2025-03-26,26.50,23.70,31.70,89.00,13.00
Mabini,2025-03-27,26.70,23.80,31.00,87.00,2.00
Mabini,2025-03-28,26.50,23.80,31.30,89.00,6.90
Mabini,2025-03-29,26.00,23.20,30.80,93.00,40.30
Mabini,2025-03-30,25.70,23.60,30.60,94.00,29.90
Mabini,2025-03-31,25.80,23.50,31.50,91.00,10.20
Mabini,2025-04-01,27.00,22.90,32.40,83.00,0.50
Mabini,2025-04-02,27.10,23.70,31.30,85.00,0.70
Mabini,2025-04-03,26.80,23.60,31.80,86.00,6.50
Mabini,2025-04-04,26.70,23.60,31.40,89.00,2.50
Mabini,2025-04-05,25.80,23.30,29.10,89.00,3.80
Mabini,2025-04-06,25.80,23.60,30.40,93.00,17.80
Mabini,2025-04-07,25.80,23.60,29.20,93.00,5.70
Mabini,2025-04-08,26.20,23.30,31.90,90.00,9.50
Mabini,2025-04-09,27.10,23.10,32.60,83.00,1.20
Mabini,2025-04-10,27.10,23.70,31.80,83.00,7.10
Mabini,2025-04-11,25.70,23.80,29.80,95.00,30.30
Mabini,2025-04-12,25.70,24.40,29.30,96.00,21.40
Mabini,2025-04-13,25.70,23.50,31.10,93.00,23.20
Mabini,2025-04-14,26.10,23.40,31.00,93.00,11.60
Mabini,2025-04-15,26.50,23.80,31.70,91.00,8.50
Mabini,2025-04-16,27.30,23.70,32.00,85.00,1.40
Mabini,2025-04-17,26.80,22.60,32.40,85.00,3.40
Mabini,2025-04-18,27.30,24.10,32.50,85.00,1.20
Mabini,2025-04-19,26.20,23.60,30.40,88.00,10.30
Mabini,2025-04-20,26.20,23.30,31.50,92.00,14.90
Mabini,2025-04-21,26.90,24.00,31.90,88.00,15.70
Mabini,2025-04-22,27.40,23.40,32.50,84.00,2.00
Mabini,2025-04-23,27.50,24.00,32.70,82.00,0.40
Mabini,2025-04-24,27.50,23.40,32.60,82.00,0.90
Mabini,2025-04-25,26.70,23.60,31.90,89.00,22.00
Mabini,2025-04-26,25.30,23.80,28.20,96.00,16.00
Mabini,2025-04-27,25.50,23.90,30.00,95.00,35.40
Mabini,2025-04-28,25.90,23.30,31.80,91.00,9.70
Mabini,2025-04-29,25.80,23.70,30.90,93.00,26.40
Mabini,2025-04-30,25.50,24.10,29.60,96.00,26.10
Mabini,2025-05-01,26.50,23.60,31.40,92.00,16.00
Mabini,2025-05-02,25.80,24.60,29.00,94.00,15.30
Mabini,2025-05-03,26.50,24.40,30.70,89.00,8.60
Mabini,2025-05-04,26.80,23.60,30.60,86.00,8.30
Mabini,2025-05-05,26.50,23.70,30.10,89.00,5.10
Mabini,2025-05-06,26.00,23.60,29.10,92.00,2.80
Mabini,2025-05-07,26.10,24.00,30.10,93.00,19.50
Mabini,2025-05-08,26.10,23.40,30.40,91.00,14.60
Mabini,2025-05-09,26.10,23.60,31.40,94.00,24.80
Mabini,2025-05-10,26.10,23.40,32.00,92.00,21.80
Mabini,2025-05-11,26.60,23.90,31.30,88.00,4.50
Mabini,2025-05-12,27.10,23.20,32.10,84.00,2.00
Mabini,2025-05-13,26.50,23.70,31.20,90.00,18.10
Mabini,2025-05-14,25.90,24.20,30.50,94.00,30.30
Mabini,2025-05-15,26.00,24.10,30.20,95.00,26.60
Mabini,2025-05-16,26.10,23.70,31.90,93.00,24.90
Mabini,2025-05-17,25.60,24.20,28.20,96.00,33.10
Mabini,2025-05-18,25.30,24.20,27.00,97.00,25.30
Mabini,2025-05-19,26.00,23.60,30.70,93.00,31.20
Mabini,2025-05-20,25.90,23.50,30.00,94.00,24.00
Mabini,2025-05-21,25.60,24.00,29.60,96.00,23.70
Mabini,2025-05-22,25.90,23.90,30.50,93.00,23.70
Mabini,2025-05-23,25.60,24.10,28.60,96.00,44.00
Mabini,2025-05-24,25.60,23.20,29.30,95.00,33.90
Mabini,2025-05-25,26.40,23.90,31.10,90.00,9.20
Mabini,2025-05-26,26.90,23.90,31.20,89.00,12.80
Mabini,2025-05-27,26.40,24.20,30.40,94.00,32.50
Mabini,2025-05-28,26.00,23.80,29.00,94.00,11.80
Mabini,2025-05-29,26.10,24.10,30.80,92.00,21.40
Mabini,2025-05-30,26.70,23.20,30.70,90.00,4.60
Mabini,2025-05-31,26.20,23.90,30.80,94.00,30.70
Mabini,2025-06-01,26.30,24.10,31.00,91.00,13.60
Mabini,2025-06-02,26.60,24.40,30.80,92.00,23.40
Mabini,2025-06-03,26.30,23.80,30.80,93.00,17.80
Mabini,2025-06-04,26.70,24.10,31.10,91.00,18.80
Mabini,2025-06-05,26.20,23.80,30.60,92.00,18.30
Mabini,2025-06-06,26.70,24.40,31.10,89.00,2.00
Mabini,2025-06-07,26.70,24.30,30.10,87.00,1.00
Mabini,2025-06-08,27.80,25.30,31.60,80.00,0.30
Mabini,2025-06-09,27.90,24.60,31.80,80.00,0.70
Mabini,2025-06-10,28.00,24.80,31.50,80.00,0.00
Mabini,2025-06-11,27.40,25.70,29.50,82.00,0.80
Mabini,2025-06-12,26.60,24.90,30.30,92.00,14.60
Mabini,2025-06-13,26.10,23.50,30.40,93.00,13.10
Mabini,2025-06-14,26.10,23.40,31.00,91.00,23.10
Mabini,2025-06-15,25.30,23.90,27.70,95.00,12.00
Mabini,2025-06-16,26.40,24.00,29.50,88.00,1.70
Mabini,2025-06-17,26.20,24.00,30.70,90.00,18.70
Mabini,2025-06-18,26.50,23.80,31.60,89.00,9.70
Mabini,2025-06-19,25.40,23.70,27.50,95.00,16.30
Mabini,2025-06-20,26.10,23.90,29.40,92.00,8.80
Mabini,2025-06-21,25.80,23.50,30.60,91.00,26.50
Mabini,2025-06-22,26.50,23.10,32.40,87.00,7.30
Mabini,2025-06-23,25.40,23.70,27.70,95.00,9.90
Mabini,2025-06-24,26.10,23.80,30.10,90.00,15.30
Mabini,2025-06-25,26.50,23.30,30.80,88.00,0.10
Mabini,2025-06-26,26.60,23.40,30.10,84.00,0.20
Mabini,2025-06-27,26.90,24.00,31.60,85.00,1.00
Mabini,2025-06-28,26.80,23.40,31.70,86.00,6.20
Mabini,2025-06-29,26.00,23.90,30.90,91.00,17.10
Mabini,2025-06-30,25.90,23.50,29.00,90.00,9.00
Mabini,2025-07-01,27.10,24.00,30.90,86.00,0.20
Mabini,2025-07-02,27.40,24.70,31.20,85.00,4.00
Mabini,2025-07-03,27.40,23.90,31.20,85.00,1.20
Mabini,2025-07-04,26.70,24.20,31.80,86.00,13.50
Mabini,2025-07-05,27.30,24.60,31.00,86.00,7.60
Mabini,2025-07-06,25.60,23.40,28.60,91.00,13.10
Mabini,2025-07-07,26.60,23.10,31.80,87.00,23.30
Mabini,2025-07-08,26.70,23.60,31.50,85.00,2.40
Mabini,2025-07-09,26.60,23.90,30.60,85.00,12.80
Mabini,2025-07-10,27.30,24.80,31.60,82.00,1.20
Mabini,2025-07-11,26.50,24.40,29.60,85.00,6.90
Mabini,2025-07-12,26.50,24.40,29.90,88.00,5.90
Mabini,2025-07-13,27.30,24.10,31.00,82.00,0.20
Mabini,2025-07-14,27.40,24.20,31.20,83.00,1.20
Mabini,2025-07-15,27.50,25.60,32.10,83.00,5.40
Mabini,2025-07-16,27.50,24.30,31.60,81.00,0.00
Mabini,2025-07-17,27.20,25.00,30.70,79.00,1.30
Mabini,2025-07-18,27.50,25.10,30.70,79.00,1.30
Mabini,2025-07-19,27.80,25.70,30.40,76.00,1.20
Mabini,2025-07-20,28.10,26.10,31.20,77.00,0.00
Mabini,2025-07-21,28.10,25.60,31.50,78.00,1.40
Mabini,2025-07-22,27.60,24.70,31.40,80.00,0.10
Mabini,2025-07-23,28.70,25.40,32.60,71.00,0.00
Mabini,2025-07-24,29.00,27.50,31.50,71.00,0.30
Mabini,2025-07-25,29.20,27.30,31.60,72.00,0.20
Mabini,2025-07-26,29.00,27.00,32.40,75.00,0.30
Mabini,2025-07-27,28.80,27.00,32.00,72.00,0.30
Mabini,2025-07-28,29.30,26.70,32.60,70.00,0.00
Mabini,2025-07-29,29.60,27.60,32.50,68.00,0.00
Mabini,2025-07-30,29.30,27.10,32.40,72.00,0.00
Mabini,2025-07-31,29.10,25.40,33.40,72.00,0.00
Mabini,2025-08-01,28.40,24.90,31.90,78.00,13.80
Mabini,2025-08-02,28.00,23.70,33.10,82.00,0.40
Mabini,2025-08-03,27.80,24.60,33.00,83.00,16.50
Mabini,2025-08-04,27.30,23.70,33.00,87.00,7.10
Mabini,2025-08-05,27.10,24.30,31.40,83.00,1.50
Mabini,2025-08-06,27.20,24.10,32.00,80.00,0.20
Mabini,2025-08-07,27.20,23.90,32.10,80.00,0.80
Mabini,2025-08-08,27.20,24.40,31.90,81.00,2.60
Mabini,2025-08-09,27.00,23.90,32.30,87.00,21.80
Mabini,2025-08-10,26.40,23.30,32.10,88.00,18.30
Mabini,2025-08-11,25.90,23.50,32.10,91.00,23.70
Mabini,2025-08-12,25.80,23.20,29.90,89.00,6.90
Mabini,2025-08-13,26.30,23.60,30.80,85.00,7.10
Mabini,2025-08-14,25.80,23.80,29.60,91.00,7.30
Mabini,2025-08-15,26.20,23.70,30.80,88.00,1.70
Mabini,2025-08-16,26.40,22.70,31.30,85.00,2.90
Mabini,2025-08-17,26.20,23.10,31.80,88.00,2.00
Mabini,2025-08-18,25.90,23.10,31.30,91.00,13.50
Mabini,2025-08-19,25.00,23.60,27.90,96.00,29.30
Mabini,2025-08-20,26.30,22.50,30.70,84.00,0.50
Mabini,2025-08-21,26.30,23.30,30.60,86.00,3.80
Mabini,2025-08-22,26.00,23.20,30.50,87.00,15.00
Mabini,2025-08-23,26.00,22.70,30.90,85.00,1.70
Mabini,2025-08-24,25.80,23.00,29.50,85.00,1.00
Mabini,2025-08-25,26.10,24.00,29.20,85.00,0.50
Mabini,2025-08-26,26.60,22.90,30.90,79.00,4.30
Mabini,2025-08-27,26.90,23.60,31.70,83.00,4.20
Mabini,2025-08-28,28.00,23.90,32.00,70.00,0.00
Mabini,2025-08-29,27.40,24.40,31.30,76.00,0.80
Mabini,2025-08-30,25.60,24.30,28.10,90.00,6.30
Mabini,2025-08-31,26.90,24.20,30.10,78.00,0.00
Mabini,2025-09-01,27.80,24.10,32.10,71.00,0.10
Mabini,2025-09-02,28.30,25.70,32.30,73.00,0.10
Mabini,2025-09-03,27.10,24.20,31.70,84.00,1.50
Mabini,2025-09-04,26.40,24.20,31.90,91.00,30.90
Mabini,2025-09-05,26.50,24.10,31.30,89.00,12.60
Mabini,2025-09-06,26.50,23.80,30.40,88.00,11.50
Mabini,2025-09-07,25.90,23.60,31.40,92.00,13.70
Mabini,2025-09-08,25.80,23.20,29.60,91.00,4.80
Mabini,2025-09-09,26.20,22.60,31.70,89.00,18.30
Mabini,2025-09-10,25.90,23.10,31.10,92.00,33.70
Mabini,2025-09-11,26.10,22.90,31.60,90.00,8.80
Mabini,2025-09-12,26.10,23.00,30.40,90.00,3.60
Mabini,2025-09-13,27.00,24.00,31.40,84.00,1.60
Mabini,2025-09-14,26.50,24.00,30.80,88.00,4.00
Mabini,2025-09-15,26.50,24.30,30.10,86.00,0.00
Mabini,2025-09-16,26.80,25.10,29.70,84.00,1.20
Mabini,2025-09-17,27.00,24.60,31.00,85.00,6.00
Mabini,2025-09-18,26.60,23.20,30.50,85.00,0.50
Mabini,2025-09-19,27.10,23.60,31.30,80.00,0.40
Mabini,2025-09-20,28.20,24.30,33.30,76.00,0.00
Mabini,2025-09-21,28.40,25.80,32.30,76.00,1.60
Mabini,2025-09-22,28.70,25.40,33.10,73.00,0.40
Mabini,2025-09-23,28.80,25.60,32.60,67.00,0.00
Mabini,2025-09-24,29.00,25.10,34.20,65.00,0.00
Mabini,2025-09-25,28.30,24.50,33.10,66.00,0.40
Mabini,2025-09-26,28.20,24.00,32.50,67.00,0.00
Mabini,2025-09-27,27.50,22.90,34.50,76.00,6.10
Mabini,2025-09-28,27.10,23.20,33.80,83.00,3.10
Mabini,2025-09-29,26.10,23.50,30.20,90.00,7.20
Mabini,2025-09-30,27.00,23.80,31.60,82.00,2.10
Mabini,2025-10-01,26.70,22.60,32.50,80.00,2.30
Mabini,2025-10-02,27.20,23.60,33.50,81.00,4.40
Mabini,2025-10-03,26.40,23.10,32.60,86.00,10.80
Mabini,2025-10-04,26.50,22.60,32.70,86.00,5.20
Mabini,2025-10-05,27.00,23.20,32.80,83.00,7.80
Mabini,2025-10-06,26.50,23.50,31.90,87.00,11.70
Mabini,2025-10-07,26.30,23.20,30.10,85.00,4.30
Mabini,2025-10-08,26.60,23.80,30.40,83.00,8.00
Mabini,2025-10-09,27.50,24.10,31.50,77.00,0.70
Mabini,2025-10-10,26.60,23.80,29.70,80.00,1.00
Mabini,2025-10-11,26.80,24.10,31.70,85.00,6.00
Mabini,2025-10-12,27.50,23.00,33.70,82.00,4.80
Mabini,2025-10-13,26.20,24.20,30.90,90.00,15.20
Mabini,2025-10-14,26.60,23.60,32.80,86.00,15.40
Mabini,2025-10-15,26.90,23.30,32.60,85.00,5.50
Mabini,2025-10-16,27.60,23.40,32.60,83.00,2.00
Mabini,2025-10-17,27.20,24.50,32.30,86.00,5.10
Mabini,2025-10-18,28.10,24.50,32.80,78.00,0.00
Mabini,2025-10-19,28.60,25.10,33.30,73.00,0.60
Mabini,2025-10-20,28.30,24.30,34.00,79.00,2.80
Mabini,2025-10-21,27.40,24.60,32.40,85.00,1.60
Mabini,2025-10-22,26.80,23.90,32.00,88.00,15.10
Mabini,2025-10-23,27.20,23.80,32.90,87.00,14.60
Mabini,2025-10-24,27.50,24.30,33.70,84.00,21.10
Mabini,2025-10-25,26.20,23.00,32.00,89.00,9.40
Mabini,2025-10-26,25.30,24.00,26.70,96.00,21.10
Mabini,2025-10-27,26.60,23.30,30.90,86.00,0.80
Mabini,2025-10-28,26.70,23.40,31.60,82.00,0.10
Mabini,2025-10-29,26.10,23.70,29.90,89.00,8.00
Mabini,2025-10-30,26.70,24.70,31.40,86.00,4.20
Mabini,2025-10-31,27.50,24.30,31.00,80.00,1.20
Mabini,2025-11-01,27.30,23.90,33.70,81.00,4.30
Mabini,2025-11-02,27.00,22.90,33.50,83.00,3.90
Mabini,2025-11-03,26.50,23.30,32.10,85.00,6.50
Mabini,2025-11-04,27.60,24.80,31.80,80.00,1.50
Mabini,2025-11-05,28.90,24.60,34.00,70.00,0.00
Mabini,2025-11-06,28.60,25.00,34.70,71.00,1.90
Mabini,2025-11-07,27.90,24.80,33.70,77.00,2.20
Mabini,2025-11-08,27.80,23.90,32.90,78.00,4.20
Mabini,2025-11-09,28.10,24.60,32.30,77.00,0.20
Mabini,2025-11-10,29.40,25.80,33.30,67.00,0.40
Mabini,2025-11-11,28.50,25.30,34.70,75.00,0.80
Mabini,2025-11-12,27.10,23.10,32.60,84.00,1.30
Mabini,2025-11-13,26.20,24.10,31.50,90.00,14.40
Mabini,2025-11-14,25.50,23.80,29.60,94.00,19.20
Mabini,2025-11-15,26.10,23.90,30.00,92.00,13.30
Mabini,2025-11-16,25.80,24.20,29.70,94.00,8.10
Mabini,2025-11-17,26.20,23.60,31.60,91.00,17.00
Mabini,2025-11-18,25.80,23.60,29.70,92.00,10.30
Mabini,2025-11-19,25.60,23.90,29.50,94.00,10.20
Mabini,2025-11-20,26.50,23.10,31.10,86.00,0.90
Mabini,2025-11-21,26.20,23.60,30.70,85.00,3.60
Mabini,2025-11-22,27.20,23.40,32.10,83.00,14.50
Mabini,2025-11-23,26.00,23.90,29.90,91.00,4.40
Mabini,2025-11-24,26.20,24.40,28.80,88.00,4.00
Mabini,2025-11-25,27.90,25.50,31.20,80.00,2.00
Mabini,2025-11-26,28.10,24.80,32.30,83.00,0.40
Mabini,2025-11-27,27.30,24.40,32.30,86.00,12.50
Mabini,2025-11-28,27.00,24.00,32.10,87.00,1.90
Mabini,2025-11-29,26.80,23.90,32.40,89.00,6.50
Mabini,2025-11-30,27.70,24.10,32.90,80.00,4.40
Mabini,2025-12-01,25.00,24.10,26.50,95.00,36.70
Mabini,2025-12-02,26.90,23.90,31.40,78.00,0.40
Mabini,2025-12-03,27.50,23.70,32.20,77.00,0.20
Mabini,2025-12-04,27.30,23.40,32.90,78.00,2.30
Mabini,2025-12-05,26.30,23.40,32.50,88.00,4.60
Mabini,2025-12-06,26.80,23.50,32.20,84.00,4.50
Mabini,2025-12-07,26.90,24.00,30.90,84.00,7.10
Mabini,2025-12-08,26.80,24.10,32.00,88.00,5.60
Mabini,2025-12-09,27.40,24.00,32.40,83.00,3.10
Mabini,2025-12-10,27.60,24.80,31.70,78.00,2.40
Mabini,2025-12-11,27.60,24.30,33.00,82.00,2.70
Mabini,2025-12-12,27.70,23.60,33.70,76.00,0.50
Mabini,2025-12-13,27.70,24.10,33.30,72.00,0.00
Mabini,2025-12-14,27.20,24.40,31.90,81.00,1.00
Mabini,2025-12-15,25.70,23.60,29.90,91.00,9.50
Mabini,2025-12-16,26.10,22.90,30.80,87.00,1.80
Mabini,2025-12-17,25.50,23.90,29.40,93.00,10.10
Mabini,2025-12-18,25.50,23.40,28.50,93.00,7.00
Mabini,2025-12-19,25.30,23.50,27.60,94.00,10.90
Mabini,2025-12-20,26.10,23.80,30.60,90.00,19.50
Mabini,2025-12-21,25.90,23.70,30.40,93.00,22.80
Mabini,2025-12-22,26.20,23.70,30.40,91.00,5.00
Mabini,2025-12-23,25.70,23.70,28.80,95.00,17.90
Mabini,2025-12-24,26.20,24.00,30.90,91.00,15.70
Mabini,2025-12-25,26.30,23.80,31.30,89.00,4.50
Mabini,2025-12-26,27.00,23.10,32.20,82.00,0.30
Mabini,2025-12-27,26.30,23.90,31.10,90.00,31.70
Mabini,2025-12-28,26.40,24.00,30.10,88.00,2.30
Mabini,2025-12-29,26.10,23.00,30.90,91.00,18.50
Mabini,2025-12-30,26.30,24.20,30.60,91.00,20.20
Mabini,2025-12-31,26.10,23.50,30.60,89.00,9.50
Mabini,2026-01-01,26.70,23.00,31.50,86.00,6.80
Mabini,2026-01-02,25.50,23.80,30.80,95.00,25.50
Mabini,2026-01-03,26.20,22.90,30.80,88.00,3.50
Mabini,2026-01-04,25.40,24.10,28.30,95.00,26.30
Mabini,2026-01-05,26.00,23.40,29.10,87.00,1.20
Mabini,2026-01-06,27.10,23.60,32.10,81.00,3.70
Mabini,2026-01-07,26.60,23.40,31.80,88.00,2.90
Mabini,2026-01-08,27.10,23.60,31.80,82.00,0.10
Mabini,2026-01-09,26.60,23.10,32.30,84.00,4.10
Mabini,2026-01-10,25.50,22.90,29.90,92.00,6.40
Mabini,2026-01-11,26.10,23.20,30.40,87.00,0.70
Mabini,2026-01-12,26.80,23.00,31.60,80.00,0.30
Mabini,2026-01-13,25.90,23.80,29.60,84.00,1.40
Mabini,2026-01-14,26.30,23.20,30.30,81.00,1.90
Mabini,2026-01-15,27.20,25.00,29.90,73.00,0.40
Mabini,2026-01-16,27.00,24.00,33.10,78.00,1.10
Mabini,2026-01-17,27.60,23.40,32.60,72.00,0.00
Mabini,2026-01-18,27.90,22.40,33.40,70.00,0.00
Mabini,2026-01-19,27.10,23.50,32.90,81.00,3.10
Mabini,2026-01-20,26.90,23.30,31.30,79.00,0.10
Mabini,2026-01-21,27.50,24.00,31.60,69.00,0.40
Mabini,2026-01-22,26.60,23.80,31.50,73.00,0.30
Mabini,2026-01-23,26.80,24.00,30.90,68.00,0.30
Mabini,2026-01-24,26.30,23.60,31.80,75.00,4.30
Mabini,2026-01-25,25.40,22.10,29.60,80.00,9.80
Mabini,2026-01-26,27.40,24.50,31.60,74.00,0.40
Mabini,2026-01-27,27.60,23.30,32.90,77.00,0.60
Mabini,2026-01-28,26.70,23.90,30.60,78.00,3.00
Mabini,2026-01-29,27.40,23.90,31.50,65.00,0.00
Mabini,2026-01-30,26.70,23.70,32.30,68.00,0.20
Mabini,2026-01-31,27.80,23.60,34.70,67.00,9.80
Mabini,2026-02-01,26.60,22.70,32.40,83.00,0.70
Mabini,2026-02-02,27.00,22.80,32.40,78.00,1.50
Mabini,2026-02-03,25.60,24.00,29.90,88.00,6.10
Mabini,2026-02-04,26.20,23.30,29.70,79.00,0.00
Mabini,2026-02-05,24.90,23.80,26.40,91.00,29.20
Mabini,2026-02-06,27.30,23.80,31.90,82.00,0.50
Mabini,2026-02-07,28.00,24.20,32.40,75.00,4.30
Mabini,2026-02-08,26.70,23.60,31.10,83.00,0.50
Mabini,2026-02-09,27.00,23.70,31.90,81.00,2.90
Mabini,2026-02-10,26.70,23.20,31.90,83.00,1.60
Mabini,2026-02-11,26.30,23.60,31.10,88.00,5.20
Mabini,2026-02-12,26.40,23.90,31.50,84.00,7.50
Mabini,2026-02-13,25.50,23.00,29.80,90.00,5.60
Mabini,2026-02-14,26.30,21.40,32.20,80.00,1.60
Mabini,2026-02-15,26.80,22.20,33.30,76.00,0.40
Mabini,2026-02-16,27.20,23.10,32.30,75.00,1.60
Mabini,2026-02-17,27.30,23.40,32.20,74.00,0.40
Mabini,2026-02-18,24.60,23.20,25.60,96.00,16.10
Mabini,2026-02-19,24.00,22.70,26.00,98.00,58.80
Mabini,2026-02-20,23.50,22.80,24.30,97.00,82.20
Mabini,2026-02-21,25.60,23.00,30.30,89.00,10.60
Mabini,2026-02-22,24.40,23.30,26.40,98.00,30.80
Mabini,2026-02-23,25.20,22.90,30.40,93.00,52.40
Mabini,2026-02-24,25.60,23.60,29.90,94.00,16.50
Mabini,2026-02-25,25.90,23.10,30.20,89.00,10.00
Mabini,2026-02-26,25.10,23.30,29.30,93.00,9.90
Mabini,2026-02-27,26.30,22.40,31.70,82.00,0.10
Mabini,2026-02-28,25.70,23.80,29.40,85.00,6.80
Mabini,2026-03-01,26.70,22.80,31.40,82.00,1.80
Mabini,2026-03-02,26.90,22.90,32.40,83.00,1.50
Mabini,2026-03-03,26.40,23.50,30.70,81.00,0.00
Mabini,2026-03-04,26.80,23.80,30.50,81.00,1.50
Mabini,2026-03-05,26.80,24.30,30.70,80.00,0.80
Mabini,2026-03-06,27.30,24.00,31.80,74.00,0.10
Mabini,2026-03-07,26.70,23.20,31.50,79.00,1.10
Mabini,2026-03-08,26.50,23.80,32.30,85.00,20.90
Mabini,2026-03-09,24.80,23.60,28.40,95.00,25.10
Mabini,2026-03-10,25.70,23.10,29.80,85.00,1.30
Mabini,2026-03-11,26.00,23.80,30.00,80.00,0.90
Mabini,2026-03-12,26.10,23.00,30.70,77.00,2.10
Mabini,2026-03-13,26.20,23.40,30.20,74.00,0.50
Mabini,2026-03-14,25.70,23.30,29.40,69.00,0.10
Mabini,2026-03-15,25.40,21.60,30.10,68.00,0.00
Mabini,2026-03-16,25.50,21.00,31.40,72.00,0.00
Mabini,2026-03-17,26.20,21.40,31.70,72.00,0.20
Mabini,2026-03-18,26.70,22.10,32.60,74.00,0.20
Mabini,2026-03-19,26.90,23.00,32.10,77.00,1.20
Mabini,2026-03-20,26.10,22.40,31.60,80.00,5.10
Mabini,2026-03-21,25.50,22.60,29.40,87.00,2.50
Mabini,2026-03-22,26.40,22.40,31.40,79.00,1.60
Mabini,2026-03-23,27.10,22.30,32.80,70.00,0.00
Mabini,2026-03-24,27.60,22.70,32.90,73.00,0.60
Mabini,2026-03-25,28.30,23.10,34.60,70.00,1.60
Mabini,2026-03-26,24.80,23.80,25.80,96.00,22.50
Mabini,2026-03-27,26.90,22.30,32.80,81.00,3.70
Mabini,2026-03-28,27.30,23.30,32.70,72.00,0.00
Mabini,2026-03-29,27.00,21.80,33.40,65.00,0.00
Mabini,2026-03-30,27.10,22.50,33.30,67.00,0.70
Mabini,2026-03-31,27.30,21.70,33.90,70.00,0.50
Mabini,2026-04-01,27.50,22.50,33.70,76.00,4.00
Mabini,2026-04-02,28.40,23.50,34.10,70.00,1.50
Mabini,2026-04-03,28.40,23.30,34.40,67.00,0.50
Mabini,2026-04-04,27.50,24.10,33.60,76.00,3.90
Mabini,2026-04-05,28.10,23.80,34.00,76.00,0.40
Mabini,2026-04-06,28.50,23.40,34.60,69.00,1.30
Mabini,2026-04-07,27.70,24.30,33.70,78.00,1.50
Mabini,2026-04-08,27.10,23.40,33.60,83.00,7.30
Mabini,2026-04-09,27.50,22.20,34.60,75.00,0.40
Mabini,2026-04-10,27.40,22.90,34.20,75.00,28.40
Mabini,2026-04-11,27.50,23.10,33.30,75.00,8.80
Mabini,2026-04-12,27.60,23.00,33.60,76.00,1.70
Mabini,2026-04-13,27.40,21.90,34.20,73.00,2.30
Mabini,2026-04-14,27.80,22.60,34.50,72.00,0.10
Mabini,2026-04-15,27.90,23.20,34.30,74.00,0.30
Mabini,2026-04-16,27.60,22.50,34.50,73.00,1.70
Mabini,2026-04-17,27.00,23.10,33.20,77.00,2.10
Mabini,2026-04-18,27.90,23.60,34.00,75.00,0.40
Mabini,2026-04-19,27.80,22.50,34.80,74.00,11.80
Mabini,2026-04-20,27.50,22.70,34.40,77.00,1.90
Mabini,2026-04-21,27.70,23.00,33.50,77.00,2.10
Mabini,2026-04-22,27.80,22.90,32.80,76.00,1.40
Mabini,2026-04-23,27.40,23.70,32.10,83.00,5.90
Mabini,2026-04-24,28.10,23.70,33.50,77.00,3.30
Mabini,2026-04-25,28.20,23.90,34.10,77.00,3.00
Mabini,2026-04-26,27.40,24.50,32.80,83.00,13.90
Mabini,2026-04-27,27.50,24.50,33.70,87.00,3.30
Mabini,2026-04-28,27.60,23.80,32.90,80.00,3.20
Mabini,2026-04-29,28.40,22.20,34.80,66.00,0.00
Mabini,2026-04-30,27.10,23.90,33.60,84.00,16.80
Mabini,2026-05-01,25.50,24.10,30.00,96.00,39.10
Mabini,2026-05-02,25.80,23.80,30.10,94.00,33.40
Mabini,2026-05-03,26.10,23.20,31.00,91.00,25.20
Mabini,2026-05-04,26.10,23.70,30.70,94.00,14.30
Mabini,2026-05-05,27.30,23.30,33.50,86.00,9.80
Mabini,2026-05-06,27.80,24.40,32.90,84.00,2.80
Mabini,2026-05-07,26.80,24.50,31.20,92.00,13.20
Mabini,2026-05-08,26.70,24.30,31.80,93.00,30.00
Mabini,2026-05-09,26.30,24.00,31.70,92.00,16.20
Mabini,2026-05-10,26.60,24.00,31.30,93.00,29.50
Mabini,2026-05-11,27.90,24.10,32.40,86.00,3.60
Mabini,2026-05-12,28.10,24.70,32.70,84.00,6.20
Mabini,2026-05-13,28.00,25.10,32.20,86.00,1.10
Mabini,2026-05-14,28.00,24.70,32.70,85.00,4.10
Mabini,2026-05-15,27.20,24.20,31.80,92.00,19.00
Mabini,2026-05-16,26.80,24.60,30.30,94.00,20.70
Mabini,2026-05-17,27.30,24.50,31.10,87.00,19.00
Mabini,2026-05-18,26.90,24.50,30.70,91.00,16.40
Mabini,2026-05-19,26.70,24.20,31.50,93.00,33.20
Mabini,2026-05-20,27.00,23.60,32.20,89.00,9.60
Mabini,2026-05-21,27.40,24.20,32.60,89.00,6.50
Mabini,2026-05-22,26.90,24.50,32.00,92.00,17.00
Mabini,2026-05-23,25.80,24.50,28.40,98.00,46.80
Mabini,2026-05-24,26.90,23.70,31.90,90.00,15.80
Mabini,2026-05-25,27.00,24.90,31.60,92.00,22.30
Mabini,2026-05-26,27.20,23.90,32.00,88.00,11.70
Mabini,2026-05-27,27.10,24.80,31.70,91.00,7.80
Mabini,2026-05-28,27.30,24.00,32.60,89.00,3.20
Mabini,2026-05-29,27.30,24.90,31.50,90.00,4.90
Mabini,2026-05-30,28.30,25.10,32.10,81.00,0.30
Mabini,2026-05-31,27.90,25.50,32.10,82.00,3.30
